-- MySQL dump 10.13  Distrib 5.7.30, for Linux (x86_64)
--
-- Host: localhost    Database: wyadmin
-- ------------------------------------------------------
-- Server version	5.7.30-log

/*!40101 SET @OLD_CHARACTER_SET_CLIENT=@@CHARACTER_SET_CLIENT */;
/*!40101 SET @OLD_CHARACTER_SET_RESULTS=@@CHARACTER_SET_RESULTS */;
/*!40101 SET @OLD_COLLATION_CONNECTION=@@COLLATION_CONNECTION */;
/*!40101 SET NAMES utf8 */;
/*!40103 SET @OLD_TIME_ZONE=@@TIME_ZONE */;
/*!40103 SET TIME_ZONE='+00:00' */;
/*!40014 SET @OLD_UNIQUE_CHECKS=@@UNIQUE_CHECKS, UNIQUE_CHECKS=0 */;
/*!40014 SET @OLD_FOREIGN_KEY_CHECKS=@@FOREIGN_KEY_CHECKS, FOREIGN_KEY_CHECKS=0 */;
/*!40101 SET @OLD_SQL_MODE=@@SQL_MODE, SQL_MODE='NO_AUTO_VALUE_ON_ZERO' */;
/*!40111 SET @OLD_SQL_NOTES=@@SQL_NOTES, SQL_NOTES=0 */;

--
-- Table structure for table `wy_admin_config`
--

DROP TABLE IF EXISTS `wy_admin_config`;
/*!40101 SET @saved_cs_client     = @@character_set_client */;
/*!40101 SET character_set_client = utf8 */;
CREATE TABLE `wy_admin_config` (
  `id` bigint(20) unsigned NOT NULL AUTO_INCREMENT,
  `name` varchar(128) COLLATE utf8_unicode_ci NOT NULL,
  `value` json NOT NULL,
  `description` varchar(512) COLLATE utf8_unicode_ci DEFAULT NULL,
  `created_at` timestamp NULL DEFAULT NULL,
  `updated_at` timestamp NULL DEFAULT NULL,
  PRIMARY KEY (`id`),
  UNIQUE KEY `wy_admin_config_name_unique` (`name`)
) ENGINE=InnoDB AUTO_INCREMENT=13 DEFAULT CHARSET=utf8 COLLATE=utf8_unicode_ci;
/*!40101 SET character_set_client = @saved_cs_client */;

--
-- Dumping data for table `wy_admin_config`
--

LOCK TABLES `wy_admin_config` WRITE;
/*!40000 ALTER TABLE `wy_admin_config` DISABLE KEYS */;
INSERT INTO `wy_admin_config` VALUES (1,'sex','{\"1\": \"男\", \"2\": \"女\"}','性别','2020-05-08 13:20:48','2020-05-11 07:02:08'),(2,'is_vaild','{\"1\": \"启用\", \"2\": \"禁用\"}','启用禁用','2020-05-08 16:19:08','2020-05-08 16:19:46'),(3,'per_size','[\"15\"]','每页数量','2020-05-09 05:15:49','2020-05-09 05:15:49'),(4,'paystatus','{\"1\": \"未支付\", \"2\": \"已支付\"}','支付状态','2020-05-10 12:26:35','2020-05-10 12:34:48'),(5,'max_file_size','[\"30\"]','文件上传大小 最大30M','2020-05-12 02:44:38','2020-05-12 05:43:40'),(7,'file_upload_allow','[\"ppt\", \"doc\", \"pdf\", \"xls\", \"xlsx\", \"docx\", \"pptx\", \"jpg\", \"jpeg\", \"png\", \"gif\"]','文件类型','2020-05-12 05:46:44','2020-05-13 12:05:58'),(8,'img_upload_allow','[\"jpeg\", \"gif\", \"jpg\", \"png\"]','图片类型','2020-05-13 09:24:38','2020-05-13 12:06:18'),(9,'export_rows','[\"10000\"]','导出最大条数','2020-05-25 09:34:30','2020-05-25 09:34:30'),(10,'skyeye','{\"token\": \"d5f8b035-929e-477f-a978-55bbcdb6331a\", \"apiUrl\": \"http://open.api.tianyancha.com/services/open/ic/baseinfo/2.0?name=\"}','天眼查Token','2020-06-04 08:51:46','2020-06-04 08:51:46'),(11,'contract_prefix','[\"HT\"]',NULL,'2020-06-08 07:59:34','2020-06-08 08:00:50'),(12,'max_contract_template','[\"5\"]',NULL,'2020-06-22 09:18:19','2020-06-22 09:26:21');
/*!40000 ALTER TABLE `wy_admin_config` ENABLE KEYS */;
UNLOCK TABLES;

--
-- Table structure for table `wy_admin_menu`
--

DROP TABLE IF EXISTS `wy_admin_menu`;
/*!40101 SET @saved_cs_client     = @@character_set_client */;
/*!40101 SET character_set_client = utf8 */;
CREATE TABLE `wy_admin_menu` (
  `id` int(10) unsigned NOT NULL AUTO_INCREMENT,
  `parent_id` int(11) NOT NULL DEFAULT '0',
  `order` int(11) NOT NULL DEFAULT '0',
  `title` varchar(50) COLLATE utf8_unicode_ci NOT NULL,
  `icon` varchar(50) COLLATE utf8_unicode_ci NOT NULL,
  `uri` varchar(50) COLLATE utf8_unicode_ci DEFAULT NULL,
  `permission` varchar(255) COLLATE utf8_unicode_ci DEFAULT NULL,
  `created_at` timestamp NULL DEFAULT NULL,
  `updated_at` timestamp NULL DEFAULT NULL,
  PRIMARY KEY (`id`)
) ENGINE=InnoDB AUTO_INCREMENT=25 DEFAULT CHARSET=utf8 COLLATE=utf8_unicode_ci;
/*!40101 SET character_set_client = @saved_cs_client */;

--
-- Dumping data for table `wy_admin_menu`
--

LOCK TABLES `wy_admin_menu` WRITE;
/*!40000 ALTER TABLE `wy_admin_menu` DISABLE KEYS */;
INSERT INTO `wy_admin_menu` VALUES (1,0,1,'工作台','fa-bar-chart','/',NULL,NULL,'2020-04-30 07:22:45'),(2,0,11,'权限管理','fa-tasks',NULL,NULL,NULL,'2020-05-10 11:59:39'),(3,2,12,'用户','fa-users','auth/users',NULL,NULL,'2020-05-10 11:59:39'),(4,2,13,'角色','fa-user','auth/roles',NULL,NULL,'2020-05-10 11:59:39'),(5,2,14,'权限','fa-ban','auth/permissions',NULL,NULL,'2020-05-10 11:59:39'),(6,2,15,'目录配置','fa-bars','auth/menu',NULL,NULL,'2020-05-10 11:59:39'),(7,2,16,'操作日志','fa-history','auth/logs',NULL,NULL,'2020-05-10 11:59:39'),(8,0,2,'业务管理','fa-list-alt',NULL,NULL,'2020-05-03 21:13:39','2020-05-08 06:28:53'),(9,8,3,'客户管理','fa-ge','/business/company',NULL,'2020-05-03 21:19:25','2020-05-08 06:28:53'),(10,8,4,'用户管理','fa-user','/business/user',NULL,'2020-05-03 23:02:21','2020-05-08 06:28:53'),(11,8,5,'功能模块','fa-columns','/sys/module',NULL,'2020-05-04 06:54:33','2020-05-08 06:28:54'),(12,8,6,'用户角色','fa-registered','/sys/role',NULL,'2020-05-05 01:50:06','2020-05-13 01:17:51'),(13,0,17,'Log viewer','fa-database','logs',NULL,'2020-05-07 03:03:10','2020-05-10 11:59:39'),(16,17,10,'字典配置','fa-toggle-on','config',NULL,'2020-05-08 04:44:06','2020-05-10 11:59:39'),(17,0,9,'系统配置','fa-cog',NULL,NULL,'2020-05-08 06:24:03','2020-05-10 11:59:38'),(22,0,7,'订购管理','fa-shopping-cart',NULL,NULL,'2020-05-10 11:56:10','2020-05-10 11:59:38'),(23,22,8,'订单管理','fa-wpforms','/sys/order',NULL,'2020-05-10 11:59:05','2020-05-10 11:59:38'),(24,17,0,'产品管理','fa-calendar-plus-o','/sys/product',NULL,'2020-05-11 00:56:28','2020-05-11 00:56:28');
/*!40000 ALTER TABLE `wy_admin_menu` ENABLE KEYS */;
UNLOCK TABLES;

--
-- Table structure for table `wy_admin_operation_log`
--

DROP TABLE IF EXISTS `wy_admin_operation_log`;
/*!40101 SET @saved_cs_client     = @@character_set_client */;
/*!40101 SET character_set_client = utf8 */;
CREATE TABLE `wy_admin_operation_log` (
  `id` int(10) unsigned NOT NULL AUTO_INCREMENT,
  `user_id` int(11) NOT NULL,
  `path` varchar(255) COLLATE utf8_unicode_ci NOT NULL,
  `method` varchar(10) COLLATE utf8_unicode_ci NOT NULL,
  `ip` varchar(255) COLLATE utf8_unicode_ci NOT NULL,
  `input` text COLLATE utf8_unicode_ci NOT NULL,
  `created_at` timestamp NULL DEFAULT NULL,
  `updated_at` timestamp NULL DEFAULT NULL,
  PRIMARY KEY (`id`),
  KEY `admin_operation_log_user_id_index` (`user_id`)
) ENGINE=InnoDB AUTO_INCREMENT=1134 DEFAULT CHARSET=utf8 COLLATE=utf8_unicode_ci;
/*!40101 SET character_set_client = @saved_cs_client */;

--
-- Dumping data for table `wy_admin_operation_log`
--

LOCK TABLES `wy_admin_operation_log` WRITE;
/*!40000 ALTER TABLE `wy_admin_operation_log` DISABLE KEYS */;
INSERT INTO `wy_admin_operation_log` VALUES (1,1,'admin/business/company','GET','127.0.0.1','{\"_pjax\":\"#pjax-container\"}','2020-07-01 06:57:30','2020-07-01 06:57:30'),(2,1,'admin/sys/order','GET','127.0.0.1','{\"_pjax\":\"#pjax-container\"}','2020-07-01 06:57:46','2020-07-01 06:57:46'),(3,1,'admin/logs','GET','127.0.0.1','{\"_pjax\":\"#pjax-container\"}','2020-07-01 10:18:06','2020-07-01 10:18:06'),(4,1,'admin/logs','GET','127.0.0.1','{\"_pjax\":\"#pjax-container\"}','2020-07-01 10:18:07','2020-07-01 10:18:07'),(5,1,'admin/logs','GET','127.0.0.1','{\"_pjax\":\"#pjax-container\"}','2020-07-01 10:18:35','2020-07-01 10:18:35'),(6,2,'admin','GET','127.0.0.1','[]','2020-07-01 12:45:37','2020-07-01 12:45:37'),(7,1,'admin/logs','GET','127.0.0.1','{\"_pjax\":\"#pjax-container\"}','2020-07-01 13:56:07','2020-07-01 13:56:07'),(8,2,'admin','GET','127.0.0.1','[]','2020-07-01 14:57:26','2020-07-01 14:57:26'),(9,1,'admin/logs','GET','127.0.0.1','{\"_pjax\":\"#pjax-container\"}','2020-07-02 06:29:34','2020-07-02 06:29:34'),(10,1,'admin/logs','GET','127.0.0.1','{\"_pjax\":\"#pjax-container\"}','2020-07-02 07:28:30','2020-07-02 07:28:30'),(11,1,'admin/logs','GET','127.0.0.1','{\"_pjax\":\"#pjax-container\"}','2020-07-02 07:28:39','2020-07-02 07:28:39'),(12,1,'admin/logs','GET','127.0.0.1','{\"_pjax\":\"#pjax-container\"}','2020-07-02 07:32:47','2020-07-02 07:32:47'),(13,1,'admin/logs','GET','127.0.0.1','{\"_pjax\":\"#pjax-container\"}','2020-07-02 07:40:27','2020-07-02 07:40:27'),(14,1,'admin/logs','GET','127.0.0.1','{\"_pjax\":\"#pjax-container\"}','2020-07-02 08:08:37','2020-07-02 08:08:37'),(15,1,'admin/logs','GET','127.0.0.1','{\"_pjax\":\"#pjax-container\"}','2020-07-02 08:51:33','2020-07-02 08:51:33'),(16,1,'admin/logs','GET','127.0.0.1','{\"_pjax\":\"#pjax-container\"}','2020-07-02 09:58:44','2020-07-02 09:58:44'),(17,1,'admin/logs','GET','127.0.0.1','{\"_pjax\":\"#pjax-container\"}','2020-07-02 10:00:07','2020-07-02 10:00:07'),(18,1,'admin/logs','GET','127.0.0.1','{\"_pjax\":\"#pjax-container\"}','2020-07-02 10:01:13','2020-07-02 10:01:13'),(19,1,'admin/logs','GET','127.0.0.1','{\"_pjax\":\"#pjax-container\"}','2020-07-02 10:02:13','2020-07-02 10:02:13'),(20,1,'admin/logs','GET','127.0.0.1','{\"_pjax\":\"#pjax-container\"}','2020-07-02 10:02:53','2020-07-02 10:02:53'),(21,1,'admin/logs','GET','127.0.0.1','{\"_pjax\":\"#pjax-container\"}','2020-07-02 10:04:36','2020-07-02 10:04:36'),(22,1,'admin/logs','GET','127.0.0.1','{\"_pjax\":\"#pjax-container\"}','2020-07-02 10:05:14','2020-07-02 10:05:14'),(23,1,'admin/logs','GET','127.0.0.1','{\"_pjax\":\"#pjax-container\"}','2020-07-02 10:05:20','2020-07-02 10:05:20'),(24,1,'admin/logs','GET','127.0.0.1','{\"_pjax\":\"#pjax-container\"}','2020-07-02 10:06:16','2020-07-02 10:06:16'),(25,1,'admin/logs','GET','127.0.0.1','{\"_pjax\":\"#pjax-container\"}','2020-07-02 10:06:43','2020-07-02 10:06:43'),(26,1,'admin/logs','GET','127.0.0.1','{\"_pjax\":\"#pjax-container\"}','2020-07-02 10:07:33','2020-07-02 10:07:33'),(27,1,'admin/logs','GET','127.0.0.1','{\"_pjax\":\"#pjax-container\"}','2020-07-02 10:07:45','2020-07-02 10:07:45'),(28,1,'admin/logs','GET','127.0.0.1','{\"_pjax\":\"#pjax-container\"}','2020-07-02 10:07:55','2020-07-02 10:07:55'),(29,1,'admin/logs','GET','127.0.0.1','{\"_pjax\":\"#pjax-container\"}','2020-07-02 10:08:50','2020-07-02 10:08:50'),(30,2,'admin','GET','127.0.0.1','[]','2020-07-02 12:44:30','2020-07-02 12:44:30'),(31,1,'admin/logs','GET','127.0.0.1','{\"_pjax\":\"#pjax-container\"}','2020-07-02 13:10:33','2020-07-02 13:10:33'),(32,1,'admin/logs','GET','127.0.0.1','{\"_pjax\":\"#pjax-container\"}','2020-07-02 16:06:55','2020-07-02 16:06:55'),(33,1,'admin/logs','GET','127.0.0.1','{\"_pjax\":\"#pjax-container\"}','2020-07-02 16:07:53','2020-07-02 16:07:53'),(34,1,'admin/logs','GET','127.0.0.1','{\"_pjax\":\"#pjax-container\"}','2020-07-03 03:03:59','2020-07-03 03:03:59'),(35,1,'admin/logs','GET','127.0.0.1','{\"_pjax\":\"#pjax-container\"}','2020-07-03 03:04:41','2020-07-03 03:04:41'),(36,1,'admin/logs','GET','127.0.0.1','{\"_pjax\":\"#pjax-container\"}','2020-07-03 03:05:15','2020-07-03 03:05:15'),(37,1,'admin/logs','GET','127.0.0.1','{\"_pjax\":\"#pjax-container\"}','2020-07-03 03:05:41','2020-07-03 03:05:41'),(38,1,'admin','GET','127.0.0.1','[]','2020-07-03 06:29:57','2020-07-03 06:29:57'),(39,1,'admin/logs','GET','127.0.0.1','[]','2020-07-03 06:30:00','2020-07-03 06:30:00'),(40,1,'admin/logs','GET','127.0.0.1','{\"_pjax\":\"#pjax-container\"}','2020-07-03 06:30:04','2020-07-03 06:30:04'),(41,1,'admin/logs','GET','127.0.0.1','{\"_pjax\":\"#pjax-container\"}','2020-07-03 06:30:06','2020-07-03 06:30:06'),(42,1,'admin/logs','GET','127.0.0.1','{\"_pjax\":\"#pjax-container\"}','2020-07-03 06:31:15','2020-07-03 06:31:15'),(43,1,'admin/logs','GET','127.0.0.1','{\"_pjax\":\"#pjax-container\"}','2020-07-03 06:31:17','2020-07-03 06:31:17'),(44,1,'admin/logs','GET','127.0.0.1','{\"_pjax\":\"#pjax-container\"}','2020-07-03 06:31:19','2020-07-03 06:31:19'),(45,1,'admin/logs','GET','127.0.0.1','{\"_pjax\":\"#pjax-container\"}','2020-07-03 06:32:01','2020-07-03 06:32:01'),(46,1,'admin/logs','GET','127.0.0.1','{\"_pjax\":\"#pjax-container\"}','2020-07-03 06:32:20','2020-07-03 06:32:20'),(47,1,'admin/config','GET','127.0.0.1','{\"_pjax\":\"#pjax-container\"}','2020-07-03 07:19:36','2020-07-03 07:19:36'),(48,1,'admin/config/create','GET','127.0.0.1','{\"_pjax\":\"#pjax-container\"}','2020-07-03 07:19:43','2020-07-03 07:19:43'),(49,1,'admin/config','POST','127.0.0.1','{\"name\":\"msg_revoke_time\",\"value\":{\"keys\":[\"0\"],\"values\":[\"30\"]},\"description\":null,\"_token\":\"WvmibBjHtwgiY94OP4Unx7vO1P4mVsGUnpXFGjcJ\",\"_previous_\":\"http:\\/\\/127.0.0.1\\/admin\\/config\"}','2020-07-03 07:20:50','2020-07-03 07:20:50'),(50,1,'admin/config','GET','127.0.0.1','[]','2020-07-03 07:20:50','2020-07-03 07:20:50'),(51,1,'admin/config/13/edit','GET','127.0.0.1','{\"_pjax\":\"#pjax-container\"}','2020-07-03 07:21:01','2020-07-03 07:21:01'),(52,1,'admin/config/13','PUT','127.0.0.1','{\"name\":\"msg_revoke\",\"value\":{\"keys\":[\"revoke_time\"],\"values\":[\"30\"]},\"description\":null,\"_token\":\"WvmibBjHtwgiY94OP4Unx7vO1P4mVsGUnpXFGjcJ\",\"_method\":\"PUT\",\"_previous_\":\"http:\\/\\/127.0.0.1\\/admin\\/config\"}','2020-07-03 07:21:14','2020-07-03 07:21:14'),(53,1,'admin/config','GET','127.0.0.1','[]','2020-07-03 07:21:15','2020-07-03 07:21:15'),(54,1,'admin/config/13/edit','GET','127.0.0.1','{\"_pjax\":\"#pjax-container\"}','2020-07-03 07:22:22','2020-07-03 07:22:22'),(55,1,'admin/config/13','PUT','127.0.0.1','{\"name\":\"msg_revoke\",\"value\":{\"keys\":[\"time\"],\"values\":[\"30\"]},\"description\":null,\"_token\":\"WvmibBjHtwgiY94OP4Unx7vO1P4mVsGUnpXFGjcJ\",\"_method\":\"PUT\",\"_previous_\":\"http:\\/\\/127.0.0.1\\/admin\\/config\"}','2020-07-03 07:22:34','2020-07-03 07:22:34'),(56,1,'admin/config','GET','127.0.0.1','[]','2020-07-03 07:22:34','2020-07-03 07:22:34'),(57,1,'admin/logs','GET','127.0.0.1','{\"_pjax\":\"#pjax-container\"}','2020-07-03 07:38:54','2020-07-03 07:38:54'),(58,1,'admin/logs','GET','127.0.0.1','{\"_pjax\":\"#pjax-container\"}','2020-07-03 07:40:49','2020-07-03 07:40:49'),(59,1,'admin/logs','GET','127.0.0.1','{\"_pjax\":\"#pjax-container\"}','2020-07-03 13:04:28','2020-07-03 13:04:28'),(60,1,'admin/logs','GET','127.0.0.1','{\"_pjax\":\"#pjax-container\"}','2020-07-03 13:04:55','2020-07-03 13:04:55'),(61,1,'admin/logs','GET','127.0.0.1','{\"_pjax\":\"#pjax-container\"}','2020-07-03 13:05:06','2020-07-03 13:05:06'),(62,1,'admin/logs','GET','127.0.0.1','{\"_pjax\":\"#pjax-container\"}','2020-07-03 13:05:13','2020-07-03 13:05:13'),(63,1,'admin/logs','GET','127.0.0.1','{\"_pjax\":\"#pjax-container\"}','2020-07-03 13:05:53','2020-07-03 13:05:53'),(64,1,'admin/logs','GET','127.0.0.1','{\"_pjax\":\"#pjax-container\"}','2020-07-03 13:08:13','2020-07-03 13:08:13'),(65,1,'admin/logs','GET','127.0.0.1','{\"_pjax\":\"#pjax-container\"}','2020-07-03 13:10:02','2020-07-03 13:10:02'),(66,1,'admin/logs','GET','127.0.0.1','{\"_pjax\":\"#pjax-container\"}','2020-07-03 13:11:11','2020-07-03 13:11:11'),(67,1,'admin/logs','GET','127.0.0.1','{\"_pjax\":\"#pjax-container\"}','2020-07-03 13:11:33','2020-07-03 13:11:33'),(68,1,'admin/logs','GET','127.0.0.1','{\"_pjax\":\"#pjax-container\"}','2020-07-03 13:18:10','2020-07-03 13:18:10'),(69,1,'admin/logs','GET','127.0.0.1','{\"_pjax\":\"#pjax-container\"}','2020-07-03 13:28:26','2020-07-03 13:28:26'),(70,1,'admin/logs','GET','127.0.0.1','{\"_pjax\":\"#pjax-container\"}','2020-07-03 13:29:05','2020-07-03 13:29:05'),(71,1,'admin/logs','GET','127.0.0.1','{\"_pjax\":\"#pjax-container\"}','2020-07-03 13:29:48','2020-07-03 13:29:48'),(72,1,'admin/logs','GET','127.0.0.1','{\"_pjax\":\"#pjax-container\"}','2020-07-03 13:30:28','2020-07-03 13:30:28'),(73,1,'admin/logs','GET','127.0.0.1','{\"_pjax\":\"#pjax-container\"}','2020-07-03 13:31:51','2020-07-03 13:31:51'),(74,1,'admin/logs','GET','127.0.0.1','{\"_pjax\":\"#pjax-container\"}','2020-07-03 13:32:31','2020-07-03 13:32:31'),(75,1,'admin/logs','GET','127.0.0.1','{\"_pjax\":\"#pjax-container\"}','2020-07-03 13:33:21','2020-07-03 13:33:21'),(76,1,'admin/logs','GET','127.0.0.1','{\"_pjax\":\"#pjax-container\"}','2020-07-03 13:34:24','2020-07-03 13:34:24'),(77,1,'admin/logs','GET','127.0.0.1','{\"_pjax\":\"#pjax-container\"}','2020-07-03 13:40:53','2020-07-03 13:40:53'),(78,1,'admin/logs','GET','127.0.0.1','{\"_pjax\":\"#pjax-container\"}','2020-07-03 13:41:56','2020-07-03 13:41:56'),(79,1,'admin/logs','GET','127.0.0.1','{\"_pjax\":\"#pjax-container\"}','2020-07-03 13:51:52','2020-07-03 13:51:52'),(80,1,'admin/logs','GET','127.0.0.1','{\"_pjax\":\"#pjax-container\"}','2020-07-03 14:15:45','2020-07-03 14:15:45'),(81,1,'admin/logs','GET','127.0.0.1','{\"_pjax\":\"#pjax-container\"}','2020-07-03 14:44:54','2020-07-03 14:44:54'),(82,1,'admin','GET','1.88.108.132','[]','2020-07-03 15:30:28','2020-07-03 15:30:28'),(83,1,'admin/logs','GET','1.88.108.132','{\"_pjax\":\"#pjax-container\"}','2020-07-03 15:30:31','2020-07-03 15:30:31'),(84,1,'admin/logs','GET','1.88.108.132','{\"_pjax\":\"#pjax-container\"}','2020-07-03 15:31:52','2020-07-03 15:31:52'),(85,1,'admin/logs','GET','1.88.108.132','[]','2020-07-04 04:47:15','2020-07-04 04:47:15'),(86,1,'admin/logs','GET','1.88.108.132','{\"_pjax\":\"#pjax-container\"}','2020-07-04 04:47:18','2020-07-04 04:47:18'),(87,1,'admin/logs','GET','1.88.108.132','[]','2020-07-04 04:47:21','2020-07-04 04:47:21'),(88,1,'admin/logs','GET','127.0.0.1','[]','2020-07-04 06:40:21','2020-07-04 06:40:21'),(89,1,'admin/logs','GET','127.0.0.1','{\"_pjax\":\"#pjax-container\"}','2020-07-04 07:07:40','2020-07-04 07:07:40'),(90,1,'admin/logs','GET','1.88.108.132','[]','2020-07-04 08:15:26','2020-07-04 08:15:26'),(91,1,'admin/logs','GET','1.88.108.132','{\"_pjax\":\"#pjax-container\"}','2020-07-04 08:16:50','2020-07-04 08:16:50'),(92,1,'admin/logs','GET','127.0.0.1','[]','2020-07-04 08:59:23','2020-07-04 08:59:23'),(93,1,'admin/logs','GET','127.0.0.1','{\"_pjax\":\"#pjax-container\"}','2020-07-04 12:34:51','2020-07-04 12:34:51'),(94,1,'admin/logs','GET','1.88.108.132','[]','2020-07-04 12:46:25','2020-07-04 12:46:25'),(95,1,'admin/logs','GET','127.0.0.1','[]','2020-07-04 12:46:45','2020-07-04 12:46:45'),(96,1,'admin/logs','GET','127.0.0.1','{\"_pjax\":\"#pjax-container\"}','2020-07-04 12:52:18','2020-07-04 12:52:18'),(97,1,'admin/logs','GET','127.0.0.1','{\"_pjax\":\"#pjax-container\"}','2020-07-04 12:53:15','2020-07-04 12:53:15'),(98,1,'admin/logs','GET','127.0.0.1','{\"_pjax\":\"#pjax-container\"}','2020-07-04 12:53:41','2020-07-04 12:53:41'),(99,1,'admin/logs','GET','127.0.0.1','{\"_pjax\":\"#pjax-container\"}','2020-07-04 12:56:14','2020-07-04 12:56:14'),(100,1,'admin/logs','GET','127.0.0.1','{\"_pjax\":\"#pjax-container\"}','2020-07-04 12:58:08','2020-07-04 12:58:08'),(101,1,'admin/logs','GET','127.0.0.1','{\"_pjax\":\"#pjax-container\"}','2020-07-04 13:03:28','2020-07-04 13:03:28'),(102,1,'admin/logs','GET','127.0.0.1','{\"_pjax\":\"#pjax-container\"}','2020-07-04 13:35:35','2020-07-04 13:35:35'),(103,1,'admin/logs','GET','127.0.0.1','{\"_pjax\":\"#pjax-container\"}','2020-07-04 13:35:58','2020-07-04 13:35:58'),(104,1,'admin/logs','GET','127.0.0.1','{\"_pjax\":\"#pjax-container\"}','2020-07-04 13:36:18','2020-07-04 13:36:18'),(105,1,'admin/logs','GET','127.0.0.1','{\"_pjax\":\"#pjax-container\"}','2020-07-04 13:37:31','2020-07-04 13:37:31'),(106,1,'admin/logs','GET','127.0.0.1','{\"_pjax\":\"#pjax-container\"}','2020-07-04 13:37:45','2020-07-04 13:37:45'),(107,1,'admin/logs','GET','127.0.0.1','{\"_pjax\":\"#pjax-container\"}','2020-07-04 13:38:49','2020-07-04 13:38:49'),(108,1,'admin/logs','GET','127.0.0.1','{\"_pjax\":\"#pjax-container\"}','2020-07-04 13:39:16','2020-07-04 13:39:16'),(109,1,'admin/logs','GET','127.0.0.1','{\"_pjax\":\"#pjax-container\"}','2020-07-04 13:40:53','2020-07-04 13:40:53'),(110,1,'admin/logs','GET','127.0.0.1','{\"_pjax\":\"#pjax-container\"}','2020-07-04 13:43:13','2020-07-04 13:43:13'),(111,1,'admin/logs','GET','127.0.0.1','{\"_pjax\":\"#pjax-container\"}','2020-07-04 13:53:46','2020-07-04 13:53:46'),(112,1,'admin/logs','GET','127.0.0.1','{\"_pjax\":\"#pjax-container\"}','2020-07-04 13:55:18','2020-07-04 13:55:18'),(113,1,'admin/logs','GET','127.0.0.1','{\"_pjax\":\"#pjax-container\"}','2020-07-04 14:01:05','2020-07-04 14:01:05'),(114,1,'admin/logs','GET','127.0.0.1','{\"_pjax\":\"#pjax-container\"}','2020-07-04 14:15:17','2020-07-04 14:15:17'),(115,1,'admin/logs','GET','127.0.0.1','{\"_pjax\":\"#pjax-container\"}','2020-07-04 14:28:55','2020-07-04 14:28:55'),(116,1,'admin/logs','GET','127.0.0.1','{\"_pjax\":\"#pjax-container\"}','2020-07-04 14:29:29','2020-07-04 14:29:29'),(117,1,'admin','GET','1.88.108.132','[]','2020-07-04 16:17:50','2020-07-04 16:17:50'),(118,1,'admin/logs','GET','1.88.108.132','{\"_pjax\":\"#pjax-container\"}','2020-07-04 16:17:53','2020-07-04 16:17:53'),(119,1,'admin/logs','GET','1.88.108.132','{\"_pjax\":\"#pjax-container\"}','2020-07-04 16:18:41','2020-07-04 16:18:41'),(120,1,'admin/logs','GET','127.0.0.1','{\"_pjax\":\"#pjax-container\"}','2020-07-05 01:05:56','2020-07-05 01:05:56'),(121,1,'admin/logs','GET','127.0.0.1','{\"_pjax\":\"#pjax-container\"}','2020-07-05 01:08:28','2020-07-05 01:08:28'),(122,1,'admin/logs','GET','127.0.0.1','{\"_pjax\":\"#pjax-container\"}','2020-07-05 01:08:30','2020-07-05 01:08:30'),(123,1,'admin/logs','GET','127.0.0.1','{\"_pjax\":\"#pjax-container\"}','2020-07-05 01:08:32','2020-07-05 01:08:32'),(124,1,'admin/logs','GET','127.0.0.1','{\"_pjax\":\"#pjax-container\"}','2020-07-05 01:08:35','2020-07-05 01:08:35'),(125,1,'admin/logs','GET','127.0.0.1','{\"_pjax\":\"#pjax-container\"}','2020-07-05 01:08:35','2020-07-05 01:08:35'),(126,1,'admin/logs','GET','127.0.0.1','{\"_pjax\":\"#pjax-container\"}','2020-07-05 01:08:36','2020-07-05 01:08:36'),(127,1,'admin/logs','GET','127.0.0.1','{\"_pjax\":\"#pjax-container\"}','2020-07-05 01:08:38','2020-07-05 01:08:38'),(128,1,'admin/logs','GET','127.0.0.1','{\"_pjax\":\"#pjax-container\"}','2020-07-05 01:09:00','2020-07-05 01:09:00'),(129,1,'admin/logs','GET','127.0.0.1','{\"_pjax\":\"#pjax-container\"}','2020-07-05 01:09:35','2020-07-05 01:09:35'),(130,1,'admin/logs','GET','127.0.0.1','{\"_pjax\":\"#pjax-container\"}','2020-07-05 01:12:10','2020-07-05 01:12:10'),(131,1,'admin/logs','GET','127.0.0.1','{\"_pjax\":\"#pjax-container\"}','2020-07-05 01:12:34','2020-07-05 01:12:34'),(132,1,'admin/logs','GET','127.0.0.1','{\"_pjax\":\"#pjax-container\"}','2020-07-05 01:19:22','2020-07-05 01:19:22'),(133,1,'admin/logs','GET','1.88.108.132','{\"_pjax\":\"#pjax-container\"}','2020-07-05 02:21:34','2020-07-05 02:21:34'),(134,1,'admin/logs','GET','127.0.0.1','{\"_pjax\":\"#pjax-container\"}','2020-07-05 02:48:02','2020-07-05 02:48:02'),(135,1,'admin/logs','GET','127.0.0.1','{\"_pjax\":\"#pjax-container\"}','2020-07-05 03:05:58','2020-07-05 03:05:58'),(136,1,'admin/logs','GET','127.0.0.1','{\"_pjax\":\"#pjax-container\"}','2020-07-05 03:16:19','2020-07-05 03:16:19'),(137,1,'admin/logs','GET','127.0.0.1','{\"_pjax\":\"#pjax-container\"}','2020-07-05 05:54:23','2020-07-05 05:54:23'),(138,1,'admin','GET','1.88.108.132','[]','2020-07-05 06:01:01','2020-07-05 06:01:01'),(139,1,'admin/logs','GET','127.0.0.1','{\"_pjax\":\"#pjax-container\"}','2020-07-05 06:09:53','2020-07-05 06:09:53'),(140,1,'admin/logs','GET','127.0.0.1','{\"_pjax\":\"#pjax-container\"}','2020-07-05 06:17:23','2020-07-05 06:17:23'),(141,1,'admin/logs','GET','127.0.0.1','{\"_pjax\":\"#pjax-container\"}','2020-07-05 06:19:58','2020-07-05 06:19:58'),(142,1,'admin/logs','GET','127.0.0.1','{\"_pjax\":\"#pjax-container\"}','2020-07-05 06:21:25','2020-07-05 06:21:25'),(143,1,'admin/logs','GET','127.0.0.1','{\"_pjax\":\"#pjax-container\"}','2020-07-05 06:22:24','2020-07-05 06:22:24'),(144,1,'admin/logs','GET','127.0.0.1','{\"_pjax\":\"#pjax-container\"}','2020-07-05 06:23:10','2020-07-05 06:23:10'),(145,1,'admin/logs','GET','127.0.0.1','{\"_pjax\":\"#pjax-container\"}','2020-07-05 06:23:39','2020-07-05 06:23:39'),(146,1,'admin/logs','GET','127.0.0.1','{\"_pjax\":\"#pjax-container\"}','2020-07-05 06:24:59','2020-07-05 06:24:59'),(147,1,'admin/logs','GET','127.0.0.1','{\"_pjax\":\"#pjax-container\"}','2020-07-05 06:52:18','2020-07-05 06:52:18'),(148,1,'admin/logs','GET','127.0.0.1','{\"_pjax\":\"#pjax-container\"}','2020-07-05 07:25:53','2020-07-05 07:25:53'),(149,1,'admin/logs','GET','127.0.0.1','{\"_pjax\":\"#pjax-container\"}','2020-07-05 15:28:06','2020-07-05 15:28:06'),(150,1,'admin/logs','GET','127.0.0.1','{\"_pjax\":\"#pjax-container\"}','2020-07-05 15:31:49','2020-07-05 15:31:49'),(151,1,'admin/logs','GET','127.0.0.1','{\"_pjax\":\"#pjax-container\"}','2020-07-05 15:33:10','2020-07-05 15:33:10'),(152,1,'admin/logs','GET','127.0.0.1','{\"_pjax\":\"#pjax-container\"}','2020-07-05 15:36:06','2020-07-05 15:36:06'),(153,1,'admin','GET','127.0.0.1','[]','2020-07-06 02:00:38','2020-07-06 02:00:38'),(154,1,'admin/logs','GET','127.0.0.1','{\"_pjax\":\"#pjax-container\"}','2020-07-06 02:00:40','2020-07-06 02:00:40'),(155,1,'admin/logs','GET','127.0.0.1','{\"_pjax\":\"#pjax-container\"}','2020-07-06 02:33:39','2020-07-06 02:33:39'),(156,1,'admin','GET','127.0.0.1','[]','2020-07-06 07:14:51','2020-07-06 07:14:51'),(157,1,'admin/logs','GET','127.0.0.1','{\"_pjax\":\"#pjax-container\"}','2020-07-06 07:14:55','2020-07-06 07:14:55'),(158,1,'admin/logs','GET','127.0.0.1','{\"_pjax\":\"#pjax-container\"}','2020-07-06 07:34:56','2020-07-06 07:34:56'),(159,1,'admin/logs','GET','127.0.0.1','{\"_pjax\":\"#pjax-container\"}','2020-07-06 07:53:22','2020-07-06 07:53:22'),(160,1,'admin/logs','GET','127.0.0.1','{\"_pjax\":\"#pjax-container\"}','2020-07-06 07:54:59','2020-07-06 07:54:59'),(161,1,'admin/logs','GET','127.0.0.1','{\"_pjax\":\"#pjax-container\"}','2020-07-06 07:55:50','2020-07-06 07:55:50'),(162,1,'admin/logs','GET','127.0.0.1','{\"_pjax\":\"#pjax-container\"}','2020-07-06 07:56:22','2020-07-06 07:56:22'),(163,1,'admin/logs','GET','1.88.108.132','[]','2020-07-06 09:03:28','2020-07-06 09:03:28'),(164,1,'admin/logs','GET','1.88.108.132','{\"_pjax\":\"#pjax-container\"}','2020-07-06 09:03:30','2020-07-06 09:03:30'),(165,1,'admin/logs','GET','1.88.108.132','{\"_pjax\":\"#pjax-container\"}','2020-07-06 10:32:46','2020-07-06 10:32:46'),(166,1,'admin/logs','GET','1.88.108.132','{\"_pjax\":\"#pjax-container\"}','2020-07-06 10:32:50','2020-07-06 10:32:50'),(167,1,'admin/logs','GET','127.0.0.1','{\"_pjax\":\"#pjax-container\"}','2020-07-06 11:14:57','2020-07-06 11:14:57'),(168,1,'admin/logs','GET','127.0.0.1','{\"_pjax\":\"#pjax-container\"}','2020-07-06 11:15:41','2020-07-06 11:15:41'),(169,1,'admin/logs','GET','127.0.0.1','{\"_pjax\":\"#pjax-container\"}','2020-07-06 11:16:37','2020-07-06 11:16:37'),(170,1,'admin/logs','GET','127.0.0.1','{\"_pjax\":\"#pjax-container\"}','2020-07-06 11:17:08','2020-07-06 11:17:08'),(171,1,'admin','GET','127.0.0.1','[]','2020-07-06 11:21:00','2020-07-06 11:21:00'),(172,1,'admin/logs','GET','127.0.0.1','{\"_pjax\":\"#pjax-container\"}','2020-07-06 11:21:03','2020-07-06 11:21:03'),(173,1,'admin/business/company','GET','127.0.0.1','{\"_pjax\":\"#pjax-container\"}','2020-07-06 11:21:11','2020-07-06 11:21:11'),(174,1,'admin/business/company/1/edit','GET','127.0.0.1','{\"_pjax\":\"#pjax-container\"}','2020-07-06 11:21:16','2020-07-06 11:21:16'),(175,1,'admin/logs','GET','127.0.0.1','{\"_pjax\":\"#pjax-container\"}','2020-07-06 11:25:51','2020-07-06 11:25:51'),(176,1,'admin/logs','GET','127.0.0.1','{\"_pjax\":\"#pjax-container\"}','2020-07-06 11:25:53','2020-07-06 11:25:53'),(177,1,'admin/logs','GET','127.0.0.1','{\"_pjax\":\"#pjax-container\"}','2020-07-06 11:26:13','2020-07-06 11:26:13'),(178,1,'admin/logs','GET','127.0.0.1','{\"_pjax\":\"#pjax-container\"}','2020-07-06 11:29:03','2020-07-06 11:29:03'),(179,1,'admin/business/company','GET','127.0.0.1','{\"_pjax\":\"#pjax-container\"}','2020-07-06 11:34:17','2020-07-06 11:34:17'),(180,1,'admin/business/company/2/edit','GET','127.0.0.1','{\"_pjax\":\"#pjax-container\"}','2020-07-06 11:34:22','2020-07-06 11:34:22'),(181,1,'admin/business/company','GET','127.0.0.1','{\"_pjax\":\"#pjax-container\"}','2020-07-06 11:34:28','2020-07-06 11:34:28'),(182,1,'admin/business/company/1/edit','GET','127.0.0.1','{\"_pjax\":\"#pjax-container\"}','2020-07-06 11:35:25','2020-07-06 11:35:25'),(183,1,'admin/business/company','GET','127.0.0.1','{\"_pjax\":\"#pjax-container\"}','2020-07-06 11:35:38','2020-07-06 11:35:38'),(184,1,'admin/business/company/create','GET','127.0.0.1','{\"_pjax\":\"#pjax-container\"}','2020-07-06 11:35:44','2020-07-06 11:35:44'),(185,1,'admin/business/company','GET','127.0.0.1','{\"_pjax\":\"#pjax-container\"}','2020-07-06 11:35:55','2020-07-06 11:35:55'),(186,1,'admin/business/user','GET','127.0.0.1','{\"_pjax\":\"#pjax-container\"}','2020-07-06 11:36:37','2020-07-06 11:36:37'),(187,1,'admin/business/company','GET','127.0.0.1','{\"_pjax\":\"#pjax-container\"}','2020-07-06 11:38:04','2020-07-06 11:38:04'),(188,1,'admin/sys/module','GET','127.0.0.1','{\"_pjax\":\"#pjax-container\"}','2020-07-06 11:38:06','2020-07-06 11:38:06'),(189,1,'admin/business/company','GET','127.0.0.1','{\"_pjax\":\"#pjax-container\"}','2020-07-06 11:38:13','2020-07-06 11:38:13'),(190,1,'admin/business/company/1/edit','GET','127.0.0.1','{\"_pjax\":\"#pjax-container\"}','2020-07-06 11:38:17','2020-07-06 11:38:17'),(191,1,'admin/logs','GET','127.0.0.1','{\"_pjax\":\"#pjax-container\"}','2020-07-06 13:23:27','2020-07-06 13:23:27'),(192,1,'admin/logs','GET','127.0.0.1','{\"_pjax\":\"#pjax-container\"}','2020-07-06 13:23:51','2020-07-06 13:23:51'),(193,1,'admin','GET','1.88.108.132','[]','2020-07-06 13:26:49','2020-07-06 13:26:49'),(194,1,'admin/logs','GET','1.88.108.132','{\"_pjax\":\"#pjax-container\"}','2020-07-06 13:26:51','2020-07-06 13:26:51'),(195,1,'admin/logs','GET','1.88.108.132','{\"_pjax\":\"#pjax-container\"}','2020-07-06 13:26:53','2020-07-06 13:26:53'),(196,1,'admin/logs','GET','1.88.108.132','{\"_pjax\":\"#pjax-container\"}','2020-07-06 13:27:02','2020-07-06 13:27:02'),(197,1,'admin/logs','GET','1.88.108.132','{\"_pjax\":\"#pjax-container\"}','2020-07-06 13:27:05','2020-07-06 13:27:05'),(198,1,'admin/logs','GET','1.88.108.132','{\"_pjax\":\"#pjax-container\"}','2020-07-06 13:27:10','2020-07-06 13:27:10'),(199,1,'admin/auth/users','GET','1.88.108.132','{\"_pjax\":\"#pjax-container\"}','2020-07-06 13:27:12','2020-07-06 13:27:12'),(200,1,'admin/logs','GET','1.88.108.132','{\"_pjax\":\"#pjax-container\"}','2020-07-06 13:27:13','2020-07-06 13:27:13'),(201,1,'admin/logs','GET','1.88.108.132','{\"_pjax\":\"#pjax-container\"}','2020-07-06 13:27:14','2020-07-06 13:27:14'),(202,1,'admin/logs','GET','1.88.108.132','{\"_pjax\":\"#pjax-container\"}','2020-07-06 13:33:15','2020-07-06 13:33:15'),(203,1,'admin/logs','GET','1.88.108.132','[]','2020-07-06 13:33:24','2020-07-06 13:33:24'),(204,1,'admin/logs','GET','1.88.108.132','{\"_pjax\":\"#pjax-container\"}','2020-07-06 13:33:25','2020-07-06 13:33:25'),(205,1,'admin/logs','GET','1.88.108.132','{\"_pjax\":\"#pjax-container\"}','2020-07-06 13:33:26','2020-07-06 13:33:26'),(206,1,'admin','GET','127.0.0.1','[]','2020-07-06 14:10:24','2020-07-06 14:10:24'),(207,1,'admin/logs','GET','127.0.0.1','[]','2020-07-06 14:10:25','2020-07-06 14:10:25'),(208,1,'admin/logs','GET','127.0.0.1','{\"_pjax\":\"#pjax-container\"}','2020-07-06 14:10:27','2020-07-06 14:10:27'),(209,1,'admin/logs','GET','1.88.108.132','{\"_pjax\":\"#pjax-container\"}','2020-07-06 15:59:28','2020-07-06 15:59:28'),(210,1,'admin/logs','GET','127.0.0.1','[]','2020-07-06 15:59:38','2020-07-06 15:59:38'),(211,1,'admin/logs','GET','127.0.0.1','{\"_pjax\":\"#pjax-container\"}','2020-07-06 16:02:08','2020-07-06 16:02:08'),(212,1,'admin/logs','GET','127.0.0.1','{\"_pjax\":\"#pjax-container\"}','2020-07-06 16:06:26','2020-07-06 16:06:26'),(213,1,'admin/logs','GET','127.0.0.1','{\"_pjax\":\"#pjax-container\"}','2020-07-06 16:11:07','2020-07-06 16:11:07'),(214,1,'admin/logs','GET','127.0.0.1','{\"_pjax\":\"#pjax-container\"}','2020-07-06 16:12:30','2020-07-06 16:12:30'),(215,1,'admin/logs','GET','127.0.0.1','{\"_pjax\":\"#pjax-container\"}','2020-07-06 16:12:36','2020-07-06 16:12:36'),(216,1,'admin/logs','GET','127.0.0.1','{\"_pjax\":\"#pjax-container\"}','2020-07-06 16:12:55','2020-07-06 16:12:55'),(217,1,'admin/logs','GET','127.0.0.1','{\"_pjax\":\"#pjax-container\"}','2020-07-06 16:14:54','2020-07-06 16:14:54'),(218,1,'admin/logs','GET','127.0.0.1','{\"_pjax\":\"#pjax-container\"}','2020-07-06 16:29:55','2020-07-06 16:29:55'),(219,1,'admin/logs','GET','127.0.0.1','{\"_pjax\":\"#pjax-container\"}','2020-07-06 16:29:58','2020-07-06 16:29:58'),(220,1,'admin/logs','GET','127.0.0.1','{\"_pjax\":\"#pjax-container\"}','2020-07-06 16:30:00','2020-07-06 16:30:00'),(221,1,'admin/logs','GET','127.0.0.1','{\"_pjax\":\"#pjax-container\"}','2020-07-06 16:30:01','2020-07-06 16:30:01'),(222,1,'admin/logs','GET','127.0.0.1','{\"_pjax\":\"#pjax-container\"}','2020-07-06 16:30:03','2020-07-06 16:30:03'),(223,1,'admin/logs','GET','127.0.0.1','{\"_pjax\":\"#pjax-container\"}','2020-07-06 16:30:55','2020-07-06 16:30:55'),(224,1,'admin/logs','GET','127.0.0.1','{\"_pjax\":\"#pjax-container\"}','2020-07-06 16:31:03','2020-07-06 16:31:03'),(225,1,'admin/logs','GET','127.0.0.1','{\"_pjax\":\"#pjax-container\"}','2020-07-06 16:31:43','2020-07-06 16:31:43'),(226,1,'admin/logs','GET','127.0.0.1','{\"_pjax\":\"#pjax-container\"}','2020-07-06 16:32:50','2020-07-06 16:32:50'),(227,1,'admin/logs','GET','127.0.0.1','{\"_pjax\":\"#pjax-container\"}','2020-07-06 16:35:21','2020-07-06 16:35:21'),(228,1,'admin/logs','GET','127.0.0.1','{\"_pjax\":\"#pjax-container\"}','2020-07-06 16:36:41','2020-07-06 16:36:41'),(229,1,'admin/logs','GET','127.0.0.1','{\"_pjax\":\"#pjax-container\"}','2020-07-06 16:37:28','2020-07-06 16:37:28'),(230,1,'admin/logs','GET','127.0.0.1','{\"_pjax\":\"#pjax-container\"}','2020-07-07 01:17:27','2020-07-07 01:17:27'),(231,1,'admin/logs','GET','127.0.0.1','{\"_pjax\":\"#pjax-container\"}','2020-07-07 01:19:28','2020-07-07 01:19:28'),(232,1,'admin/logs','GET','127.0.0.1','{\"_pjax\":\"#pjax-container\"}','2020-07-07 01:19:57','2020-07-07 01:19:57'),(233,1,'admin/logs','GET','127.0.0.1','{\"_pjax\":\"#pjax-container\"}','2020-07-07 03:21:25','2020-07-07 03:21:25'),(234,1,'admin/logs','GET','1.88.108.132','[]','2020-07-07 03:36:37','2020-07-07 03:36:37'),(235,1,'admin/logs','GET','1.88.108.132','{\"_pjax\":\"#pjax-container\"}','2020-07-07 07:29:12','2020-07-07 07:29:12'),(236,1,'admin/logs','GET','127.0.0.1','[]','2020-07-07 07:29:23','2020-07-07 07:29:23'),(237,1,'admin/logs','GET','127.0.0.1','{\"_pjax\":\"#pjax-container\"}','2020-07-07 13:56:58','2020-07-07 13:56:58'),(238,1,'admin/logs','GET','127.0.0.1','[]','2020-07-07 15:01:32','2020-07-07 15:01:32'),(239,1,'admin/logs','GET','1.88.108.132','[]','2020-07-07 15:02:20','2020-07-07 15:02:20'),(240,1,'admin/logs','GET','1.88.108.132','{\"_pjax\":\"#pjax-container\"}','2020-07-07 15:03:09','2020-07-07 15:03:09'),(241,1,'admin/logs','GET','127.0.0.1','{\"_pjax\":\"#pjax-container\"}','2020-07-07 15:04:59','2020-07-07 15:04:59'),(242,1,'admin/logs','GET','127.0.0.1','{\"_pjax\":\"#pjax-container\"}','2020-07-07 15:06:18','2020-07-07 15:06:18'),(243,1,'admin/logs','GET','127.0.0.1','{\"_pjax\":\"#pjax-container\"}','2020-07-07 15:06:21','2020-07-07 15:06:21'),(244,1,'admin/logs','GET','127.0.0.1','{\"_pjax\":\"#pjax-container\"}','2020-07-07 15:07:14','2020-07-07 15:07:14'),(245,1,'admin/logs','GET','127.0.0.1','{\"_pjax\":\"#pjax-container\"}','2020-07-07 15:08:07','2020-07-07 15:08:07'),(246,1,'admin/logs','GET','127.0.0.1','{\"_pjax\":\"#pjax-container\"}','2020-07-07 15:08:38','2020-07-07 15:08:38'),(247,1,'admin/logs','GET','127.0.0.1','{\"_pjax\":\"#pjax-container\"}','2020-07-08 03:00:03','2020-07-08 03:00:03'),(248,1,'admin/logs','GET','127.0.0.1','{\"_pjax\":\"#pjax-container\"}','2020-07-08 03:00:05','2020-07-08 03:00:05'),(249,1,'admin/logs','GET','127.0.0.1','{\"_pjax\":\"#pjax-container\"}','2020-07-08 03:00:07','2020-07-08 03:00:07'),(250,1,'admin/logs','GET','127.0.0.1','{\"_pjax\":\"#pjax-container\"}','2020-07-08 03:00:08','2020-07-08 03:00:08'),(251,1,'admin/logs','GET','127.0.0.1','{\"_pjax\":\"#pjax-container\"}','2020-07-08 03:00:08','2020-07-08 03:00:08'),(252,1,'admin/logs','GET','127.0.0.1','{\"_pjax\":\"#pjax-container\"}','2020-07-08 03:00:08','2020-07-08 03:00:08'),(253,1,'admin/logs','GET','127.0.0.1','[]','2020-07-08 03:00:10','2020-07-08 03:00:10'),(254,1,'admin/logs','GET','127.0.0.1','{\"_pjax\":\"#pjax-container\"}','2020-07-08 03:00:19','2020-07-08 03:00:19'),(255,1,'admin/logs','GET','127.0.0.1','{\"_pjax\":\"#pjax-container\"}','2020-07-08 03:00:21','2020-07-08 03:00:21'),(256,1,'admin/business/company','GET','127.0.0.1','{\"_pjax\":\"#pjax-container\"}','2020-07-08 03:00:24','2020-07-08 03:00:24'),(257,1,'admin/logs','GET','127.0.0.1','{\"_pjax\":\"#pjax-container\"}','2020-07-08 03:00:26','2020-07-08 03:00:26'),(258,1,'admin/business/company','GET','127.0.0.1','{\"_pjax\":\"#pjax-container\"}','2020-07-08 03:00:30','2020-07-08 03:00:30'),(259,1,'admin/business/company/1/edit','GET','127.0.0.1','{\"_pjax\":\"#pjax-container\"}','2020-07-08 03:00:33','2020-07-08 03:00:33'),(260,1,'admin/business/company','GET','127.0.0.1','{\"_pjax\":\"#pjax-container\"}','2020-07-08 03:02:15','2020-07-08 03:02:15'),(261,1,'admin/business/company/create','GET','127.0.0.1','{\"_pjax\":\"#pjax-container\"}','2020-07-08 03:02:17','2020-07-08 03:02:17'),(262,1,'admin/business/company','GET','127.0.0.1','{\"_pjax\":\"#pjax-container\"}','2020-07-08 03:02:41','2020-07-08 03:02:41'),(263,1,'admin/business/company/1/edit','GET','127.0.0.1','{\"_pjax\":\"#pjax-container\"}','2020-07-08 03:02:45','2020-07-08 03:02:45'),(264,1,'admin/business/company/1/edit','GET','127.0.0.1','[]','2020-07-08 03:02:55','2020-07-08 03:02:55'),(265,1,'admin/logs','GET','1.88.108.132','[]','2020-07-08 03:36:23','2020-07-08 03:36:23'),(266,1,'admin/logs','GET','1.88.108.132','{\"_pjax\":\"#pjax-container\"}','2020-07-08 03:38:03','2020-07-08 03:38:03'),(267,1,'admin/logs','GET','1.88.108.132','[]','2020-07-08 04:06:07','2020-07-08 04:06:07'),(268,1,'admin/business/company','GET','1.88.108.132','{\"_pjax\":\"#pjax-container\"}','2020-07-08 04:06:25','2020-07-08 04:06:25'),(269,1,'admin/business/company/2/edit','GET','1.88.108.132','{\"_pjax\":\"#pjax-container\"}','2020-07-08 04:06:29','2020-07-08 04:06:29'),(270,1,'admin/business/user','GET','1.88.108.132','{\"_pjax\":\"#pjax-container\"}','2020-07-08 04:06:42','2020-07-08 04:06:42'),(271,1,'admin/sys/order','GET','1.88.108.132','{\"_pjax\":\"#pjax-container\"}','2020-07-08 04:06:51','2020-07-08 04:06:51'),(272,1,'admin/sys/module','GET','1.88.108.132','{\"_pjax\":\"#pjax-container\"}','2020-07-08 04:06:54','2020-07-08 04:06:54'),(273,1,'admin/sys/role','GET','1.88.108.132','{\"_pjax\":\"#pjax-container\"}','2020-07-08 04:06:56','2020-07-08 04:06:56'),(274,1,'admin/business/company','GET','1.88.108.132','{\"_pjax\":\"#pjax-container\"}','2020-07-08 04:06:59','2020-07-08 04:06:59'),(275,1,'admin/business/user','GET','1.88.108.132','{\"_pjax\":\"#pjax-container\"}','2020-07-08 04:07:00','2020-07-08 04:07:00'),(276,1,'admin/sys/module','GET','1.88.108.132','{\"_pjax\":\"#pjax-container\"}','2020-07-08 04:07:03','2020-07-08 04:07:03'),(277,1,'admin/business/company','GET','1.88.108.132','{\"_pjax\":\"#pjax-container\"}','2020-07-08 04:07:05','2020-07-08 04:07:05'),(278,1,'admin/business/user','GET','1.88.108.132','{\"_pjax\":\"#pjax-container\"}','2020-07-08 04:07:06','2020-07-08 04:07:06'),(279,1,'admin/business/company','GET','1.88.108.132','{\"_pjax\":\"#pjax-container\"}','2020-07-08 04:07:11','2020-07-08 04:07:11'),(280,1,'admin/auth/users','GET','1.88.108.132','{\"_pjax\":\"#pjax-container\"}','2020-07-08 04:07:18','2020-07-08 04:07:18'),(281,1,'admin/auth/users','GET','1.88.108.132','{\"_pjax\":\"#pjax-container\"}','2020-07-08 04:07:22','2020-07-08 04:07:22'),(282,1,'admin/auth/roles','GET','1.88.108.132','{\"_pjax\":\"#pjax-container\"}','2020-07-08 04:07:59','2020-07-08 04:07:59'),(283,1,'admin/auth/users','GET','1.88.108.132','{\"_pjax\":\"#pjax-container\"}','2020-07-08 04:08:01','2020-07-08 04:08:01'),(284,1,'admin/logs','GET','1.88.108.132','{\"_pjax\":\"#pjax-container\"}','2020-07-08 04:08:24','2020-07-08 04:08:24'),(285,1,'admin/sys/product','GET','1.88.108.132','{\"_pjax\":\"#pjax-container\"}','2020-07-08 04:08:26','2020-07-08 04:08:26'),(286,1,'admin/config','GET','1.88.108.132','{\"_pjax\":\"#pjax-container\"}','2020-07-08 04:08:29','2020-07-08 04:08:29'),(287,1,'admin/config/13/edit','GET','1.88.108.132','{\"_pjax\":\"#pjax-container\"}','2020-07-08 04:09:57','2020-07-08 04:09:57'),(288,1,'admin/config/13','DELETE','1.88.108.132','{\"_method\":\"delete\",\"_token\":\"2zJxcSBeKDXrygyaMi6A5GzSwkEkhSfSOE3YGY9h\"}','2020-07-08 04:11:25','2020-07-08 04:11:25'),(289,1,'admin/config','GET','1.88.108.132','{\"_pjax\":\"#pjax-container\"}','2020-07-08 04:11:25','2020-07-08 04:11:25'),(290,1,'admin/logs','GET','127.0.0.1','[]','2020-07-08 04:29:25','2020-07-08 04:29:25'),(291,1,'admin/logs','GET','127.0.0.1','{\"_pjax\":\"#pjax-container\"}','2020-07-08 04:48:52','2020-07-08 04:48:52'),(292,1,'admin/logs','GET','1.88.108.132','{\"_pjax\":\"#pjax-container\"}','2020-07-08 04:48:55','2020-07-08 04:48:55'),(293,1,'admin/logs','GET','1.88.108.132','{\"_pjax\":\"#pjax-container\"}','2020-07-08 04:52:36','2020-07-08 04:52:36'),(294,1,'admin/auth/users','GET','1.88.108.132','{\"_pjax\":\"#pjax-container\"}','2020-07-08 04:52:39','2020-07-08 04:52:39'),(295,1,'admin','GET','127.0.0.1','[]','2020-07-08 04:53:52','2020-07-08 04:53:52'),(296,1,'admin/sys/product','GET','127.0.0.1','{\"_pjax\":\"#pjax-container\"}','2020-07-08 04:53:56','2020-07-08 04:53:56'),(297,1,'admin/config','GET','127.0.0.1','{\"_pjax\":\"#pjax-container\"}','2020-07-08 04:53:59','2020-07-08 04:53:59'),(298,1,'admin/auth/users','GET','1.88.108.132','[]','2020-07-08 04:54:22','2020-07-08 04:54:22'),(299,1,'admin/auth/users','GET','1.88.108.132','[]','2020-07-08 04:56:04','2020-07-08 04:56:04'),(300,1,'admin/logs','GET','127.0.0.1','{\"_pjax\":\"#pjax-container\"}','2020-07-08 07:47:14','2020-07-08 07:47:14'),(301,1,'admin/logs','GET','127.0.0.1','{\"_pjax\":\"#pjax-container\"}','2020-07-08 07:47:17','2020-07-08 07:47:17'),(302,1,'admin/logs','GET','127.0.0.1','{\"_pjax\":\"#pjax-container\"}','2020-07-08 08:39:41','2020-07-08 08:39:41'),(303,1,'admin/logs','GET','127.0.0.1','{\"_pjax\":\"#pjax-container\"}','2020-07-08 08:39:41','2020-07-08 08:39:41'),(304,1,'admin','GET','1.88.108.132','[]','2020-07-08 15:51:26','2020-07-08 15:51:26'),(305,1,'admin/business/company','GET','1.88.108.132','{\"_pjax\":\"#pjax-container\"}','2020-07-08 15:51:43','2020-07-08 15:51:43'),(306,1,'admin/business/user','GET','1.88.108.132','{\"_pjax\":\"#pjax-container\"}','2020-07-08 15:51:44','2020-07-08 15:51:44'),(307,1,'admin/sys/module','GET','1.88.108.132','{\"_pjax\":\"#pjax-container\"}','2020-07-08 15:51:45','2020-07-08 15:51:45'),(308,1,'admin/sys/role','GET','1.88.108.132','{\"_pjax\":\"#pjax-container\"}','2020-07-08 15:51:46','2020-07-08 15:51:46'),(309,1,'admin/auth/users','GET','1.88.108.132','{\"_pjax\":\"#pjax-container\"}','2020-07-08 15:51:48','2020-07-08 15:51:48'),(310,1,'admin/auth/roles','GET','1.88.108.132','{\"_pjax\":\"#pjax-container\"}','2020-07-08 15:51:49','2020-07-08 15:51:49'),(311,1,'admin/auth/permissions','GET','1.88.108.132','{\"_pjax\":\"#pjax-container\"}','2020-07-08 15:51:50','2020-07-08 15:51:50'),(312,1,'admin/auth/menu','GET','1.88.108.132','{\"_pjax\":\"#pjax-container\"}','2020-07-08 15:51:51','2020-07-08 15:51:51'),(313,1,'admin','GET','1.88.108.132','{\"_pjax\":\"#pjax-container\"}','2020-07-08 15:51:56','2020-07-08 15:51:56'),(314,1,'admin/business/company','GET','1.88.108.132','{\"_pjax\":\"#pjax-container\"}','2020-07-08 15:51:58','2020-07-08 15:51:58'),(315,1,'admin/business/user','GET','1.88.108.132','{\"_pjax\":\"#pjax-container\"}','2020-07-08 15:51:59','2020-07-08 15:51:59'),(316,1,'admin/sys/module','GET','1.88.108.132','{\"_pjax\":\"#pjax-container\"}','2020-07-08 15:52:00','2020-07-08 15:52:00'),(317,1,'admin/sys/role','GET','1.88.108.132','{\"_pjax\":\"#pjax-container\"}','2020-07-08 15:52:01','2020-07-08 15:52:01'),(318,1,'admin','GET','180.79.51.28','[]','2020-07-08 15:52:18','2020-07-08 15:52:18'),(319,1,'admin/business/company','GET','1.88.108.132','{\"_pjax\":\"#pjax-container\"}','2020-07-08 15:52:23','2020-07-08 15:52:23'),(320,1,'admin','GET','180.79.51.28','{\"_pjax\":\"#pjax-container\"}','2020-07-08 15:52:27','2020-07-08 15:52:27'),(321,1,'admin/business/company','GET','180.79.51.28','{\"_pjax\":\"#pjax-container\"}','2020-07-08 15:52:30','2020-07-08 15:52:30'),(322,1,'admin/sys/module','GET','1.88.108.132','{\"_pjax\":\"#pjax-container\"}','2020-07-08 15:52:37','2020-07-08 15:52:37'),(323,1,'admin/business/company','GET','1.88.108.132','{\"_pjax\":\"#pjax-container\"}','2020-07-08 15:52:47','2020-07-08 15:52:47'),(324,1,'admin/business/user','GET','180.79.51.28','{\"_pjax\":\"#pjax-container\"}','2020-07-08 15:52:49','2020-07-08 15:52:49'),(325,1,'admin/business/company','GET','180.79.51.28','{\"_pjax\":\"#pjax-container\"}','2020-07-08 15:52:52','2020-07-08 15:52:52'),(326,1,'admin/business/user','GET','1.88.108.132','{\"_pjax\":\"#pjax-container\"}','2020-07-08 15:53:03','2020-07-08 15:53:03'),(327,1,'admin/business/user','GET','180.79.51.28','{\"_pjax\":\"#pjax-container\"}','2020-07-08 15:53:04','2020-07-08 15:53:04'),(328,1,'admin/business/company','GET','1.88.108.132','{\"_pjax\":\"#pjax-container\"}','2020-07-08 15:53:08','2020-07-08 15:53:08'),(329,1,'admin/business/company','GET','180.79.51.28','{\"_pjax\":\"#pjax-container\"}','2020-07-08 15:53:10','2020-07-08 15:53:10'),(330,1,'admin/business/company','GET','180.79.51.28','{\"_pjax\":\"#pjax-container\"}','2020-07-08 15:53:12','2020-07-08 15:53:12'),(331,1,'admin/business/user','GET','180.79.51.28','{\"_pjax\":\"#pjax-container\"}','2020-07-08 15:53:17','2020-07-08 15:53:17'),(332,1,'admin/business/user','GET','1.88.108.132','{\"_pjax\":\"#pjax-container\"}','2020-07-08 15:53:19','2020-07-08 15:53:19'),(333,1,'admin/business/company','GET','180.79.51.28','{\"_pjax\":\"#pjax-container\"}','2020-07-08 15:53:20','2020-07-08 15:53:20'),(334,1,'admin/business/user','GET','1.88.108.132','{\"_pjax\":\"#pjax-container\"}','2020-07-08 15:53:20','2020-07-08 15:53:20'),(335,1,'admin/business/company','GET','1.88.108.132','{\"_pjax\":\"#pjax-container\"}','2020-07-08 15:53:20','2020-07-08 15:53:20'),(336,1,'admin/business/company/create','GET','180.79.51.28','{\"_pjax\":\"#pjax-container\"}','2020-07-08 15:53:22','2020-07-08 15:53:22'),(337,1,'admin/sys/order','GET','180.79.51.28','{\"_pjax\":\"#pjax-container\"}','2020-07-08 15:53:29','2020-07-08 15:53:29'),(338,1,'admin/sys/product','GET','180.79.51.28','{\"_pjax\":\"#pjax-container\"}','2020-07-08 15:53:43','2020-07-08 15:53:43'),(339,1,'admin/business/user','GET','1.88.108.132','{\"_pjax\":\"#pjax-container\"}','2020-07-08 15:53:46','2020-07-08 15:53:46'),(340,1,'admin/auth/users','GET','180.79.51.28','{\"_pjax\":\"#pjax-container\"}','2020-07-08 15:53:46','2020-07-08 15:53:46'),(341,1,'admin/business/company','GET','1.88.108.132','{\"_pjax\":\"#pjax-container\"}','2020-07-08 15:53:47','2020-07-08 15:53:47'),(342,1,'admin/logs','GET','180.79.51.28','{\"_pjax\":\"#pjax-container\"}','2020-07-08 15:53:48','2020-07-08 15:53:48'),(343,1,'admin/business/company','GET','180.79.51.28','{\"_pjax\":\"#pjax-container\"}','2020-07-08 15:53:52','2020-07-08 15:53:52'),(344,1,'admin/business/company','GET','180.79.51.28','{\"_pjax\":\"#pjax-container\"}','2020-07-08 15:53:58','2020-07-08 15:53:58'),(345,1,'admin','GET','180.79.51.28','{\"_pjax\":\"#pjax-container\"}','2020-07-08 15:54:02','2020-07-08 15:54:02'),(346,1,'admin','GET','180.79.51.28','{\"_pjax\":\"#pjax-container\"}','2020-07-08 15:54:07','2020-07-08 15:54:07'),(347,1,'admin/sys/product','GET','180.79.51.28','{\"_pjax\":\"#pjax-container\"}','2020-07-08 15:54:10','2020-07-08 15:54:10'),(348,1,'admin','GET','180.79.51.28','{\"_pjax\":\"#pjax-container\"}','2020-07-08 15:54:14','2020-07-08 15:54:14'),(349,1,'admin/business/user','GET','180.79.51.28','{\"_pjax\":\"#pjax-container\"}','2020-07-08 15:54:19','2020-07-08 15:54:19'),(350,1,'admin/business/company','GET','180.79.51.28','{\"_pjax\":\"#pjax-container\"}','2020-07-08 15:54:20','2020-07-08 15:54:20'),(351,1,'admin','GET','1.88.108.132','{\"_pjax\":\"#pjax-container\"}','2020-07-08 15:54:51','2020-07-08 15:54:51'),(352,1,'admin/business/company','GET','1.88.108.132','{\"_pjax\":\"#pjax-container\"}','2020-07-08 15:54:53','2020-07-08 15:54:53'),(353,1,'admin/business/user','GET','1.88.108.132','{\"_pjax\":\"#pjax-container\"}','2020-07-08 15:54:53','2020-07-08 15:54:53'),(354,1,'admin/sys/module','GET','1.88.108.132','{\"_pjax\":\"#pjax-container\"}','2020-07-08 15:55:01','2020-07-08 15:55:01'),(355,1,'admin/sys/role','GET','1.88.108.132','{\"_pjax\":\"#pjax-container\"}','2020-07-08 15:55:02','2020-07-08 15:55:02'),(356,1,'admin/sys/order','GET','1.88.108.132','{\"_pjax\":\"#pjax-container\"}','2020-07-08 15:55:07','2020-07-08 15:55:07'),(357,1,'admin/sys/order/1','GET','1.88.108.132','{\"_pjax\":\"#pjax-container\"}','2020-07-08 15:55:16','2020-07-08 15:55:16'),(358,1,'admin/sys/order','GET','1.88.108.132','{\"_pjax\":\"#pjax-container\"}','2020-07-08 15:55:23','2020-07-08 15:55:23'),(359,1,'admin/business/company','GET','1.88.108.132','{\"_pjax\":\"#pjax-container\"}','2020-07-08 15:55:34','2020-07-08 15:55:34'),(360,1,'admin/business/user','GET','1.88.108.132','{\"_pjax\":\"#pjax-container\"}','2020-07-08 15:55:36','2020-07-08 15:55:36'),(361,1,'admin/sys/module','GET','1.88.108.132','{\"_pjax\":\"#pjax-container\"}','2020-07-08 15:55:37','2020-07-08 15:55:37'),(362,1,'admin/sys/role','GET','1.88.108.132','{\"_pjax\":\"#pjax-container\"}','2020-07-08 15:55:37','2020-07-08 15:55:37'),(363,1,'admin/logs','GET','127.0.0.1','{\"_pjax\":\"#pjax-container\"}','2020-07-09 01:42:58','2020-07-09 01:42:58'),(364,1,'admin','GET','1.88.108.132','[]','2020-07-09 02:04:08','2020-07-09 02:04:08'),(365,1,'admin/logs','GET','1.88.108.132','[]','2020-07-09 02:04:10','2020-07-09 02:04:10'),(366,1,'admin/logs','GET','1.88.108.132','{\"_pjax\":\"#pjax-container\"}','2020-07-09 02:04:16','2020-07-09 02:04:16'),(367,1,'admin/logs','GET','221.217.53.212','[]','2020-07-09 11:21:21','2020-07-09 11:21:21'),(368,1,'admin/logs','GET','127.0.0.1','[]','2020-07-09 11:40:37','2020-07-09 11:40:37'),(369,1,'admin','GET','1.88.108.132','[]','2020-07-09 14:23:27','2020-07-09 14:23:27'),(370,1,'admin','GET','1.88.108.132','[]','2020-07-09 14:23:39','2020-07-09 14:23:39'),(371,1,'admin','GET','1.88.108.132','[]','2020-07-09 14:26:25','2020-07-09 14:26:25'),(372,1,'admin/logs','GET','1.88.108.132','[]','2020-07-09 14:26:36','2020-07-09 14:26:36'),(373,1,'admin/logs','GET','1.88.108.132','[]','2020-07-09 14:30:17','2020-07-09 14:30:17'),(374,1,'admin/auth/users','GET','1.88.108.132','{\"_pjax\":\"#pjax-container\"}','2020-07-09 14:30:20','2020-07-09 14:30:20'),(375,1,'admin/auth/menu','GET','1.88.108.132','{\"_pjax\":\"#pjax-container\"}','2020-07-09 14:30:23','2020-07-09 14:30:23'),(376,1,'admin/auth/menu/1/edit','GET','1.88.108.132','{\"_pjax\":\"#pjax-container\"}','2020-07-09 14:30:29','2020-07-09 14:30:29'),(377,1,'admin/sys/order','GET','1.88.108.132','{\"_pjax\":\"#pjax-container\"}','2020-07-09 14:30:39','2020-07-09 14:30:39'),(378,1,'admin/auth/permissions','GET','1.88.108.132','{\"_pjax\":\"#pjax-container\"}','2020-07-09 14:30:44','2020-07-09 14:30:44'),(379,1,'admin/auth/roles','GET','1.88.108.132','{\"_pjax\":\"#pjax-container\"}','2020-07-09 14:30:46','2020-07-09 14:30:46'),(380,1,'admin','GET','1.88.108.132','{\"_pjax\":\"#pjax-container\"}','2020-07-09 14:30:49','2020-07-09 14:30:49'),(381,1,'admin','GET','1.88.108.132','[]','2020-07-09 14:36:11','2020-07-09 14:36:11'),(382,1,'admin/logs','GET','1.88.108.132','[]','2020-07-09 14:36:20','2020-07-09 14:36:20'),(383,1,'admin/auth/users','GET','1.88.108.132','[]','2020-07-09 14:36:26','2020-07-09 14:36:26'),(384,1,'admin/auth/roles','GET','1.88.108.132','[]','2020-07-09 14:36:30','2020-07-09 14:36:30'),(385,1,'admin/auth/permissions','GET','1.88.108.132','[]','2020-07-09 14:36:34','2020-07-09 14:36:34'),(386,1,'admin/sys/order','GET','1.88.108.132','[]','2020-07-09 14:36:37','2020-07-09 14:36:37'),(387,1,'admin/business/company','GET','1.88.108.132','[]','2020-07-09 14:36:45','2020-07-09 14:36:45'),(388,1,'admin','GET','1.88.108.132','[]','2020-07-09 14:36:53','2020-07-09 14:36:53'),(389,1,'admin/business/company','GET','1.88.108.132','[]','2020-07-09 14:36:59','2020-07-09 14:36:59'),(390,1,'admin/business/user','GET','1.88.108.132','[]','2020-07-09 14:37:12','2020-07-09 14:37:12'),(391,1,'admin/logs','GET','1.88.108.132','[]','2020-07-09 14:38:29','2020-07-09 14:38:29'),(392,1,'admin/auth/users','GET','1.88.108.132','[]','2020-07-09 14:39:18','2020-07-09 14:39:18'),(393,1,'admin/auth/roles','GET','1.88.108.132','[]','2020-07-09 14:39:21','2020-07-09 14:39:21'),(394,1,'admin/auth/permissions','GET','1.88.108.132','[]','2020-07-09 14:39:23','2020-07-09 14:39:23'),(395,1,'admin/auth/users','GET','1.88.108.132','[]','2020-07-09 14:39:27','2020-07-09 14:39:27'),(396,1,'admin/auth/menu','GET','1.88.108.132','[]','2020-07-09 14:39:29','2020-07-09 14:39:29'),(397,1,'admin/auth/menu/1/edit','GET','1.88.108.132','{\"_pjax\":\"#pjax-container\"}','2020-07-09 14:39:39','2020-07-09 14:39:39'),(398,1,'admin/auth/menu/1/edit','GET','1.88.108.132','[]','2020-07-09 14:40:38','2020-07-09 14:40:38'),(399,1,'admin/auth/menu/1/edit','GET','1.88.108.132','[]','2020-07-09 14:41:30','2020-07-09 14:41:30'),(400,1,'admin','GET','1.88.108.132','[]','2020-07-09 14:41:40','2020-07-09 14:41:40'),(401,1,'admin','GET','1.88.108.132','[]','2020-07-09 14:41:58','2020-07-09 14:41:58'),(402,1,'admin/sys/order','GET','1.88.108.132','[]','2020-07-09 14:42:01','2020-07-09 14:42:01'),(403,1,'admin/business/company','GET','1.88.108.132','[]','2020-07-09 14:42:09','2020-07-09 14:42:09'),(404,1,'admin/sys/order','GET','1.88.108.132','[]','2020-07-09 14:42:12','2020-07-09 14:42:12'),(405,1,'admin/auth/menu','GET','1.88.108.132','[]','2020-07-09 14:42:28','2020-07-09 14:42:28'),(406,1,'admin/auth/users','GET','1.88.108.132','[]','2020-07-09 14:42:38','2020-07-09 14:42:38'),(407,1,'admin/logs','GET','1.88.108.132','[]','2020-07-09 14:43:20','2020-07-09 14:43:20'),(408,1,'admin/sys/order','GET','1.88.108.132','{\"_pjax\":\"#pjax-container\"}','2020-07-09 14:43:23','2020-07-09 14:43:23'),(409,1,'admin/business/user','GET','1.88.108.132','{\"_pjax\":\"#pjax-container\"}','2020-07-09 14:43:24','2020-07-09 14:43:24'),(410,1,'admin/business/company','GET','1.88.108.132','{\"_pjax\":\"#pjax-container\"}','2020-07-09 14:43:25','2020-07-09 14:43:25'),(411,1,'admin/sys/module','GET','1.88.108.132','{\"_pjax\":\"#pjax-container\"}','2020-07-09 14:43:26','2020-07-09 14:43:26'),(412,1,'admin/sys/role','GET','1.88.108.132','{\"_pjax\":\"#pjax-container\"}','2020-07-09 14:43:27','2020-07-09 14:43:27'),(413,1,'admin','GET','1.88.108.132','{\"_pjax\":\"#pjax-container\"}','2020-07-09 14:43:29','2020-07-09 14:43:29'),(414,1,'admin/business/company','GET','1.88.108.132','{\"_pjax\":\"#pjax-container\"}','2020-07-09 14:43:31','2020-07-09 14:43:31'),(415,1,'admin/business/company/1/edit','GET','1.88.108.132','{\"_pjax\":\"#pjax-container\"}','2020-07-09 14:43:34','2020-07-09 14:43:34'),(416,1,'admin/business/company','GET','1.88.108.132','{\"_pjax\":\"#pjax-container\"}','2020-07-09 14:43:57','2020-07-09 14:43:57'),(417,1,'admin/business/company/create','GET','1.88.108.132','{\"_pjax\":\"#pjax-container\"}','2020-07-09 14:43:58','2020-07-09 14:43:58'),(418,1,'admin/business/company','POST','1.88.108.132','{\"name\":\"\\u667a\\u6167\\u517b\\u8001\",\"credit_code\":null,\"proj_count\":null,\"contact_per\":\"benben\",\"tel\":\"18633055650\",\"province_id\":\"110000\",\"city_id\":\"110100\",\"district_id\":\"110101\",\"address\":\"\\u5e0c\\u671b\\u5927\\u53a6\",\"remark\":null,\"_token\":\"hLGiYofBYH6rcWecgz70FcEv2GNEYhFTBWEdOyzH\",\"_previous_\":\"http:\\/\\/t.api.stararea.cn\\/admin\\/business\\/company\"}','2020-07-09 14:46:08','2020-07-09 14:46:08'),(419,1,'admin/business/company/create','GET','1.88.108.132','[]','2020-07-09 14:46:08','2020-07-09 14:46:08'),(420,1,'admin','GET','127.0.0.1','[]','2020-07-09 14:46:36','2020-07-09 14:46:36'),(421,1,'admin/business/company','GET','127.0.0.1','{\"_pjax\":\"#pjax-container\"}','2020-07-09 14:46:40','2020-07-09 14:46:40'),(422,1,'admin','GET','127.0.0.1','[]','2020-07-09 14:46:41','2020-07-09 14:46:41'),(423,1,'admin/business/company','GET','127.0.0.1','{\"_pjax\":\"#pjax-container\"}','2020-07-09 14:46:46','2020-07-09 14:46:46'),(424,1,'admin','GET','127.0.0.1','[]','2020-07-09 14:46:47','2020-07-09 14:46:47'),(425,1,'admin/business/company','GET','127.0.0.1','{\"_pjax\":\"#pjax-container\"}','2020-07-09 14:47:35','2020-07-09 14:47:35'),(426,1,'admin','GET','127.0.0.1','[]','2020-07-09 14:47:36','2020-07-09 14:47:36'),(427,1,'admin/business/company','GET','127.0.0.1','{\"_pjax\":\"#pjax-container\"}','2020-07-09 14:47:48','2020-07-09 14:47:48'),(428,1,'admin','GET','127.0.0.1','[]','2020-07-09 14:47:49','2020-07-09 14:47:49'),(429,1,'admin/business/company','GET','127.0.0.1','{\"_pjax\":\"#pjax-container\"}','2020-07-09 14:48:06','2020-07-09 14:48:06'),(430,1,'admin/business/company/create','GET','127.0.0.1','{\"_pjax\":\"#pjax-container\"}','2020-07-09 14:48:13','2020-07-09 14:48:13'),(431,1,'admin/business/company/create','GET','127.0.0.1','[]','2020-07-09 14:49:16','2020-07-09 14:49:16'),(432,1,'admin/business/company','POST','127.0.0.1','{\"name\":\"\\u667a\\u6167\\u517b\\u8001\",\"credit_code\":null,\"proj_count\":\"2\",\"contact_per\":\"benben\",\"tel\":\"18633055650\",\"province_id\":\"120000\",\"city_id\":\"120100\",\"district_id\":\"120102\",\"address\":\"\\u5e0c\\u671b\\u5927\\u53a6\",\"remark\":null,\"_token\":\"D1xYWYperViNdkunrP1ab0ouF71FiKII39mxsYMz\"}','2020-07-09 14:49:32','2020-07-09 14:49:32'),(433,1,'admin/business/company','GET','127.0.0.1','[]','2020-07-09 14:49:33','2020-07-09 14:49:33'),(434,1,'admin/sys/product','GET','127.0.0.1','{\"_pjax\":\"#pjax-container\"}','2020-07-09 14:49:39','2020-07-09 14:49:39'),(435,1,'admin/sys/order','GET','127.0.0.1','{\"_pjax\":\"#pjax-container\"}','2020-07-09 14:49:42','2020-07-09 14:49:42'),(436,1,'admin/business/user','GET','127.0.0.1','{\"_pjax\":\"#pjax-container\"}','2020-07-09 14:49:56','2020-07-09 14:49:56'),(437,1,'admin/business/company','GET','127.0.0.1','{\"_pjax\":\"#pjax-container\"}','2020-07-09 14:50:01','2020-07-09 14:50:01'),(438,1,'admin/business/company/3/edit','GET','127.0.0.1','{\"_pjax\":\"#pjax-container\"}','2020-07-09 14:50:06','2020-07-09 14:50:06'),(439,1,'admin/business/company/3','GET','127.0.0.1','{\"_pjax\":\"#pjax-container\"}','2020-07-09 14:50:13','2020-07-09 14:50:13'),(440,1,'admin/sys/module','GET','127.0.0.1','{\"_pjax\":\"#pjax-container\"}','2020-07-09 14:50:25','2020-07-09 14:50:25'),(441,1,'admin/sys/order','GET','127.0.0.1','{\"_pjax\":\"#pjax-container\"}','2020-07-09 14:50:35','2020-07-09 14:50:35'),(442,1,'admin/auth/menu','GET','127.0.0.1','{\"_pjax\":\"#pjax-container\"}','2020-07-09 14:51:02','2020-07-09 14:51:02'),(443,1,'admin/business/company','GET','127.0.0.1','{\"_pjax\":\"#pjax-container\"}','2020-07-09 14:51:08','2020-07-09 14:51:08'),(444,1,'admin','GET','1.88.108.132','[]','2020-07-09 14:55:08','2020-07-09 14:55:08'),(445,1,'admin/logs','GET','1.88.108.132','[]','2020-07-09 14:55:10','2020-07-09 14:55:10'),(446,1,'admin/logs','GET','1.88.108.132','[]','2020-07-09 14:55:27','2020-07-09 14:55:27'),(447,1,'admin/logs','GET','1.88.108.132','[]','2020-07-09 14:57:32','2020-07-09 14:57:32'),(448,1,'admin/sys/product','GET','1.88.108.132','[]','2020-07-09 14:57:39','2020-07-09 14:57:39'),(449,1,'admin','GET','127.0.0.1','[]','2020-07-09 15:00:31','2020-07-09 15:00:31'),(450,1,'admin/sys/product','GET','127.0.0.1','{\"_pjax\":\"#pjax-container\"}','2020-07-09 15:00:34','2020-07-09 15:00:34'),(451,1,'admin','GET','1.88.108.132','[]','2020-07-09 15:01:18','2020-07-09 15:01:18'),(452,1,'admin/logs','GET','1.88.108.132','{\"_pjax\":\"#pjax-container\"}','2020-07-09 15:01:21','2020-07-09 15:01:21'),(453,1,'admin/auth/users','GET','1.88.108.132','{\"_pjax\":\"#pjax-container\"}','2020-07-09 15:01:24','2020-07-09 15:01:24'),(454,1,'admin/business/company','GET','1.88.108.132','{\"_pjax\":\"#pjax-container\"}','2020-07-09 15:01:27','2020-07-09 15:01:27'),(455,1,'admin/config','GET','1.88.108.132','{\"_pjax\":\"#pjax-container\"}','2020-07-09 15:01:29','2020-07-09 15:01:29'),(456,1,'admin/logs','GET','1.88.108.132','{\"_pjax\":\"#pjax-container\"}','2020-07-09 15:01:31','2020-07-09 15:01:31'),(457,1,'admin','GET','1.88.108.132','{\"_pjax\":\"#pjax-container\"}','2020-07-09 15:01:33','2020-07-09 15:01:33'),(458,1,'admin/business/company','GET','1.88.108.132','{\"_pjax\":\"#pjax-container\"}','2020-07-09 15:01:34','2020-07-09 15:01:34'),(459,1,'admin/business/company','GET','1.88.108.132','{\"_pjax\":\"#pjax-container\"}','2020-07-09 15:01:38','2020-07-09 15:01:38'),(460,1,'admin/business/company','GET','1.88.108.132','{\"_pjax\":\"#pjax-container\",\"_export_\":\"all\"}','2020-07-09 15:01:49','2020-07-09 15:01:49'),(461,1,'admin','GET','1.88.108.132','[]','2020-07-09 15:01:57','2020-07-09 15:01:57'),(462,1,'admin/sys/product','GET','1.88.108.132','{\"_pjax\":\"#pjax-container\"}','2020-07-09 15:02:19','2020-07-09 15:02:19'),(463,1,'admin/config','GET','1.88.108.132','{\"_pjax\":\"#pjax-container\"}','2020-07-09 15:02:20','2020-07-09 15:02:20'),(464,1,'admin/sys/order','GET','1.88.108.132','{\"_pjax\":\"#pjax-container\"}','2020-07-09 15:02:22','2020-07-09 15:02:22'),(465,1,'admin/business/company','GET','1.88.108.132','{\"_pjax\":\"#pjax-container\"}','2020-07-09 15:02:24','2020-07-09 15:02:24'),(466,1,'admin/business/user','GET','1.88.108.132','{\"_pjax\":\"#pjax-container\"}','2020-07-09 15:02:25','2020-07-09 15:02:25'),(467,1,'admin/sys/module','GET','1.88.108.132','{\"_pjax\":\"#pjax-container\"}','2020-07-09 15:02:25','2020-07-09 15:02:25'),(468,1,'admin','GET','1.88.108.132','[]','2020-07-09 15:03:01','2020-07-09 15:03:01'),(469,1,'admin','GET','1.88.108.132','[]','2020-07-09 15:03:22','2020-07-09 15:03:22'),(470,1,'admin/business/company','GET','1.88.108.132','{\"_pjax\":\"#pjax-container\"}','2020-07-09 15:04:02','2020-07-09 15:04:02'),(471,1,'admin/business/user','GET','1.88.108.132','{\"_pjax\":\"#pjax-container\"}','2020-07-09 15:04:03','2020-07-09 15:04:03'),(472,1,'admin/sys/module','GET','1.88.108.132','{\"_pjax\":\"#pjax-container\"}','2020-07-09 15:04:04','2020-07-09 15:04:04'),(473,1,'admin/sys/role','GET','1.88.108.132','{\"_pjax\":\"#pjax-container\"}','2020-07-09 15:04:05','2020-07-09 15:04:05'),(474,1,'admin','GET','1.88.108.132','{\"_pjax\":\"#pjax-container\"}','2020-07-09 15:04:08','2020-07-09 15:04:08'),(475,1,'admin/logs','GET','1.88.108.132','[]','2020-07-10 05:09:06','2020-07-10 05:09:06'),(476,1,'admin','GET','127.0.0.1','[]','2020-07-10 05:29:51','2020-07-10 05:29:51'),(477,1,'admin/logs','GET','127.0.0.1','{\"_pjax\":\"#pjax-container\"}','2020-07-10 05:29:55','2020-07-10 05:29:55'),(478,1,'admin/logs','GET','127.0.0.1','{\"_pjax\":\"#pjax-container\"}','2020-07-10 05:30:20','2020-07-10 05:30:20'),(479,1,'admin/sys/order','GET','1.88.108.132','{\"_pjax\":\"#pjax-container\"}','2020-07-10 05:45:50','2020-07-10 05:45:50'),(480,1,'admin/business/company','GET','1.88.108.132','{\"_pjax\":\"#pjax-container\"}','2020-07-10 05:47:20','2020-07-10 05:47:20'),(481,1,'admin/logs','GET','127.0.0.1','{\"_pjax\":\"#pjax-container\"}','2020-07-10 06:14:12','2020-07-10 06:14:12'),(482,1,'admin/logs','GET','127.0.0.1','[]','2020-07-10 06:54:13','2020-07-10 06:54:13'),(483,1,'admin/logs','GET','127.0.0.1','{\"_pjax\":\"#pjax-container\"}','2020-07-10 07:26:22','2020-07-10 07:26:22'),(484,1,'admin/logs','GET','127.0.0.1','{\"_pjax\":\"#pjax-container\"}','2020-07-10 07:28:12','2020-07-10 07:28:12'),(485,1,'admin/logs','GET','127.0.0.1','{\"_pjax\":\"#pjax-container\"}','2020-07-10 07:28:14','2020-07-10 07:28:14'),(486,1,'admin/logs','GET','127.0.0.1','{\"_pjax\":\"#pjax-container\"}','2020-07-10 07:28:16','2020-07-10 07:28:16'),(487,1,'admin/logs','GET','127.0.0.1','{\"_pjax\":\"#pjax-container\"}','2020-07-10 07:31:04','2020-07-10 07:31:04'),(488,1,'admin','GET','127.0.0.1','[]','2020-07-10 09:18:56','2020-07-10 09:18:56'),(489,1,'admin/logs','GET','127.0.0.1','{\"_pjax\":\"#pjax-container\"}','2020-07-10 09:18:59','2020-07-10 09:18:59'),(490,1,'admin/logs','GET','1.88.108.132','[]','2020-07-10 09:32:58','2020-07-10 09:32:58'),(491,1,'admin/logs','GET','127.0.0.1','{\"_pjax\":\"#pjax-container\"}','2020-07-10 09:52:41','2020-07-10 09:52:41'),(492,1,'admin/business/company','GET','1.88.108.132','[]','2020-07-10 09:53:50','2020-07-10 09:53:50'),(493,1,'admin/business/company/1/edit','GET','1.88.108.132','{\"_pjax\":\"#pjax-container\"}','2020-07-10 09:53:55','2020-07-10 09:53:55'),(494,1,'admin/business/company/1/edit','GET','1.88.108.132','[]','2020-07-10 09:54:07','2020-07-10 09:54:07'),(495,1,'admin/business/company','GET','1.88.108.132','{\"_pjax\":\"#pjax-container\"}','2020-07-10 09:54:12','2020-07-10 09:54:12'),(496,1,'admin/business/company/2/edit','GET','1.88.108.132','{\"_pjax\":\"#pjax-container\"}','2020-07-10 09:54:14','2020-07-10 09:54:14'),(497,1,'admin/business/company/2/edit','GET','1.88.108.132','[]','2020-07-10 09:55:22','2020-07-10 09:55:22'),(498,1,'admin/business/company/2/edit','GET','1.88.108.132','[]','2020-07-10 09:55:41','2020-07-10 09:55:41'),(499,1,'admin/business/company/2','PUT','1.88.108.132','{\"name\":\"\\u5317\\u4eac\\u4e1c\\u65b9\\u4ea7\\u4e1a\\u56ed\",\"credit_code\":null,\"proj_count\":\"1\",\"contact_per\":\"\\u674e\\u632f\\u534e\",\"tel\":\"18500387771\",\"province_id\":\"110000\",\"city_id\":\"110100\",\"district_id\":\"110101\",\"address\":\"\\u4e00\\u5355\\u51431\\u53f7\\u697c1101\",\"remark\":\"\\u5317\\u4eac\\u4e1c\\u65b9\\u4ea7\\u4e1a\\u56ed\",\"_token\":\"0C4YMxNBGa03qdYvAaquZInDvRUs0d1RLOYljRUX\",\"_method\":\"PUT\"}','2020-07-10 09:57:35','2020-07-10 09:57:35'),(500,1,'admin/business/company','GET','1.88.108.132','[]','2020-07-10 09:57:36','2020-07-10 09:57:36'),(501,1,'admin/business/company','GET','1.88.108.132','{\"_pjax\":\"#pjax-container\"}','2020-07-10 09:57:40','2020-07-10 09:57:40'),(502,1,'admin/business/user','GET','1.88.108.132','{\"_pjax\":\"#pjax-container\"}','2020-07-10 09:57:41','2020-07-10 09:57:41'),(503,1,'admin/sys/module','GET','1.88.108.132','{\"_pjax\":\"#pjax-container\"}','2020-07-10 09:57:42','2020-07-10 09:57:42'),(504,1,'admin/sys/role','GET','1.88.108.132','{\"_pjax\":\"#pjax-container\"}','2020-07-10 09:57:43','2020-07-10 09:57:43'),(505,1,'admin','GET','1.88.108.132','[]','2020-07-10 09:57:58','2020-07-10 09:57:58'),(506,1,'admin/auth/users','GET','1.88.108.132','{\"_pjax\":\"#pjax-container\"}','2020-07-10 09:58:00','2020-07-10 09:58:00'),(507,1,'admin/auth/roles','GET','1.88.108.132','{\"_pjax\":\"#pjax-container\"}','2020-07-10 09:58:02','2020-07-10 09:58:02'),(508,1,'admin/auth/permissions','GET','1.88.108.132','{\"_pjax\":\"#pjax-container\"}','2020-07-10 09:58:04','2020-07-10 09:58:04'),(509,1,'admin/business/company','GET','1.88.108.132','{\"_pjax\":\"#pjax-container\"}','2020-07-10 09:58:05','2020-07-10 09:58:05'),(510,1,'admin/business/user','GET','1.88.108.132','{\"_pjax\":\"#pjax-container\"}','2020-07-10 09:58:07','2020-07-10 09:58:07'),(511,1,'admin/sys/role','GET','1.88.108.132','{\"_pjax\":\"#pjax-container\"}','2020-07-10 09:58:09','2020-07-10 09:58:09'),(512,1,'admin/sys/module','GET','1.88.108.132','{\"_pjax\":\"#pjax-container\"}','2020-07-10 09:58:10','2020-07-10 09:58:10'),(513,1,'admin','GET','1.88.108.132','{\"_pjax\":\"#pjax-container\"}','2020-07-10 09:58:12','2020-07-10 09:58:12'),(514,1,'admin/business/company','GET','1.88.108.132','{\"_pjax\":\"#pjax-container\"}','2020-07-10 11:18:03','2020-07-10 11:18:03'),(515,1,'admin/logs','GET','1.88.108.132','[]','2020-07-10 11:23:34','2020-07-10 11:23:34'),(516,1,'admin/logs','GET','1.88.108.132','{\"_pjax\":\"#pjax-container\"}','2020-07-10 11:27:07','2020-07-10 11:27:07'),(517,1,'admin/logs','GET','127.0.0.1','[]','2020-07-10 11:28:34','2020-07-10 11:28:34'),(518,1,'admin/logs','GET','127.0.0.1','{\"_pjax\":\"#pjax-container\"}','2020-07-10 11:30:10','2020-07-10 11:30:10'),(519,1,'admin/logs','GET','1.88.108.132','[]','2020-07-10 15:01:02','2020-07-10 15:01:02'),(520,1,'admin/logs','GET','1.88.108.132','{\"_pjax\":\"#pjax-container\"}','2020-07-10 15:03:17','2020-07-10 15:03:17'),(521,1,'admin/logs','GET','1.88.108.132','{\"_pjax\":\"#pjax-container\"}','2020-07-10 15:04:14','2020-07-10 15:04:14'),(522,1,'admin/logs','GET','1.88.108.132','{\"_pjax\":\"#pjax-container\"}','2020-07-10 15:04:17','2020-07-10 15:04:17'),(523,1,'admin/logs','GET','1.88.108.132','{\"_pjax\":\"#pjax-container\"}','2020-07-10 15:04:17','2020-07-10 15:04:17'),(524,1,'admin/logs','GET','1.88.108.132','{\"_pjax\":\"#pjax-container\"}','2020-07-10 15:04:17','2020-07-10 15:04:17'),(525,1,'admin/logs','GET','1.88.108.132','{\"_pjax\":\"#pjax-container\"}','2020-07-10 15:04:18','2020-07-10 15:04:18'),(526,1,'admin/logs','GET','1.88.108.132','[]','2020-07-10 16:31:53','2020-07-10 16:31:53'),(527,1,'admin/logs','GET','1.88.108.132','{\"_pjax\":\"#pjax-container\"}','2020-07-10 16:33:26','2020-07-10 16:33:26'),(528,1,'admin/logs','GET','221.219.96.185','{\"_pjax\":\"#pjax-container\"}','2020-07-11 07:48:25','2020-07-11 07:48:25'),(529,1,'admin/logs','GET','127.0.0.1','[]','2020-07-11 08:13:10','2020-07-11 08:13:10'),(530,1,'admin/logs','GET','127.0.0.1','{\"_pjax\":\"#pjax-container\"}','2020-07-11 08:44:01','2020-07-11 08:44:01'),(531,1,'admin/logs','GET','127.0.0.1','{\"_pjax\":\"#pjax-container\"}','2020-07-11 08:44:42','2020-07-11 08:44:42'),(532,1,'admin/logs','GET','127.0.0.1','{\"_pjax\":\"#pjax-container\"}','2020-07-11 08:45:33','2020-07-11 08:45:33'),(533,1,'admin/logs','GET','127.0.0.1','{\"_pjax\":\"#pjax-container\"}','2020-07-11 08:46:12','2020-07-11 08:46:12'),(534,1,'admin/logs','GET','127.0.0.1','{\"_pjax\":\"#pjax-container\"}','2020-07-11 08:49:25','2020-07-11 08:49:25'),(535,1,'admin/logs','GET','127.0.0.1','{\"_pjax\":\"#pjax-container\"}','2020-07-11 08:51:28','2020-07-11 08:51:28'),(536,1,'admin/logs','GET','127.0.0.1','{\"_pjax\":\"#pjax-container\"}','2020-07-11 11:46:50','2020-07-11 11:46:50'),(537,1,'admin/logs','GET','127.0.0.1','{\"_pjax\":\"#pjax-container\"}','2020-07-11 11:48:42','2020-07-11 11:48:42'),(538,1,'admin/logs','GET','127.0.0.1','{\"_pjax\":\"#pjax-container\"}','2020-07-11 11:50:56','2020-07-11 11:50:56'),(539,1,'admin/logs','GET','127.0.0.1','{\"_pjax\":\"#pjax-container\"}','2020-07-11 11:51:37','2020-07-11 11:51:37'),(540,1,'admin/logs','GET','127.0.0.1','{\"_pjax\":\"#pjax-container\"}','2020-07-11 11:53:56','2020-07-11 11:53:56'),(541,1,'admin/logs','GET','127.0.0.1','{\"_pjax\":\"#pjax-container\"}','2020-07-11 11:54:37','2020-07-11 11:54:37'),(542,1,'admin/logs','GET','127.0.0.1','{\"_pjax\":\"#pjax-container\"}','2020-07-11 13:00:35','2020-07-11 13:00:35'),(543,1,'admin/logs','GET','127.0.0.1','{\"_pjax\":\"#pjax-container\"}','2020-07-11 13:00:47','2020-07-11 13:00:47'),(544,1,'admin/logs','GET','127.0.0.1','{\"_pjax\":\"#pjax-container\"}','2020-07-11 13:03:27','2020-07-11 13:03:27'),(545,1,'admin/logs','GET','127.0.0.1','[]','2020-07-12 07:28:01','2020-07-12 07:28:01'),(546,1,'admin/logs','GET','221.219.96.185','[]','2020-07-12 09:40:59','2020-07-12 09:40:59'),(547,1,'admin','GET','127.0.0.1','[]','2020-07-12 09:42:17','2020-07-12 09:42:17'),(548,1,'admin/logs','GET','127.0.0.1','{\"_pjax\":\"#pjax-container\"}','2020-07-12 09:42:20','2020-07-12 09:42:20'),(549,1,'admin/logs','GET','127.0.0.1','{\"_pjax\":\"#pjax-container\"}','2020-07-12 10:11:21','2020-07-12 10:11:21'),(550,1,'admin/logs','GET','127.0.0.1','{\"_pjax\":\"#pjax-container\"}','2020-07-12 10:27:19','2020-07-12 10:27:19'),(551,1,'admin/logs','GET','127.0.0.1','{\"_pjax\":\"#pjax-container\"}','2020-07-12 10:56:30','2020-07-12 10:56:30'),(552,1,'admin/logs','GET','127.0.0.1','{\"_pjax\":\"#pjax-container\"}','2020-07-12 13:14:24','2020-07-12 13:14:24'),(553,1,'admin/logs','GET','127.0.0.1','{\"_pjax\":\"#pjax-container\"}','2020-07-12 14:22:04','2020-07-12 14:22:04'),(554,1,'admin/logs','GET','127.0.0.1','{\"_pjax\":\"#pjax-container\"}','2020-07-12 14:52:42','2020-07-12 14:52:42'),(555,1,'admin/logs','GET','127.0.0.1','{\"_pjax\":\"#pjax-container\"}','2020-07-12 16:45:38','2020-07-12 16:45:38'),(556,1,'admin/logs','GET','127.0.0.1','{\"_pjax\":\"#pjax-container\"}','2020-07-12 16:52:22','2020-07-12 16:52:22'),(557,1,'admin','GET','221.219.96.185','[]','2020-07-12 17:07:10','2020-07-12 17:07:10'),(558,1,'admin/logs','GET','221.219.96.185','{\"_pjax\":\"#pjax-container\"}','2020-07-12 17:07:13','2020-07-12 17:07:13'),(559,1,'admin/logs','GET','221.219.96.185','{\"_pjax\":\"#pjax-container\"}','2020-07-12 17:07:44','2020-07-12 17:07:44'),(560,1,'admin/logs','GET','221.219.96.185','{\"_pjax\":\"#pjax-container\"}','2020-07-13 02:16:32','2020-07-13 02:16:32'),(561,1,'admin/logs','GET','127.0.0.1','{\"_pjax\":\"#pjax-container\"}','2020-07-13 02:20:02','2020-07-13 02:20:02'),(562,1,'admin','GET','127.0.0.1','[]','2020-07-13 07:30:28','2020-07-13 07:30:28'),(563,1,'admin/logs','GET','127.0.0.1','{\"_pjax\":\"#pjax-container\"}','2020-07-13 07:30:30','2020-07-13 07:30:30'),(564,1,'admin/logs','GET','127.0.0.1','{\"_pjax\":\"#pjax-container\"}','2020-07-13 07:31:23','2020-07-13 07:31:23'),(565,1,'admin','GET','127.0.0.1','[]','2020-07-13 09:46:28','2020-07-13 09:46:28'),(566,1,'admin/logs','GET','127.0.0.1','{\"_pjax\":\"#pjax-container\"}','2020-07-13 09:46:30','2020-07-13 09:46:30'),(567,1,'admin/business/user','GET','127.0.0.1','{\"_pjax\":\"#pjax-container\"}','2020-07-13 09:46:35','2020-07-13 09:46:35'),(568,1,'admin/business/user/2/edit','GET','127.0.0.1','{\"_pjax\":\"#pjax-container\"}','2020-07-13 09:46:42','2020-07-13 09:46:42'),(569,1,'admin/logs','GET','127.0.0.1','{\"_pjax\":\"#pjax-container\"}','2020-07-13 10:22:26','2020-07-13 10:22:26'),(570,1,'admin/logs','GET','127.0.0.1','{\"_pjax\":\"#pjax-container\"}','2020-07-13 11:46:47','2020-07-13 11:46:47'),(571,1,'admin/logs','GET','127.0.0.1','{\"_pjax\":\"#pjax-container\"}','2020-07-13 11:47:20','2020-07-13 11:47:20'),(572,1,'admin/logs','GET','127.0.0.1','[]','2020-07-13 14:15:22','2020-07-13 14:15:22'),(573,1,'admin/logs','GET','127.0.0.1','{\"_pjax\":\"#pjax-container\"}','2020-07-13 14:44:51','2020-07-13 14:44:51'),(574,1,'admin/logs','GET','127.0.0.1','{\"_pjax\":\"#pjax-container\"}','2020-07-13 14:44:52','2020-07-13 14:44:52'),(575,1,'admin/logs','GET','127.0.0.1','{\"_pjax\":\"#pjax-container\"}','2020-07-13 14:44:54','2020-07-13 14:44:54'),(576,1,'admin/logs','GET','127.0.0.1','{\"_pjax\":\"#pjax-container\"}','2020-07-13 14:44:55','2020-07-13 14:44:55'),(577,1,'admin/logs','GET','127.0.0.1','{\"_pjax\":\"#pjax-container\"}','2020-07-13 14:45:04','2020-07-13 14:45:04'),(578,1,'admin/logs','GET','127.0.0.1','{\"_pjax\":\"#pjax-container\"}','2020-07-13 14:45:05','2020-07-13 14:45:05'),(579,1,'admin/logs','GET','127.0.0.1','{\"_pjax\":\"#pjax-container\"}','2020-07-13 14:49:13','2020-07-13 14:49:13'),(580,1,'admin/logs','GET','127.0.0.1','{\"_pjax\":\"#pjax-container\"}','2020-07-13 14:49:43','2020-07-13 14:49:43'),(581,1,'admin/logs','GET','127.0.0.1','{\"_pjax\":\"#pjax-container\"}','2020-07-13 14:50:23','2020-07-13 14:50:23'),(582,1,'admin/logs','GET','127.0.0.1','{\"_pjax\":\"#pjax-container\"}','2020-07-13 14:53:55','2020-07-13 14:53:55'),(583,1,'admin/logs','GET','127.0.0.1','{\"_pjax\":\"#pjax-container\"}','2020-07-13 14:55:25','2020-07-13 14:55:25'),(584,1,'admin','GET','221.219.96.185','[]','2020-07-13 15:38:05','2020-07-13 15:38:05'),(585,1,'admin/logs','GET','221.219.96.185','{\"_pjax\":\"#pjax-container\"}','2020-07-13 15:38:07','2020-07-13 15:38:07'),(586,1,'admin/auth/users','GET','221.219.96.185','{\"_pjax\":\"#pjax-container\"}','2020-07-13 15:38:09','2020-07-13 15:38:09'),(587,1,'admin/auth/roles','GET','221.219.96.185','{\"_pjax\":\"#pjax-container\"}','2020-07-13 15:38:14','2020-07-13 15:38:14'),(588,1,'admin/business/company','GET','221.219.96.185','{\"_pjax\":\"#pjax-container\"}','2020-07-13 15:38:16','2020-07-13 15:38:16'),(589,1,'admin','GET','221.219.96.185','[]','2020-07-13 15:46:05','2020-07-13 15:46:05'),(590,1,'admin','GET','103.216.43.176','[]','2020-07-14 06:31:45','2020-07-14 06:31:45'),(591,1,'admin/logs','GET','127.0.0.1','[]','2020-07-14 13:46:38','2020-07-14 13:46:38'),(592,1,'admin/logs','GET','127.0.0.1','{\"_pjax\":\"#pjax-container\"}','2020-07-14 13:46:48','2020-07-14 13:46:48'),(593,1,'admin/logs','GET','127.0.0.1','{\"_pjax\":\"#pjax-container\"}','2020-07-14 13:54:18','2020-07-14 13:54:18'),(594,1,'admin/logs','GET','127.0.0.1','{\"_pjax\":\"#pjax-container\"}','2020-07-14 13:57:46','2020-07-14 13:57:46'),(595,1,'admin/logs','GET','127.0.0.1','{\"_pjax\":\"#pjax-container\"}','2020-07-14 15:00:30','2020-07-14 15:00:30'),(596,1,'admin/logs','GET','127.0.0.1','{\"_pjax\":\"#pjax-container\"}','2020-07-14 15:00:33','2020-07-14 15:00:33'),(597,1,'admin/logs','GET','127.0.0.1','{\"_pjax\":\"#pjax-container\"}','2020-07-14 15:00:34','2020-07-14 15:00:34'),(598,1,'admin/logs','GET','127.0.0.1','{\"_pjax\":\"#pjax-container\"}','2020-07-14 15:00:35','2020-07-14 15:00:35'),(599,1,'admin/logs','GET','127.0.0.1','{\"_pjax\":\"#pjax-container\"}','2020-07-14 15:04:15','2020-07-14 15:04:15'),(600,1,'admin/logs','GET','127.0.0.1','{\"_pjax\":\"#pjax-container\"}','2020-07-14 15:05:55','2020-07-14 15:05:55'),(601,1,'admin/logs','GET','127.0.0.1','{\"_pjax\":\"#pjax-container\"}','2020-07-14 15:06:30','2020-07-14 15:06:30'),(602,1,'admin/logs','GET','127.0.0.1','{\"_pjax\":\"#pjax-container\"}','2020-07-14 15:07:01','2020-07-14 15:07:01'),(603,1,'admin/logs','GET','127.0.0.1','{\"_pjax\":\"#pjax-container\"}','2020-07-14 15:07:04','2020-07-14 15:07:04'),(604,1,'admin/logs','GET','127.0.0.1','{\"_pjax\":\"#pjax-container\"}','2020-07-14 15:08:24','2020-07-14 15:08:24'),(605,1,'admin/logs','GET','127.0.0.1','{\"_pjax\":\"#pjax-container\"}','2020-07-14 15:53:00','2020-07-14 15:53:00'),(606,1,'admin/logs','GET','221.219.96.185','[]','2020-07-14 15:55:11','2020-07-14 15:55:11'),(607,1,'admin','GET','127.0.0.1','[]','2020-07-15 01:22:23','2020-07-15 01:22:23'),(608,1,'admin/logs','GET','127.0.0.1','{\"_pjax\":\"#pjax-container\"}','2020-07-15 01:34:42','2020-07-15 01:34:42'),(609,1,'admin/logs','GET','127.0.0.1','{\"_pjax\":\"#pjax-container\"}','2020-07-15 01:36:00','2020-07-15 01:36:00'),(610,1,'admin/logs','GET','127.0.0.1','{\"_pjax\":\"#pjax-container\"}','2020-07-15 01:37:06','2020-07-15 01:37:06'),(611,1,'admin/logs','GET','127.0.0.1','{\"_pjax\":\"#pjax-container\"}','2020-07-15 01:38:06','2020-07-15 01:38:06'),(612,1,'admin/logs','GET','127.0.0.1','{\"_pjax\":\"#pjax-container\"}','2020-07-15 02:02:09','2020-07-15 02:02:09'),(613,1,'admin/logs','GET','127.0.0.1','{\"_pjax\":\"#pjax-container\"}','2020-07-15 02:10:16','2020-07-15 02:10:16'),(614,1,'admin/logs','GET','127.0.0.1','{\"_pjax\":\"#pjax-container\"}','2020-07-15 02:53:38','2020-07-15 02:53:38'),(615,1,'admin/logs','GET','127.0.0.1','{\"_pjax\":\"#pjax-container\"}','2020-07-15 02:59:18','2020-07-15 02:59:18'),(616,1,'admin/logs','GET','127.0.0.1','{\"_pjax\":\"#pjax-container\"}','2020-07-15 02:59:45','2020-07-15 02:59:45'),(617,1,'admin/logs','GET','127.0.0.1','{\"_pjax\":\"#pjax-container\"}','2020-07-15 03:00:12','2020-07-15 03:00:12'),(618,1,'admin/logs','GET','127.0.0.1','{\"_pjax\":\"#pjax-container\"}','2020-07-15 03:00:16','2020-07-15 03:00:16'),(619,1,'admin/logs','GET','127.0.0.1','{\"_pjax\":\"#pjax-container\"}','2020-07-15 03:01:06','2020-07-15 03:01:06'),(620,1,'admin/logs','GET','127.0.0.1','{\"_pjax\":\"#pjax-container\"}','2020-07-15 03:01:28','2020-07-15 03:01:28'),(621,1,'admin/logs','GET','127.0.0.1','{\"_pjax\":\"#pjax-container\"}','2020-07-15 03:03:20','2020-07-15 03:03:20'),(622,1,'admin/logs','GET','127.0.0.1','{\"_pjax\":\"#pjax-container\"}','2020-07-15 03:04:42','2020-07-15 03:04:42'),(623,1,'admin/logs','GET','127.0.0.1','{\"_pjax\":\"#pjax-container\"}','2020-07-15 03:06:02','2020-07-15 03:06:02'),(624,1,'admin/logs','GET','127.0.0.1','{\"_pjax\":\"#pjax-container\"}','2020-07-15 03:06:30','2020-07-15 03:06:30'),(625,1,'admin/logs','GET','127.0.0.1','{\"_pjax\":\"#pjax-container\"}','2020-07-15 03:09:17','2020-07-15 03:09:17'),(626,1,'admin/logs','GET','127.0.0.1','{\"_pjax\":\"#pjax-container\"}','2020-07-15 03:09:58','2020-07-15 03:09:58'),(627,1,'admin/logs','GET','127.0.0.1','{\"_pjax\":\"#pjax-container\"}','2020-07-15 03:10:24','2020-07-15 03:10:24'),(628,1,'admin/logs','GET','127.0.0.1','{\"_pjax\":\"#pjax-container\"}','2020-07-15 03:11:16','2020-07-15 03:11:16'),(629,1,'admin/logs','GET','127.0.0.1','{\"_pjax\":\"#pjax-container\"}','2020-07-15 03:11:31','2020-07-15 03:11:31'),(630,1,'admin/logs','GET','127.0.0.1','{\"_pjax\":\"#pjax-container\"}','2020-07-15 03:12:05','2020-07-15 03:12:05'),(631,1,'admin/logs','GET','127.0.0.1','{\"_pjax\":\"#pjax-container\"}','2020-07-15 05:15:26','2020-07-15 05:15:26'),(632,1,'admin/logs','GET','127.0.0.1','{\"_pjax\":\"#pjax-container\"}','2020-07-15 05:24:25','2020-07-15 05:24:25'),(633,1,'admin/logs','GET','127.0.0.1','{\"_pjax\":\"#pjax-container\"}','2020-07-15 05:27:10','2020-07-15 05:27:10'),(634,1,'admin/logs','GET','127.0.0.1','{\"_pjax\":\"#pjax-container\"}','2020-07-15 05:40:20','2020-07-15 05:40:20'),(635,1,'admin/logs','GET','127.0.0.1','{\"_pjax\":\"#pjax-container\"}','2020-07-15 05:42:26','2020-07-15 05:42:26'),(636,1,'admin/logs','GET','127.0.0.1','{\"_pjax\":\"#pjax-container\"}','2020-07-15 05:50:02','2020-07-15 05:50:02'),(637,1,'admin/logs','GET','127.0.0.1','{\"_pjax\":\"#pjax-container\"}','2020-07-15 06:24:28','2020-07-15 06:24:28'),(638,1,'admin/logs','GET','127.0.0.1','{\"_pjax\":\"#pjax-container\"}','2020-07-15 06:24:35','2020-07-15 06:24:35'),(639,1,'admin/logs','GET','127.0.0.1','{\"_pjax\":\"#pjax-container\"}','2020-07-15 06:24:47','2020-07-15 06:24:47'),(640,1,'admin/logs','GET','127.0.0.1','{\"_pjax\":\"#pjax-container\"}','2020-07-15 06:25:33','2020-07-15 06:25:33'),(641,1,'admin/logs','GET','127.0.0.1','{\"_pjax\":\"#pjax-container\"}','2020-07-15 06:26:31','2020-07-15 06:26:31'),(642,1,'admin/logs','GET','127.0.0.1','{\"_pjax\":\"#pjax-container\"}','2020-07-15 06:28:05','2020-07-15 06:28:05'),(643,1,'admin/logs','GET','127.0.0.1','{\"_pjax\":\"#pjax-container\"}','2020-07-15 07:06:37','2020-07-15 07:06:37'),(644,1,'admin','GET','221.219.96.185','[]','2020-07-15 07:06:45','2020-07-15 07:06:45'),(645,1,'admin/logs','GET','221.219.96.185','{\"_pjax\":\"#pjax-container\"}','2020-07-15 07:06:57','2020-07-15 07:06:57'),(646,1,'admin/business/company','GET','221.219.96.185','{\"_pjax\":\"#pjax-container\"}','2020-07-15 07:07:00','2020-07-15 07:07:00'),(647,1,'admin/business/user','GET','221.219.96.185','{\"_pjax\":\"#pjax-container\"}','2020-07-15 07:07:02','2020-07-15 07:07:02'),(648,1,'admin/sys/module','GET','221.219.96.185','{\"_pjax\":\"#pjax-container\"}','2020-07-15 07:07:04','2020-07-15 07:07:04'),(649,1,'admin/business/company','GET','221.219.96.185','{\"_pjax\":\"#pjax-container\"}','2020-07-15 07:07:06','2020-07-15 07:07:06'),(650,1,'admin/sys/module','GET','221.219.96.185','{\"_pjax\":\"#pjax-container\"}','2020-07-15 07:07:07','2020-07-15 07:07:07'),(651,1,'admin/business/user','GET','221.219.96.185','{\"_pjax\":\"#pjax-container\"}','2020-07-15 07:07:08','2020-07-15 07:07:08'),(652,1,'admin/business/company','GET','221.219.96.185','{\"_pjax\":\"#pjax-container\"}','2020-07-15 07:07:09','2020-07-15 07:07:09'),(653,1,'admin/business/user','GET','221.219.96.185','{\"_pjax\":\"#pjax-container\"}','2020-07-15 07:07:19','2020-07-15 07:07:19'),(654,1,'admin/logs','GET','221.219.96.185','{\"_pjax\":\"#pjax-container\"}','2020-07-15 07:11:52','2020-07-15 07:11:52'),(655,1,'admin/logs','GET','221.219.96.185','{\"_pjax\":\"#pjax-container\"}','2020-07-15 07:11:56','2020-07-15 07:11:56'),(656,1,'admin/logs','GET','221.219.96.185','{\"_pjax\":\"#pjax-container\"}','2020-07-15 09:46:37','2020-07-15 09:46:37'),(657,1,'admin','GET','127.0.0.1','[]','2020-07-15 09:46:46','2020-07-15 09:46:46'),(658,1,'admin/logs','GET','127.0.0.1','{\"_pjax\":\"#pjax-container\"}','2020-07-15 09:46:49','2020-07-15 09:46:49'),(659,1,'admin/logs','GET','221.219.96.185','{\"_pjax\":\"#pjax-container\"}','2020-07-15 09:48:54','2020-07-15 09:48:54'),(660,1,'admin/logs','GET','127.0.0.1','{\"_pjax\":\"#pjax-container\"}','2020-07-15 09:48:56','2020-07-15 09:48:56'),(661,1,'admin/logs','GET','127.0.0.1','{\"_pjax\":\"#pjax-container\"}','2020-07-15 10:01:11','2020-07-15 10:01:11'),(662,1,'admin/logs','GET','127.0.0.1','{\"_pjax\":\"#pjax-container\"}','2020-07-15 10:01:56','2020-07-15 10:01:56'),(663,1,'admin/logs','GET','127.0.0.1','{\"_pjax\":\"#pjax-container\"}','2020-07-15 10:06:19','2020-07-15 10:06:19'),(664,1,'admin/logs','GET','127.0.0.1','{\"_pjax\":\"#pjax-container\"}','2020-07-15 10:06:27','2020-07-15 10:06:27'),(665,1,'admin/logs','GET','127.0.0.1','{\"_pjax\":\"#pjax-container\"}','2020-07-15 10:06:28','2020-07-15 10:06:28'),(666,1,'admin/logs','GET','127.0.0.1','{\"_pjax\":\"#pjax-container\"}','2020-07-15 10:06:33','2020-07-15 10:06:33'),(667,1,'admin/logs','GET','127.0.0.1','{\"_pjax\":\"#pjax-container\"}','2020-07-15 10:09:15','2020-07-15 10:09:15'),(668,1,'admin/logs','GET','127.0.0.1','{\"_pjax\":\"#pjax-container\"}','2020-07-15 10:09:35','2020-07-15 10:09:35'),(669,1,'admin/logs','GET','127.0.0.1','{\"_pjax\":\"#pjax-container\"}','2020-07-15 10:10:18','2020-07-15 10:10:18'),(670,1,'admin/logs','GET','127.0.0.1','{\"_pjax\":\"#pjax-container\"}','2020-07-15 10:22:54','2020-07-15 10:22:54'),(671,2,'admin','GET','127.0.0.1','[]','2020-07-16 02:02:05','2020-07-16 02:02:05'),(672,2,'admin/business/company','GET','127.0.0.1','{\"_pjax\":\"#pjax-container\"}','2020-07-16 02:02:14','2020-07-16 02:02:14'),(673,2,'admin/business/company/2/edit','GET','127.0.0.1','{\"_pjax\":\"#pjax-container\"}','2020-07-16 02:02:32','2020-07-16 02:02:32'),(674,2,'admin','GET','127.0.0.1','[]','2020-07-16 02:11:31','2020-07-16 02:11:31'),(675,1,'admin/logs','GET','127.0.0.1','{\"_pjax\":\"#pjax-container\"}','2020-07-16 02:11:33','2020-07-16 02:11:33'),(676,2,'admin','GET','127.0.0.1','{\"_pjax\":\"#pjax-container\"}','2020-07-16 02:11:37','2020-07-16 02:11:37'),(677,2,'admin/business/user','GET','127.0.0.1','{\"_pjax\":\"#pjax-container\"}','2020-07-16 02:11:37','2020-07-16 02:11:37'),(678,1,'admin/logs','GET','127.0.0.1','{\"_pjax\":\"#pjax-container\"}','2020-07-16 02:11:38','2020-07-16 02:11:38'),(679,2,'admin/sys/module','GET','127.0.0.1','{\"_pjax\":\"#pjax-container\"}','2020-07-16 02:11:42','2020-07-16 02:11:42'),(680,2,'admin/business/company','GET','127.0.0.1','{\"_pjax\":\"#pjax-container\"}','2020-07-16 02:11:59','2020-07-16 02:11:59'),(681,2,'admin/business/company','GET','127.0.0.1','{\"_pjax\":\"#pjax-container\"}','2020-07-16 02:12:00','2020-07-16 02:12:00'),(682,2,'admin/business/company/2/edit','GET','127.0.0.1','{\"_pjax\":\"#pjax-container\"}','2020-07-16 02:12:07','2020-07-16 02:12:07'),(683,2,'admin','GET','127.0.0.1','[]','2020-07-16 02:14:22','2020-07-16 02:14:22'),(684,1,'admin/logs','GET','127.0.0.1','{\"_pjax\":\"#pjax-container\"}','2020-07-16 02:27:51','2020-07-16 02:27:51'),(685,2,'admin','GET','127.0.0.1','[]','2020-07-16 02:34:03','2020-07-16 02:34:03'),(686,2,'admin','GET','127.0.0.1','[]','2020-07-16 02:38:45','2020-07-16 02:38:45'),(687,2,'admin','GET','127.0.0.1','[]','2020-07-16 02:39:15','2020-07-16 02:39:15'),(688,2,'admin','GET','127.0.0.1','[]','2020-07-16 02:39:21','2020-07-16 02:39:21'),(689,2,'admin','GET','127.0.0.1','[]','2020-07-16 02:39:26','2020-07-16 02:39:26'),(690,2,'admin','GET','127.0.0.1','[]','2020-07-16 02:39:36','2020-07-16 02:39:36'),(691,2,'admin','GET','127.0.0.1','[]','2020-07-16 02:39:51','2020-07-16 02:39:51'),(692,2,'admin','GET','127.0.0.1','[]','2020-07-16 02:39:59','2020-07-16 02:39:59'),(693,2,'admin','GET','127.0.0.1','[]','2020-07-16 02:40:14','2020-07-16 02:40:14'),(694,2,'admin','GET','127.0.0.1','[]','2020-07-16 02:40:35','2020-07-16 02:40:35'),(695,2,'admin','GET','127.0.0.1','[]','2020-07-16 02:40:41','2020-07-16 02:40:41'),(696,2,'admin','GET','127.0.0.1','[]','2020-07-16 02:41:48','2020-07-16 02:41:48'),(697,2,'admin','GET','127.0.0.1','[]','2020-07-16 02:42:04','2020-07-16 02:42:04'),(698,2,'admin/business/company','GET','127.0.0.1','{\"_pjax\":\"#pjax-container\"}','2020-07-16 02:42:10','2020-07-16 02:42:10'),(699,2,'admin/business/company/1/edit','GET','127.0.0.1','{\"_pjax\":\"#pjax-container\"}','2020-07-16 02:49:40','2020-07-16 02:49:40'),(700,2,'admin/business/company','GET','127.0.0.1','{\"_pjax\":\"#pjax-container\"}','2020-07-16 02:49:59','2020-07-16 02:49:59'),(701,2,'admin/business/company/1/edit','GET','127.0.0.1','{\"_pjax\":\"#pjax-container\"}','2020-07-16 02:50:24','2020-07-16 02:50:24'),(702,2,'admin/business/company','GET','127.0.0.1','[]','2020-07-16 02:57:19','2020-07-16 02:57:19'),(703,2,'admin/business/company/1/edit','GET','127.0.0.1','{\"_pjax\":\"#pjax-container\"}','2020-07-16 02:57:26','2020-07-16 02:57:26'),(704,2,'admin/business/company/save','GET','127.0.0.1','[]','2020-07-16 03:01:44','2020-07-16 03:01:44'),(705,2,'admin/business/company/save','GET','127.0.0.1','[]','2020-07-16 03:01:52','2020-07-16 03:01:52'),(706,2,'admin/business/company/save','GET','127.0.0.1','[]','2020-07-16 03:02:12','2020-07-16 03:02:12'),(707,2,'admin/business/company/save','GET','127.0.0.1','[]','2020-07-16 03:02:18','2020-07-16 03:02:18'),(708,2,'admin/business/company/save','GET','127.0.0.1','[]','2020-07-16 03:02:43','2020-07-16 03:02:43'),(709,2,'admin/business/company','GET','127.0.0.1','[]','2020-07-16 03:03:24','2020-07-16 03:03:24'),(710,2,'admin/business/company/1/edit','GET','127.0.0.1','{\"_pjax\":\"#pjax-container\"}','2020-07-16 03:03:29','2020-07-16 03:03:29'),(711,2,'admin/business/company/save','GET','127.0.0.1','[]','2020-07-16 03:07:25','2020-07-16 03:07:25'),(712,2,'admin/business/company','GET','127.0.0.1','[]','2020-07-16 03:09:43','2020-07-16 03:09:43'),(713,2,'admin/business/user','GET','127.0.0.1','{\"_pjax\":\"#pjax-container\"}','2020-07-16 03:09:47','2020-07-16 03:09:47'),(714,2,'admin/business/user/2/edit','GET','127.0.0.1','{\"_pjax\":\"#pjax-container\"}','2020-07-16 03:09:54','2020-07-16 03:09:54'),(715,2,'admin/business/user/2','PUT','127.0.0.1','{\"name\":\"test\",\"email\":\"892100089@qq.com\",\"phone\":\"18500387771\",\"_token\":\"1jc7AlUMf9CK0rVh4SSUztXOZ3zXTPN937sUn8mj\",\"_method\":\"PUT\",\"_previous_\":\"http:\\/\\/wyadmin.xwweb.com\\/admin\\/business\\/user\"}','2020-07-16 03:10:00','2020-07-16 03:10:00'),(716,2,'admin/business/user','GET','127.0.0.1','[]','2020-07-16 03:10:01','2020-07-16 03:10:01'),(717,2,'admin/business/user/1/edit','GET','127.0.0.1','{\"_pjax\":\"#pjax-container\"}','2020-07-16 03:10:25','2020-07-16 03:10:25'),(718,2,'admin/business/user/1','PUT','127.0.0.1','{\"name\":\"xuewei\",\"email\":\"xuewei@qq.com\",\"phone\":\"15827068283\",\"_token\":\"1jc7AlUMf9CK0rVh4SSUztXOZ3zXTPN937sUn8mj\",\"_method\":\"PUT\",\"_previous_\":\"http:\\/\\/wyadmin.xwweb.com\\/admin\\/business\\/user\"}','2020-07-16 03:10:31','2020-07-16 03:10:31'),(719,2,'admin/business/user','GET','127.0.0.1','[]','2020-07-16 03:10:35','2020-07-16 03:10:35'),(720,2,'admin/business/user/1/edit','GET','127.0.0.1','{\"_pjax\":\"#pjax-container\"}','2020-07-16 03:10:40','2020-07-16 03:10:40'),(721,2,'admin/business/user/1','PUT','127.0.0.1','{\"name\":\"xuewei\",\"email\":\"xuewei@qq.com\",\"phone\":\"15827068283\",\"_token\":\"1jc7AlUMf9CK0rVh4SSUztXOZ3zXTPN937sUn8mj\",\"_method\":\"PUT\",\"_previous_\":\"http:\\/\\/wyadmin.xwweb.com\\/admin\\/business\\/user\"}','2020-07-16 03:10:47','2020-07-16 03:10:47'),(722,2,'admin/business/user','GET','127.0.0.1','[]','2020-07-16 03:10:48','2020-07-16 03:10:48'),(723,2,'admin/business/company','GET','127.0.0.1','{\"_pjax\":\"#pjax-container\"}','2020-07-16 03:21:22','2020-07-16 03:21:22'),(724,2,'admin/business/company/create','GET','127.0.0.1','{\"_pjax\":\"#pjax-container\"}','2020-07-16 03:21:53','2020-07-16 03:21:53'),(725,2,'admin/business/company/save','POST','127.0.0.1','{\"name\":\"test\",\"credit_code\":\"3\",\"proj_count\":\"1\",\"contact_per\":\"23\",\"tel\":\"15827068282\",\"province_id\":null,\"city_id\":null,\"district_id\":null,\"address\":null,\"remark\":null,\"_token\":\"1jc7AlUMf9CK0rVh4SSUztXOZ3zXTPN937sUn8mj\",\"_previous_\":\"http:\\/\\/wyadmin.xwweb.com\\/admin\\/business\\/company\"}','2020-07-16 03:22:24','2020-07-16 03:22:24'),(726,1,'admin/logs','GET','127.0.0.1','{\"_pjax\":\"#pjax-container\"}','2020-07-16 03:27:18','2020-07-16 03:27:18'),(727,1,'admin/logs','GET','127.0.0.1','{\"_pjax\":\"#pjax-container\"}','2020-07-16 03:27:48','2020-07-16 03:27:48'),(728,1,'admin/logs','GET','127.0.0.1','{\"_pjax\":\"#pjax-container\"}','2020-07-16 03:28:43','2020-07-16 03:28:43'),(729,1,'admin/logs','GET','127.0.0.1','{\"_pjax\":\"#pjax-container\"}','2020-07-16 03:32:06','2020-07-16 03:32:06'),(730,2,'admin/business/company/1/save','GET','127.0.0.1','[]','2020-07-16 03:40:34','2020-07-16 03:40:34'),(731,2,'admin/business/company','GET','127.0.0.1','[]','2020-07-16 03:40:49','2020-07-16 03:40:49'),(732,2,'admin/business/company/1/edit','GET','127.0.0.1','{\"_pjax\":\"#pjax-container\"}','2020-07-16 03:41:35','2020-07-16 03:41:35'),(733,2,'admin/business/company','GET','127.0.0.1','[]','2020-07-16 03:42:25','2020-07-16 03:42:25'),(734,2,'admin/business/company/1/edit','GET','127.0.0.1','{\"_pjax\":\"#pjax-container\"}','2020-07-16 03:42:30','2020-07-16 03:42:30'),(735,2,'admin/business/company/1/save','PUT','127.0.0.1','{\"name\":\"\\u5317\\u4eac\\u661f\\u56fe\\u79d1\\u6280\",\"credit_code\":null,\"proj_count\":\"3\",\"contact_per\":\"\\u5f20\\u4e09\\u4e30\",\"tel\":\"15827068282\",\"province_id\":\"120000\",\"city_id\":\"120100\",\"district_id\":\"120101\",\"address\":\"\\u5317\\u4eac\\u5e02\\u671d\\u9633\\u533a\\u7eff\\u5730\\u4e2d\\u5fc3c\\u5ea7\",\"remark\":\"123133\",\"_token\":\"1jc7AlUMf9CK0rVh4SSUztXOZ3zXTPN937sUn8mj\",\"_method\":\"PUT\",\"_previous_\":\"http:\\/\\/wyadmin.xwweb.com\\/admin\\/business\\/company\\/\"}','2020-07-16 03:42:52','2020-07-16 03:42:52'),(736,2,'admin','GET','127.0.0.1','[]','2020-07-16 03:43:57','2020-07-16 03:43:57'),(737,2,'admin','GET','127.0.0.1','{\"_pjax\":\"#pjax-container\"}','2020-07-16 03:44:18','2020-07-16 03:44:18'),(738,2,'admin/business/company','GET','127.0.0.1','{\"_pjax\":\"#pjax-container\"}','2020-07-16 03:44:26','2020-07-16 03:44:26'),(739,2,'admin/business/user','GET','127.0.0.1','{\"_pjax\":\"#pjax-container\"}','2020-07-16 03:44:46','2020-07-16 03:44:46'),(740,2,'admin/business/user/1/edit','GET','127.0.0.1','{\"_pjax\":\"#pjax-container\"}','2020-07-16 03:44:54','2020-07-16 03:44:54'),(741,2,'admin/business/user/1','PUT','127.0.0.1','{\"name\":\"xuewei\",\"email\":\"xuewei@qq.com\",\"phone\":\"15827068283\",\"_token\":\"1jc7AlUMf9CK0rVh4SSUztXOZ3zXTPN937sUn8mj\",\"_method\":\"PUT\",\"_previous_\":\"http:\\/\\/wyadmin.xwweb.com\\/admin\\/business\\/user\"}','2020-07-16 03:45:10','2020-07-16 03:45:10'),(742,2,'admin/business/user','GET','127.0.0.1','[]','2020-07-16 03:45:11','2020-07-16 03:45:11'),(743,2,'admin/business/user/1/edit','GET','127.0.0.1','{\"_pjax\":\"#pjax-container\"}','2020-07-16 03:45:19','2020-07-16 03:45:19'),(744,2,'admin/business/user/1','PUT','127.0.0.1','{\"name\":\"xuewei\",\"email\":\"xuewei@qq.com\",\"phone\":\"15827068283\",\"_token\":\"1jc7AlUMf9CK0rVh4SSUztXOZ3zXTPN937sUn8mj\",\"_method\":\"PUT\",\"_previous_\":\"http:\\/\\/wyadmin.xwweb.com\\/admin\\/business\\/user\"}','2020-07-16 03:45:26','2020-07-16 03:45:26'),(745,2,'admin/business/user','GET','127.0.0.1','[]','2020-07-16 03:45:26','2020-07-16 03:45:26'),(746,2,'admin/business/user/1/edit','GET','127.0.0.1','{\"_pjax\":\"#pjax-container\"}','2020-07-16 03:45:38','2020-07-16 03:45:38'),(747,2,'admin/business/user/1','PUT','127.0.0.1','{\"name\":\"xuewei\",\"email\":\"xuewei@qq.com\",\"phone\":\"15827068283\",\"_token\":\"1jc7AlUMf9CK0rVh4SSUztXOZ3zXTPN937sUn8mj\",\"_method\":\"PUT\",\"_previous_\":\"http:\\/\\/wyadmin.xwweb.com\\/admin\\/business\\/user\"}','2020-07-16 03:45:49','2020-07-16 03:45:49'),(748,2,'admin/business/user','GET','127.0.0.1','[]','2020-07-16 03:45:50','2020-07-16 03:45:50'),(749,2,'admin/auth/permissions','GET','127.0.0.1','{\"_pjax\":\"#pjax-container\"}','2020-07-16 03:48:01','2020-07-16 03:48:01'),(750,2,'admin/auth/permissions/create','GET','127.0.0.1','{\"_pjax\":\"#pjax-container\"}','2020-07-16 03:48:10','2020-07-16 03:48:10'),(751,2,'admin/sys/product','GET','127.0.0.1','{\"_pjax\":\"#pjax-container\"}','2020-07-16 03:48:36','2020-07-16 03:48:36'),(752,1,'admin/logs','GET','127.0.0.1','{\"_pjax\":\"#pjax-container\"}','2020-07-16 03:58:11','2020-07-16 03:58:11'),(753,1,'admin/logs','GET','127.0.0.1','{\"_pjax\":\"#pjax-container\"}','2020-07-16 03:59:19','2020-07-16 03:59:19'),(754,1,'admin/logs','GET','127.0.0.1','{\"_pjax\":\"#pjax-container\"}','2020-07-16 03:59:24','2020-07-16 03:59:24'),(755,2,'admin/sys/product','GET','127.0.0.1','[]','2020-07-16 04:08:47','2020-07-16 04:08:47'),(756,2,'admin/sys/product/create','GET','127.0.0.1','{\"_pjax\":\"#pjax-container\"}','2020-07-16 04:08:54','2020-07-16 04:08:54'),(757,2,'admin/sys/product','POST','127.0.0.1','{\"name\":\"test\",\"price\":\"12\",\"_token\":\"1jc7AlUMf9CK0rVh4SSUztXOZ3zXTPN937sUn8mj\",\"_previous_\":\"http:\\/\\/wyadmin.xwweb.com\\/admin\\/sys\\/product\"}','2020-07-16 04:09:09','2020-07-16 04:09:09'),(758,2,'admin/sys/product/create','GET','127.0.0.1','[]','2020-07-16 04:09:10','2020-07-16 04:09:10'),(759,2,'admin/sys/product','POST','127.0.0.1','{\"name\":\"test\",\"price\":\"12\",\"_token\":\"1jc7AlUMf9CK0rVh4SSUztXOZ3zXTPN937sUn8mj\"}','2020-07-16 04:09:39','2020-07-16 04:09:39'),(760,2,'admin/sys/product/create','GET','127.0.0.1','[]','2020-07-16 04:09:40','2020-07-16 04:09:40'),(761,2,'admin/sys/product/create','GET','127.0.0.1','{\"_pjax\":\"#pjax-container\"}','2020-07-16 04:11:54','2020-07-16 04:11:54'),(762,2,'admin/sys/product','GET','127.0.0.1','{\"_pjax\":\"#pjax-container\"}','2020-07-16 04:12:09','2020-07-16 04:12:09'),(763,2,'admin/sys/product/2/edit','GET','127.0.0.1','{\"_pjax\":\"#pjax-container\"}','2020-07-16 04:12:13','2020-07-16 04:12:13'),(764,2,'admin/sys/product/2','PUT','127.0.0.1','{\"name\":\"\\u666e\\u901a\\u7248\",\"price\":\"600\",\"_token\":\"1jc7AlUMf9CK0rVh4SSUztXOZ3zXTPN937sUn8mj\",\"_method\":\"PUT\",\"_previous_\":\"http:\\/\\/wyadmin.xwweb.com\\/admin\\/sys\\/product\"}','2020-07-16 04:12:20','2020-07-16 04:12:20'),(765,2,'admin/sys/product','GET','127.0.0.1','[]','2020-07-16 04:12:24','2020-07-16 04:12:24'),(766,2,'admin/sys/product','GET','127.0.0.1','[]','2020-07-16 05:02:45','2020-07-16 05:02:45'),(767,2,'admin/sys/product/create','GET','127.0.0.1','{\"_pjax\":\"#pjax-container\"}','2020-07-16 05:02:49','2020-07-16 05:02:49'),(768,2,'admin/sys/product/save','GET','127.0.0.1','[]','2020-07-16 05:03:39','2020-07-16 05:03:39'),(769,2,'admin/sys/product','GET','127.0.0.1','[]','2020-07-16 05:03:43','2020-07-16 05:03:43'),(770,2,'admin/sys/product','GET','127.0.0.1','[]','2020-07-16 05:03:47','2020-07-16 05:03:47'),(771,2,'admin/sys/product/create','GET','127.0.0.1','{\"_pjax\":\"#pjax-container\"}','2020-07-16 05:03:52','2020-07-16 05:03:52'),(772,2,'admin/sys/product/save','POST','127.0.0.1','{\"name\":\"test\",\"price\":\"1000\",\"_token\":\"1jc7AlUMf9CK0rVh4SSUztXOZ3zXTPN937sUn8mj\",\"_previous_\":\"http:\\/\\/wyadmin.xwweb.com\\/admin\\/sys\\/product\\/\"}','2020-07-16 05:04:08','2020-07-16 05:04:08'),(773,2,'admin/sys/product/create','GET','127.0.0.1','[]','2020-07-16 05:04:09','2020-07-16 05:04:09'),(774,2,'admin/sys/product/create','GET','127.0.0.1','{\"_pjax\":\"#pjax-container\"}','2020-07-16 05:04:39','2020-07-16 05:04:39'),(775,2,'admin/sys/product/save','POST','127.0.0.1','{\"name\":null,\"price\":null,\"_token\":\"1jc7AlUMf9CK0rVh4SSUztXOZ3zXTPN937sUn8mj\"}','2020-07-16 05:04:42','2020-07-16 05:04:42'),(776,2,'admin/sys/product/create','GET','127.0.0.1','{\"_pjax\":\"#pjax-container\"}','2020-07-16 05:05:00','2020-07-16 05:05:00'),(777,2,'admin/sys/product/save','POST','127.0.0.1','{\"name\":\"test\",\"price\":\"1\",\"_token\":\"1jc7AlUMf9CK0rVh4SSUztXOZ3zXTPN937sUn8mj\"}','2020-07-16 05:05:15','2020-07-16 05:05:15'),(778,2,'admin/sys/product/create','GET','127.0.0.1','{\"_pjax\":\"#pjax-container\"}','2020-07-16 05:05:21','2020-07-16 05:05:21'),(779,2,'admin/sys/product','GET','127.0.0.1','{\"_pjax\":\"#pjax-container\"}','2020-07-16 05:05:27','2020-07-16 05:05:27'),(780,2,'admin/sys/product/1/edit','GET','127.0.0.1','{\"_pjax\":\"#pjax-container\"}','2020-07-16 05:05:35','2020-07-16 05:05:35'),(781,2,'admin/sys/product','GET','127.0.0.1','{\"_pjax\":\"#pjax-container\"}','2020-07-16 06:30:25','2020-07-16 06:30:25'),(782,2,'admin/sys/product/create','GET','127.0.0.1','{\"_pjax\":\"#pjax-container\"}','2020-07-16 06:30:32','2020-07-16 06:30:32'),(783,2,'admin/sys/product/save','POST','127.0.0.1','{\"name\":\"sdf\",\"price\":\"100\",\"_token\":\"1jc7AlUMf9CK0rVh4SSUztXOZ3zXTPN937sUn8mj\",\"_previous_\":\"http:\\/\\/wyadmin.xwweb.com\\/admin\\/sys\\/product\"}','2020-07-16 06:30:43','2020-07-16 06:30:43'),(784,2,'admin/sys/product/create','GET','127.0.0.1','{\"_pjax\":\"#pjax-container\"}','2020-07-16 06:32:10','2020-07-16 06:32:10'),(785,2,'admin/sys/product','GET','127.0.0.1','[]','2020-07-16 06:32:13','2020-07-16 06:32:13'),(786,2,'admin/sys/product/create','GET','127.0.0.1','{\"_pjax\":\"#pjax-container\"}','2020-07-16 06:32:18','2020-07-16 06:32:18'),(787,2,'admin/sys/product/save','POST','127.0.0.1','{\"name\":\"test\",\"price\":\"100\",\"_token\":\"1jc7AlUMf9CK0rVh4SSUztXOZ3zXTPN937sUn8mj\",\"_previous_\":\"http:\\/\\/wyadmin.xwweb.com\\/admin\\/sys\\/product\"}','2020-07-16 06:32:38','2020-07-16 06:32:38'),(788,2,'admin/sys/product/save','GET','127.0.0.1','[]','2020-07-16 06:41:28','2020-07-16 06:41:28'),(789,2,'admin/sys/product/save','GET','127.0.0.1','[]','2020-07-16 06:41:34','2020-07-16 06:41:34'),(790,2,'admin/sys/product/create','GET','127.0.0.1','[]','2020-07-16 06:41:59','2020-07-16 06:41:59'),(791,2,'admin/sys/product/create','GET','127.0.0.1','[]','2020-07-16 06:42:22','2020-07-16 06:42:22'),(792,2,'admin/sys/product/save','POST','127.0.0.1','{\"name\":\"test\",\"price\":\"100\",\"_token\":\"1jc7AlUMf9CK0rVh4SSUztXOZ3zXTPN937sUn8mj\"}','2020-07-16 06:42:57','2020-07-16 06:42:57'),(793,2,'admin/sys/product/create','GET','127.0.0.1','[]','2020-07-16 06:42:59','2020-07-16 06:42:59'),(794,2,'admin/sys/product/create','GET','127.0.0.1','{\"_pjax\":\"#pjax-container\"}','2020-07-16 06:47:13','2020-07-16 06:47:13'),(795,2,'admin/sys/product/create','GET','127.0.0.1','[]','2020-07-16 06:47:25','2020-07-16 06:47:25'),(796,2,'admin/sys/product/save','POST','127.0.0.1','{\"name\":\"test\",\"price\":\"100\",\"_token\":\"1jc7AlUMf9CK0rVh4SSUztXOZ3zXTPN937sUn8mj\"}','2020-07-16 06:47:43','2020-07-16 06:47:43'),(797,2,'admin/sys/product/save','GET','127.0.0.1','[]','2020-07-16 06:47:44','2020-07-16 06:47:44'),(798,2,'admin/sys/product/save','POST','127.0.0.1','{\"name\":\"test\",\"price\":\"100\",\"_token\":\"1jc7AlUMf9CK0rVh4SSUztXOZ3zXTPN937sUn8mj\"}','2020-07-16 06:48:20','2020-07-16 06:48:20'),(799,2,'admin/sys/product/save','GET','127.0.0.1','[]','2020-07-16 06:48:21','2020-07-16 06:48:21'),(800,2,'admin/sys/product/save','POST','127.0.0.1','{\"name\":\"test\",\"price\":null,\"_token\":\"1jc7AlUMf9CK0rVh4SSUztXOZ3zXTPN937sUn8mj\"}','2020-07-16 06:48:40','2020-07-16 06:48:40'),(801,2,'admin/sys/product/create','GET','127.0.0.1','{\"_pjax\":\"#pjax-container\"}','2020-07-16 06:48:54','2020-07-16 06:48:54'),(802,2,'admin/sys/product/save','POST','127.0.0.1','{\"name\":\"test\",\"price\":\"100\",\"_token\":\"1jc7AlUMf9CK0rVh4SSUztXOZ3zXTPN937sUn8mj\"}','2020-07-16 06:49:10','2020-07-16 06:49:10'),(803,2,'admin/sys/product/save','GET','127.0.0.1','[]','2020-07-16 06:52:31','2020-07-16 06:52:31'),(804,2,'admin/sys/product/create','GET','127.0.0.1','[]','2020-07-16 07:23:47','2020-07-16 07:23:47'),(805,2,'admin/business/company','GET','127.0.0.1','[]','2020-07-16 07:24:51','2020-07-16 07:24:51'),(806,2,'admin/business/company/1/edit','GET','127.0.0.1','{\"_pjax\":\"#pjax-container\"}','2020-07-16 07:24:58','2020-07-16 07:24:58'),(807,2,'admin/business/company/1','PUT','127.0.0.1','{\"name\":\"\\u5317\\u4eac\\u661f\\u56fe\\u79d1\\u6280\",\"credit_code\":null,\"proj_count\":\"3\",\"contact_per\":\"\\u5f20\\u4e09\\u4e30\",\"tel\":\"15827068282\",\"province_id\":\"120000\",\"city_id\":\"120100\",\"district_id\":\"120101\",\"address\":\"\\u5317\\u4eac\\u5e02\\u671d\\u9633\\u533a\\u7eff\\u5730\\u4e2d\\u5fc3c\\u5ea7\",\"remark\":\"123133\",\"_token\":\"1jc7AlUMf9CK0rVh4SSUztXOZ3zXTPN937sUn8mj\",\"_method\":\"PUT\",\"_previous_\":\"http:\\/\\/wyadmin.xwweb.com\\/admin\\/business\\/company\"}','2020-07-16 07:25:29','2020-07-16 07:25:29'),(808,2,'admin/business/company/1/edit','GET','127.0.0.1','[]','2020-07-16 07:25:30','2020-07-16 07:25:30'),(809,2,'admin/business/company/1','PUT','127.0.0.1','{\"name\":\"\\u5317\\u4eac\\u661f\\u56fe\\u79d1\\u6280\",\"credit_code\":null,\"proj_count\":\"3\",\"contact_per\":\"\\u5f20\\u4e09\\u4e30\",\"tel\":\"15827068282\",\"province_id\":\"120000\",\"city_id\":\"120100\",\"district_id\":\"120101\",\"address\":\"\\u5317\\u4eac\\u5e02\\u671d\\u9633\\u533a\\u7eff\\u5730\\u4e2d\\u5fc3c\\u5ea7\",\"remark\":\"123133\",\"_token\":\"1jc7AlUMf9CK0rVh4SSUztXOZ3zXTPN937sUn8mj\",\"_method\":\"PUT\"}','2020-07-16 07:26:28','2020-07-16 07:26:28'),(810,2,'admin/business/company/1/edit','GET','127.0.0.1','[]','2020-07-16 07:26:28','2020-07-16 07:26:28'),(811,2,'admin/business/company/1/edit','GET','127.0.0.1','[]','2020-07-16 07:26:59','2020-07-16 07:26:59'),(812,2,'admin/business/company/1','PUT','127.0.0.1','{\"name\":\"\\u5317\\u4eac\\u661f\\u56fe\\u79d1\\u6280\",\"credit_code\":null,\"proj_count\":\"3\",\"contact_per\":\"\\u5f20\\u4e09\\u4e30\",\"tel\":\"15827068282\",\"province_id\":\"120000\",\"city_id\":\"120100\",\"district_id\":\"120101\",\"address\":\"\\u5317\\u4eac\\u5e02\\u671d\\u9633\\u533a\\u7eff\\u5730\\u4e2d\\u5fc3c\\u5ea7\",\"remark\":\"123133\",\"_token\":\"1jc7AlUMf9CK0rVh4SSUztXOZ3zXTPN937sUn8mj\",\"_method\":\"PUT\",\"_previous_\":\"http:\\/\\/wyadmin.xwweb.com\\/admin\\/business\\/company\"}','2020-07-16 07:27:05','2020-07-16 07:27:05'),(813,2,'admin/business/company','GET','127.0.0.1','[]','2020-07-16 07:27:06','2020-07-16 07:27:06'),(814,2,'admin/business/company/1/edit','GET','127.0.0.1','{\"_pjax\":\"#pjax-container\"}','2020-07-16 07:27:25','2020-07-16 07:27:25'),(815,2,'admin/business/company/1','PUT','127.0.0.1','{\"name\":\"\\u5317\\u4eac\\u661f\\u56fe\\u79d1\\u6280\",\"credit_code\":null,\"proj_count\":\"3\",\"contact_per\":\"\\u5f20\\u4e09\\u4e30\",\"tel\":\"15827068282\",\"province_id\":\"120000\",\"city_id\":\"120100\",\"district_id\":\"120101\",\"address\":\"\\u5317\\u4eac\\u5e02\\u671d\\u9633\\u533a\\u7eff\\u5730\\u4e2d\\u5fc3c\\u5ea7\",\"remark\":\"123133\",\"_token\":\"1jc7AlUMf9CK0rVh4SSUztXOZ3zXTPN937sUn8mj\",\"_method\":\"PUT\",\"_previous_\":\"http:\\/\\/wyadmin.xwweb.com\\/admin\\/business\\/company\"}','2020-07-16 07:27:31','2020-07-16 07:27:31'),(816,2,'admin/business/company/1/edit','GET','127.0.0.1','[]','2020-07-16 07:27:32','2020-07-16 07:27:32'),(817,2,'admin','GET','127.0.0.1','[]','2020-07-16 07:27:44','2020-07-16 07:27:44'),(818,2,'admin/logs','GET','127.0.0.1','{\"_pjax\":\"#pjax-container\"}','2020-07-16 07:27:48','2020-07-16 07:27:48'),(819,2,'admin/business/company/1','PUT','127.0.0.1','{\"name\":\"\\u5317\\u4eac\\u661f\\u56fe\\u79d1\\u6280\",\"credit_code\":null,\"proj_count\":\"3\",\"contact_per\":\"\\u5f20\\u4e09\\u4e30\",\"tel\":\"15827068282\",\"province_id\":\"120000\",\"city_id\":\"120100\",\"district_id\":\"120101\",\"address\":\"\\u5317\\u4eac\\u5e02\\u671d\\u9633\\u533a\\u7eff\\u5730\\u4e2d\\u5fc3c\\u5ea7\",\"remark\":\"123133\",\"_token\":\"1jc7AlUMf9CK0rVh4SSUztXOZ3zXTPN937sUn8mj\",\"_method\":\"PUT\"}','2020-07-16 07:28:56','2020-07-16 07:28:56'),(820,2,'admin/business/company','GET','127.0.0.1','[]','2020-07-16 07:28:57','2020-07-16 07:28:57'),(821,2,'admin/business/company/1/edit','GET','127.0.0.1','{\"_pjax\":\"#pjax-container\"}','2020-07-16 07:30:37','2020-07-16 07:30:37'),(822,2,'admin/business/company/1','PUT','127.0.0.1','{\"name\":\"\\u5317\\u4eac\\u661f\\u56fe\\u79d1\\u6280\",\"credit_code\":null,\"proj_count\":\"3\",\"contact_per\":\"\\u5f20\\u4e09\\u4e30\",\"tel\":\"15827068282\",\"province_id\":\"120000\",\"city_id\":\"120100\",\"district_id\":\"120101\",\"address\":\"\\u5317\\u4eac\\u5e02\\u671d\\u9633\\u533a\\u7eff\\u5730\\u4e2d\\u5fc3c\\u5ea7\",\"remark\":\"123133\",\"_token\":\"1jc7AlUMf9CK0rVh4SSUztXOZ3zXTPN937sUn8mj\",\"_method\":\"PUT\",\"_previous_\":\"http:\\/\\/wyadmin.xwweb.com\\/admin\\/business\\/company\"}','2020-07-16 07:30:41','2020-07-16 07:30:41'),(823,2,'admin/business/company/1/edit','GET','127.0.0.1','[]','2020-07-16 07:30:42','2020-07-16 07:30:42'),(824,2,'admin/business/company/1','PUT','127.0.0.1','{\"name\":\"\\u5317\\u4eac\\u661f\\u56fe\\u79d1\\u6280\",\"credit_code\":null,\"proj_count\":\"3\",\"contact_per\":\"\\u5f20\\u4e09\\u4e30\",\"tel\":\"15827068282\",\"province_id\":\"120000\",\"city_id\":\"120100\",\"district_id\":\"120101\",\"address\":\"\\u5317\\u4eac\\u5e02\\u671d\\u9633\\u533a\\u7eff\\u5730\\u4e2d\\u5fc3c\\u5ea7\",\"remark\":\"123133\",\"_token\":\"1jc7AlUMf9CK0rVh4SSUztXOZ3zXTPN937sUn8mj\",\"_method\":\"PUT\"}','2020-07-16 07:31:00','2020-07-16 07:31:00'),(825,2,'admin/business/company/1/edit','GET','127.0.0.1','[]','2020-07-16 07:31:02','2020-07-16 07:31:02'),(826,2,'admin/business/company/1','PUT','127.0.0.1','{\"name\":\"\\u5317\\u4eac\\u661f\\u56fe\\u79d1\\u6280\",\"credit_code\":null,\"proj_count\":\"3\",\"contact_per\":\"\\u5f20\\u4e09\\u4e30\",\"tel\":\"15827068282\",\"province_id\":\"120000\",\"city_id\":\"120100\",\"district_id\":\"120101\",\"address\":\"\\u5317\\u4eac\\u5e02\\u671d\\u9633\\u533a\\u7eff\\u5730\\u4e2d\\u5fc3c\\u5ea7\",\"remark\":\"123133\",\"_token\":\"1jc7AlUMf9CK0rVh4SSUztXOZ3zXTPN937sUn8mj\",\"_method\":\"PUT\"}','2020-07-16 07:31:15','2020-07-16 07:31:15'),(827,2,'admin/business/company/1/edit','GET','127.0.0.1','[]','2020-07-16 07:31:16','2020-07-16 07:31:16'),(828,2,'admin/business/company/1/edit','GET','127.0.0.1','[]','2020-07-16 07:33:29','2020-07-16 07:33:29'),(829,2,'admin/business/company/1','PUT','127.0.0.1','{\"name\":\"\\u5317\\u4eac\\u661f\\u56fe\\u79d1\\u6280\",\"credit_code\":null,\"proj_count\":\"3\",\"contact_per\":\"\\u5f20\\u4e09\\u4e30\",\"tel\":\"15827068282\",\"province_id\":\"120000\",\"city_id\":\"120100\",\"district_id\":\"120101\",\"address\":\"\\u5317\\u4eac\\u5e02\\u671d\\u9633\\u533a\\u7eff\\u5730\\u4e2d\\u5fc3c\\u5ea7\",\"remark\":\"123133\",\"_token\":\"1jc7AlUMf9CK0rVh4SSUztXOZ3zXTPN937sUn8mj\",\"_method\":\"PUT\",\"_previous_\":\"http:\\/\\/wyadmin.xwweb.com\\/admin\\/business\\/company\"}','2020-07-16 07:33:39','2020-07-16 07:33:39'),(830,2,'admin/business/company','GET','127.0.0.1','[]','2020-07-16 07:33:40','2020-07-16 07:33:40'),(831,2,'admin/business/company/1/edit','GET','127.0.0.1','{\"_pjax\":\"#pjax-container\"}','2020-07-16 07:34:37','2020-07-16 07:34:37'),(832,2,'admin/business/company/1','PUT','127.0.0.1','{\"name\":\"\\u5317\\u4eac\\u661f\\u56fe\\u79d1\\u6280\",\"credit_code\":null,\"proj_count\":\"3\",\"contact_per\":\"\\u5f20\\u4e09\\u4e30\",\"tel\":\"15827068282\",\"province_id\":\"120000\",\"city_id\":\"120100\",\"district_id\":\"120101\",\"address\":\"\\u5317\\u4eac\\u5e02\\u671d\\u9633\\u533a\\u7eff\\u5730\\u4e2d\\u5fc3c\\u5ea7\",\"remark\":\"123133\",\"_token\":\"1jc7AlUMf9CK0rVh4SSUztXOZ3zXTPN937sUn8mj\",\"_method\":\"PUT\",\"_previous_\":\"http:\\/\\/wyadmin.xwweb.com\\/admin\\/business\\/company\"}','2020-07-16 07:34:41','2020-07-16 07:34:41'),(833,2,'admin/business/company/1/edit','GET','127.0.0.1','[]','2020-07-16 07:34:43','2020-07-16 07:34:43'),(834,2,'admin/business/company/1/edit','GET','127.0.0.1','{\"_pjax\":\"#pjax-container\"}','2020-07-16 07:35:43','2020-07-16 07:35:43'),(835,2,'admin/business/company','GET','127.0.0.1','{\"_pjax\":\"#pjax-container\"}','2020-07-16 07:35:43','2020-07-16 07:35:43'),(836,2,'admin/business/company/2/edit','GET','127.0.0.1','{\"_pjax\":\"#pjax-container\"}','2020-07-16 07:35:50','2020-07-16 07:35:50'),(837,2,'admin/business/company/2','PUT','127.0.0.1','{\"name\":\"\\u5317\\u4eac\\u4e1c\\u65b9\\u4ea7\\u4e1a\\u56ed\",\"credit_code\":null,\"proj_count\":\"1\",\"contact_per\":\"\\u674e\\u632f\\u534e\",\"tel\":\"18500387771\",\"province_id\":\"110000\",\"city_id\":\"110100\",\"district_id\":\"110101\",\"address\":\"\\u4e00\\u5355\\u51431\\u53f7\\u697c1101\",\"remark\":\"\\u5317\\u4eac\\u4e1c\\u65b9\\u4ea7\\u4e1a\\u56ed\",\"_token\":\"1jc7AlUMf9CK0rVh4SSUztXOZ3zXTPN937sUn8mj\",\"_method\":\"PUT\",\"_previous_\":\"http:\\/\\/wyadmin.xwweb.com\\/admin\\/business\\/company\"}','2020-07-16 07:35:57','2020-07-16 07:35:57'),(838,2,'admin/business/company','GET','127.0.0.1','[]','2020-07-16 07:35:58','2020-07-16 07:35:58'),(839,2,'admin/business/company','GET','127.0.0.1','[]','2020-07-16 07:39:17','2020-07-16 07:39:17'),(840,2,'admin/business/company/2/edit','GET','127.0.0.1','{\"_pjax\":\"#pjax-container\"}','2020-07-16 07:39:24','2020-07-16 07:39:24'),(841,2,'admin/business/company/2','PUT','127.0.0.1','{\"name\":\"\\u5317\\u4eac\\u4e1c\\u65b9\\u4ea7\\u4e1a\\u56ed\",\"credit_code\":null,\"proj_count\":\"1\",\"contact_per\":\"\\u674e\\u632f\\u534e\",\"tel\":\"18500387771\",\"province_id\":\"110000\",\"city_id\":\"110100\",\"district_id\":\"110101\",\"address\":\"\\u4e00\\u5355\\u51431\\u53f7\\u697c1101\",\"remark\":\"\\u5317\\u4eac\\u4e1c\\u65b9\\u4ea7\\u4e1a\\u56ed\",\"_token\":\"1jc7AlUMf9CK0rVh4SSUztXOZ3zXTPN937sUn8mj\",\"_method\":\"PUT\",\"_previous_\":\"http:\\/\\/wyadmin.xwweb.com\\/admin\\/business\\/company\"}','2020-07-16 07:39:52','2020-07-16 07:39:52'),(842,2,'admin/business/company/2/edit','GET','127.0.0.1','[]','2020-07-16 07:39:54','2020-07-16 07:39:54'),(843,2,'admin/business/company/2/edit','GET','127.0.0.1','[]','2020-07-16 07:41:37','2020-07-16 07:41:37'),(844,2,'admin/business/company/2','PUT','127.0.0.1','{\"name\":\"\\u5317\\u4eac\\u4e1c\\u65b9\\u4ea7\\u4e1a\\u56ed\",\"credit_code\":null,\"proj_count\":\"1\",\"contact_per\":\"\\u674e\\u632f\\u534e\",\"tel\":\"18500387771\",\"province_id\":\"110000\",\"city_id\":\"110100\",\"district_id\":\"110101\",\"address\":\"\\u4e00\\u5355\\u51431\\u53f7\\u697c1101\",\"remark\":\"\\u5317\\u4eac\\u4e1c\\u65b9\\u4ea7\\u4e1a\\u56ed\",\"_token\":\"1jc7AlUMf9CK0rVh4SSUztXOZ3zXTPN937sUn8mj\",\"_method\":\"PUT\",\"_previous_\":\"http:\\/\\/wyadmin.xwweb.com\\/admin\\/business\\/company\"}','2020-07-16 07:41:42','2020-07-16 07:41:42'),(845,2,'admin/business/company/2/edit','GET','127.0.0.1','[]','2020-07-16 07:41:43','2020-07-16 07:41:43'),(846,2,'admin/business/company/2/edit','GET','127.0.0.1','[]','2020-07-16 07:42:35','2020-07-16 07:42:35'),(847,2,'admin/business/company/2','PUT','127.0.0.1','{\"name\":\"\\u5317\\u4eac\\u4e1c\\u65b9\\u4ea7\\u4e1a\\u56ed\",\"credit_code\":null,\"proj_count\":\"1\",\"contact_per\":\"\\u674e\\u632f\\u534e\",\"tel\":\"18500387771\",\"province_id\":\"110000\",\"city_id\":\"110100\",\"district_id\":\"110101\",\"address\":\"\\u4e00\\u5355\\u51431\\u53f7\\u697c1101\",\"remark\":\"\\u5317\\u4eac\\u4e1c\\u65b9\\u4ea7\\u4e1a\\u56ed\",\"_token\":\"1jc7AlUMf9CK0rVh4SSUztXOZ3zXTPN937sUn8mj\",\"_method\":\"PUT\",\"_previous_\":\"http:\\/\\/wyadmin.xwweb.com\\/admin\\/business\\/company\"}','2020-07-16 07:43:15','2020-07-16 07:43:15'),(848,2,'admin/business/company','GET','127.0.0.1','[]','2020-07-16 07:43:16','2020-07-16 07:43:16'),(849,2,'admin/business/company/2/edit','GET','127.0.0.1','{\"_pjax\":\"#pjax-container\"}','2020-07-16 07:44:14','2020-07-16 07:44:14'),(850,2,'admin/business/company/2','PUT','127.0.0.1','{\"name\":\"\\u5317\\u4eac\\u4e1c\\u65b9\\u4ea7\\u4e1a\\u56ed\",\"credit_code\":null,\"proj_count\":\"1\",\"contact_per\":\"\\u674e\\u632f\\u534e\",\"tel\":\"18500387771\",\"province_id\":\"110000\",\"city_id\":\"110100\",\"district_id\":\"110101\",\"address\":\"\\u4e00\\u5355\\u51431\\u53f7\\u697c1101\",\"remark\":\"\\u5317\\u4eac\\u4e1c\\u65b9\\u4ea7\\u4e1a\\u56ed\",\"_token\":\"1jc7AlUMf9CK0rVh4SSUztXOZ3zXTPN937sUn8mj\",\"_method\":\"PUT\",\"_previous_\":\"http:\\/\\/wyadmin.xwweb.com\\/admin\\/business\\/company\"}','2020-07-16 07:44:23','2020-07-16 07:44:23'),(851,2,'admin/business/company','GET','127.0.0.1','[]','2020-07-16 07:44:24','2020-07-16 07:44:24'),(852,2,'admin/business/company/2/edit','GET','127.0.0.1','{\"_pjax\":\"#pjax-container\"}','2020-07-16 07:44:38','2020-07-16 07:44:38'),(853,2,'admin/business/company/2','PUT','127.0.0.1','{\"name\":\"\\u5317\\u4eac\\u4e1c\\u65b9\\u4ea7\\u4e1a\\u56ed\",\"credit_code\":null,\"proj_count\":\"1\",\"contact_per\":\"\\u674e\\u632f\\u534e\",\"tel\":\"18500387771\",\"province_id\":\"110000\",\"city_id\":\"110100\",\"district_id\":\"110101\",\"address\":\"\\u4e00\\u5355\\u51431\\u53f7\\u697c1101\",\"remark\":\"\\u5317\\u4eac\\u4e1c\\u65b9\\u4ea7\\u4e1a\\u56ed\",\"_token\":\"1jc7AlUMf9CK0rVh4SSUztXOZ3zXTPN937sUn8mj\",\"_method\":\"PUT\",\"_previous_\":\"http:\\/\\/wyadmin.xwweb.com\\/admin\\/business\\/company\"}','2020-07-16 07:44:42','2020-07-16 07:44:42'),(854,2,'admin/business/company','GET','127.0.0.1','[]','2020-07-16 07:44:43','2020-07-16 07:44:43'),(855,2,'admin/business/company/create','GET','127.0.0.1','{\"_pjax\":\"#pjax-container\"}','2020-07-16 07:44:49','2020-07-16 07:44:49'),(856,2,'admin/business/company','POST','127.0.0.1','{\"name\":\"\\u6d4b\\u8bd5\\u516c\\u53f8\",\"credit_code\":null,\"proj_count\":\"2\",\"contact_per\":\"\\u5f20\\u4e09\",\"tel\":\"15827068282\",\"province_id\":null,\"city_id\":null,\"district_id\":null,\"address\":null,\"remark\":null,\"_token\":\"1jc7AlUMf9CK0rVh4SSUztXOZ3zXTPN937sUn8mj\",\"_previous_\":\"http:\\/\\/wyadmin.xwweb.com\\/admin\\/business\\/company\"}','2020-07-16 07:45:17','2020-07-16 07:45:17'),(857,2,'admin/business/company','GET','127.0.0.1','[]','2020-07-16 07:45:18','2020-07-16 07:45:18'),(858,2,'admin/business/company/4/edit','GET','127.0.0.1','{\"_pjax\":\"#pjax-container\"}','2020-07-16 07:45:32','2020-07-16 07:45:32'),(859,2,'admin/business/company/4','PUT','127.0.0.1','{\"name\":\"\\u6d4b\\u8bd5\\u516c\\u53f8\",\"credit_code\":null,\"proj_count\":\"2\",\"contact_per\":\"\\u5f20\\u4e09\",\"tel\":\"15827068282\",\"province_id\":null,\"city_id\":null,\"district_id\":null,\"address\":null,\"remark\":null,\"_token\":\"1jc7AlUMf9CK0rVh4SSUztXOZ3zXTPN937sUn8mj\",\"_method\":\"PUT\",\"_previous_\":\"http:\\/\\/wyadmin.xwweb.com\\/admin\\/business\\/company\"}','2020-07-16 07:45:37','2020-07-16 07:45:37'),(860,2,'admin/business/company','GET','127.0.0.1','[]','2020-07-16 07:45:38','2020-07-16 07:45:38'),(861,2,'admin','GET','127.0.0.1','[]','2020-07-16 09:32:02','2020-07-16 09:32:02'),(862,1,'admin/logs','GET','127.0.0.1','{\"_pjax\":\"#pjax-container\"}','2020-07-18 01:57:51','2020-07-18 01:57:51'),(863,1,'admin/logs','GET','127.0.0.1','{\"_pjax\":\"#pjax-container\"}','2020-07-18 04:51:29','2020-07-18 04:51:29'),(864,2,'admin','GET','127.0.0.1','[]','2020-07-18 04:53:33','2020-07-18 04:53:33'),(865,1,'admin/logs','GET','127.0.0.1','{\"_pjax\":\"#pjax-container\"}','2020-07-18 05:29:31','2020-07-18 05:29:31'),(866,1,'admin','GET','127.0.0.1','[]','2020-07-19 10:05:19','2020-07-19 10:05:19'),(867,1,'admin/logs','GET','127.0.0.1','{\"_pjax\":\"#pjax-container\"}','2020-07-19 10:05:22','2020-07-19 10:05:22'),(868,1,'admin/logs','GET','127.0.0.1','{\"_pjax\":\"#pjax-container\"}','2020-07-19 10:06:08','2020-07-19 10:06:08'),(869,1,'admin/logs','GET','127.0.0.1','{\"_pjax\":\"#pjax-container\"}','2020-07-19 10:07:14','2020-07-19 10:07:14'),(870,1,'admin/logs','GET','127.0.0.1','{\"_pjax\":\"#pjax-container\"}','2020-07-19 10:13:57','2020-07-19 10:13:57'),(871,1,'admin/logs','GET','127.0.0.1','{\"_pjax\":\"#pjax-container\"}','2020-07-19 10:14:28','2020-07-19 10:14:28'),(872,1,'admin/logs','GET','127.0.0.1','{\"_pjax\":\"#pjax-container\"}','2020-07-19 10:14:58','2020-07-19 10:14:58'),(873,1,'admin/logs','GET','127.0.0.1','{\"_pjax\":\"#pjax-container\"}','2020-07-19 10:15:51','2020-07-19 10:15:51'),(874,1,'admin/logs','GET','127.0.0.1','{\"_pjax\":\"#pjax-container\"}','2020-07-19 10:16:09','2020-07-19 10:16:09'),(875,1,'admin/logs','GET','127.0.0.1','{\"_pjax\":\"#pjax-container\"}','2020-07-19 10:16:25','2020-07-19 10:16:25'),(876,1,'admin/logs','GET','127.0.0.1','{\"_pjax\":\"#pjax-container\"}','2020-07-19 10:17:48','2020-07-19 10:17:48'),(877,1,'admin/logs','GET','127.0.0.1','{\"_pjax\":\"#pjax-container\"}','2020-07-19 10:18:02','2020-07-19 10:18:02'),(878,1,'admin/logs','GET','127.0.0.1','{\"_pjax\":\"#pjax-container\"}','2020-07-19 10:18:03','2020-07-19 10:18:03'),(879,1,'admin/logs','GET','127.0.0.1','{\"_pjax\":\"#pjax-container\"}','2020-07-19 10:19:24','2020-07-19 10:19:24'),(880,1,'admin/logs','GET','127.0.0.1','{\"_pjax\":\"#pjax-container\"}','2020-07-19 10:26:20','2020-07-19 10:26:20'),(881,1,'admin/logs','GET','127.0.0.1','{\"_pjax\":\"#pjax-container\"}','2020-07-19 12:39:16','2020-07-19 12:39:16'),(882,1,'admin/logs','GET','127.0.0.1','{\"_pjax\":\"#pjax-container\"}','2020-07-19 12:39:27','2020-07-19 12:39:27'),(883,1,'admin/logs','GET','127.0.0.1','{\"_pjax\":\"#pjax-container\"}','2020-07-19 12:39:55','2020-07-19 12:39:55'),(884,1,'admin/logs','GET','127.0.0.1','{\"_pjax\":\"#pjax-container\"}','2020-07-19 13:53:21','2020-07-19 13:53:21'),(885,1,'admin/logs','GET','127.0.0.1','{\"_pjax\":\"#pjax-container\"}','2020-07-19 13:57:19','2020-07-19 13:57:19'),(886,1,'admin/logs','GET','127.0.0.1','{\"_pjax\":\"#pjax-container\"}','2020-07-19 14:01:22','2020-07-19 14:01:22'),(887,1,'admin/logs','GET','127.0.0.1','{\"_pjax\":\"#pjax-container\"}','2020-07-19 14:58:52','2020-07-19 14:58:52'),(888,1,'admin','GET','221.219.97.39','[]','2020-07-19 15:46:55','2020-07-19 15:46:55'),(889,1,'admin/logs','GET','221.219.97.39','[]','2020-07-19 15:46:56','2020-07-19 15:46:56'),(890,1,'admin/logs','GET','221.219.97.39','{\"_pjax\":\"#pjax-container\"}','2020-07-19 15:47:02','2020-07-19 15:47:02'),(891,1,'admin/logs','GET','221.219.97.39','{\"_pjax\":\"#pjax-container\"}','2020-07-19 15:47:03','2020-07-19 15:47:03'),(892,1,'admin','GET','171.43.176.62','[]','2020-11-23 14:11:07','2020-11-23 14:11:07'),(893,1,'admin','GET','171.43.176.62','{\"_pjax\":\"#pjax-container\"}','2020-11-23 14:11:18','2020-11-23 14:11:18'),(894,1,'admin/business/company','GET','171.43.176.62','{\"_pjax\":\"#pjax-container\"}','2020-11-23 14:11:21','2020-11-23 14:11:21'),(895,1,'admin/business/company/1/edit','GET','171.43.176.62','{\"_pjax\":\"#pjax-container\"}','2020-11-23 14:11:28','2020-11-23 14:11:28'),(896,1,'admin','GET','171.43.176.62','{\"_pjax\":\"#pjax-container\"}','2020-11-23 14:11:49','2020-11-23 14:11:49'),(897,1,'admin/business/user','GET','171.43.176.62','{\"_pjax\":\"#pjax-container\"}','2020-11-23 14:11:54','2020-11-23 14:11:54'),(898,1,'admin/business/user/1/edit','GET','171.43.176.62','{\"_pjax\":\"#pjax-container\"}','2020-11-23 14:12:00','2020-11-23 14:12:00'),(899,1,'admin/business/user','GET','171.43.176.62','{\"_pjax\":\"#pjax-container\"}','2020-11-23 14:12:02','2020-11-23 14:12:02'),(900,1,'admin/business/company','GET','171.43.176.62','{\"_pjax\":\"#pjax-container\"}','2020-11-23 14:12:05','2020-11-23 14:12:05'),(901,1,'admin/business/company/1','GET','171.43.176.62','{\"_pjax\":\"#pjax-container\"}','2020-11-23 14:12:15','2020-11-23 14:12:15'),(902,1,'admin/business/company/2/edit','GET','171.43.176.62','{\"_pjax\":\"#pjax-container\"}','2020-11-23 14:13:31','2020-11-23 14:13:31'),(903,1,'admin','GET','171.43.176.62','{\"_pjax\":\"#pjax-container\"}','2020-11-23 14:23:06','2020-11-23 14:23:06'),(904,1,'admin/sys/module','GET','171.43.176.62','{\"_pjax\":\"#pjax-container\"}','2020-11-23 14:23:09','2020-11-23 14:23:09'),(905,1,'admin/sys/module/2/edit','GET','171.43.176.62','{\"_pjax\":\"#pjax-container\"}','2020-11-23 14:23:22','2020-11-23 14:23:22'),(906,1,'admin/sys/module','GET','171.43.176.62','{\"_pjax\":\"#pjax-container\"}','2020-11-23 14:23:26','2020-11-23 14:23:26'),(907,1,'admin/sys/product','GET','171.43.176.62','{\"_pjax\":\"#pjax-container\"}','2020-11-23 14:23:33','2020-11-23 14:23:33'),(908,1,'admin/sys/product/2/edit','GET','171.43.176.62','{\"_pjax\":\"#pjax-container\"}','2020-11-23 14:24:01','2020-11-23 14:24:01'),(909,1,'admin/sys/product/1/edit','GET','171.43.176.62','{\"_pjax\":\"#pjax-container\"}','2020-11-23 14:24:07','2020-11-23 14:24:07'),(910,1,'admin/sys/role','GET','171.43.176.62','{\"_pjax\":\"#pjax-container\"}','2020-11-23 14:24:10','2020-11-23 14:24:10'),(911,1,'admin/sys/module','GET','171.43.176.62','{\"_pjax\":\"#pjax-container\"}','2020-11-23 14:24:14','2020-11-23 14:24:14'),(912,1,'admin','GET','171.43.176.62','{\"_pjax\":\"#pjax-container\"}','2020-11-23 14:25:04','2020-11-23 14:25:04'),(913,1,'admin/sys/module','GET','171.43.176.62','{\"_pjax\":\"#pjax-container\"}','2020-11-23 14:25:06','2020-11-23 14:25:06'),(914,1,'admin/business/company','GET','171.43.176.62','{\"_pjax\":\"#pjax-container\"}','2020-11-23 14:25:08','2020-11-23 14:25:08'),(915,1,'admin/business/company/1','GET','171.43.176.62','{\"_pjax\":\"#pjax-container\"}','2020-11-23 14:25:11','2020-11-23 14:25:11'),(916,1,'admin/logs','GET','171.43.176.62','{\"_pjax\":\"#pjax-container\"}','2020-11-23 14:26:42','2020-11-23 14:26:42'),(917,1,'admin/logs','GET','171.43.176.62','{\"_pjax\":\"#pjax-container\"}','2020-11-23 14:26:42','2020-11-23 14:26:42'),(918,1,'admin/logs/laravel-2020-11-13.log','GET','171.43.176.62','{\"_pjax\":\"#pjax-container\"}','2020-11-23 14:27:32','2020-11-23 14:27:32'),(919,1,'admin/logs/laravel-2020-11-23.log','GET','171.43.176.62','{\"_pjax\":\"#pjax-container\"}','2020-11-23 14:27:34','2020-11-23 14:27:34'),(920,1,'admin/logs/laravel-2020-11-13.log','GET','171.43.176.62','{\"_pjax\":\"#pjax-container\"}','2020-11-23 14:27:36','2020-11-23 14:27:36'),(921,1,'admin/logs/laravel-2020-11-10.log','GET','171.43.176.62','{\"_pjax\":\"#pjax-container\"}','2020-11-23 14:27:39','2020-11-23 14:27:39'),(922,1,'admin/logs/laravel-2020-11-23.log','GET','171.43.176.62','{\"_pjax\":\"#pjax-container\"}','2020-11-23 14:27:39','2020-11-23 14:27:39'),(923,1,'admin','GET','171.43.176.62','{\"_pjax\":\"#pjax-container\"}','2020-11-23 14:27:42','2020-11-23 14:27:42'),(924,1,'admin/business/company','GET','171.43.176.62','{\"_pjax\":\"#pjax-container\"}','2020-11-23 14:28:47','2020-11-23 14:28:47'),(925,1,'admin/business/company/2/edit','GET','171.43.176.62','{\"_pjax\":\"#pjax-container\"}','2020-11-23 14:29:42','2020-11-23 14:29:42'),(926,1,'admin','GET','171.43.176.62','{\"_pjax\":\"#pjax-container\"}','2020-11-23 14:34:58','2020-11-23 14:34:58'),(927,1,'admin/business/company','GET','171.43.176.62','{\"_pjax\":\"#pjax-container\"}','2020-11-23 14:35:02','2020-11-23 14:35:02'),(928,1,'admin/business/company/2','GET','171.43.176.62','{\"_pjax\":\"#pjax-container\"}','2020-11-23 14:35:15','2020-11-23 14:35:15'),(929,1,'admin/business/company','GET','171.43.176.62','[]','2020-11-23 14:36:53','2020-11-23 14:36:53'),(930,1,'admin','GET','221.219.100.52','[]','2021-05-12 00:50:05','2021-05-12 00:50:05'),(931,1,'admin/business/user','GET','221.219.100.52','{\"_pjax\":\"#pjax-container\"}','2021-05-12 00:50:19','2021-05-12 00:50:19'),(932,1,'admin/business/company','GET','221.219.100.52','{\"_pjax\":\"#pjax-container\"}','2021-05-12 00:50:22','2021-05-12 00:50:22'),(933,1,'admin/business/company/1/edit','GET','221.219.100.52','{\"_pjax\":\"#pjax-container\"}','2021-05-12 00:50:33','2021-05-12 00:50:33'),(934,1,'admin/sys/order','GET','221.219.100.52','{\"_pjax\":\"#pjax-container\"}','2021-05-12 00:50:50','2021-05-12 00:50:50'),(935,1,'admin/sys/product','GET','221.219.100.52','{\"_pjax\":\"#pjax-container\"}','2021-05-12 00:50:56','2021-05-12 00:50:56'),(936,1,'admin/config','GET','221.219.100.52','{\"_pjax\":\"#pjax-container\"}','2021-05-12 00:50:58','2021-05-12 00:50:58'),(937,1,'admin/auth/users','GET','221.219.100.52','{\"_pjax\":\"#pjax-container\"}','2021-05-12 00:51:10','2021-05-12 00:51:10'),(938,1,'admin/logs','GET','221.219.100.52','{\"_pjax\":\"#pjax-container\"}','2021-05-12 00:51:13','2021-05-12 00:51:13'),(939,1,'admin/business/company','GET','221.219.100.52','{\"_pjax\":\"#pjax-container\"}','2021-05-12 00:52:53','2021-05-12 00:52:53'),(940,1,'admin/business/company/1/edit','GET','221.219.100.52','{\"_pjax\":\"#pjax-container\"}','2021-05-12 00:52:57','2021-05-12 00:52:57'),(941,1,'admin/sys/order','GET','221.219.100.52','{\"_pjax\":\"#pjax-container\"}','2021-05-12 00:53:48','2021-05-12 00:53:48'),(942,1,'admin','GET','221.219.100.52','{\"_pjax\":\"#pjax-container\"}','2021-05-12 00:53:57','2021-05-12 00:53:57'),(943,1,'admin','GET','221.219.100.52','[]','2021-05-12 00:54:23','2021-05-12 00:54:23'),(944,1,'admin/auth/users','GET','221.219.100.52','{\"_pjax\":\"#pjax-container\"}','2021-05-12 00:54:29','2021-05-12 00:54:29'),(945,1,'admin/auth/users','GET','221.219.100.52','[]','2021-05-12 00:56:29','2021-05-12 00:56:29'),(946,1,'admin/auth/users','GET','221.219.100.52','[]','2021-05-12 00:58:51','2021-05-12 00:58:51'),(947,1,'admin/auth/users','GET','221.219.100.52','[]','2021-05-12 01:03:27','2021-05-12 01:03:27'),(948,1,'admin/auth/users','GET','221.219.100.52','[]','2021-05-12 01:06:51','2021-05-12 01:06:51'),(949,1,'admin','GET','221.219.100.52','[]','2021-05-12 01:06:55','2021-05-12 01:06:55'),(950,1,'admin/business/company','GET','221.219.100.52','{\"_pjax\":\"#pjax-container\"}','2021-05-12 01:07:58','2021-05-12 01:07:58'),(951,1,'admin/business/company/2/edit','GET','221.219.100.52','{\"_pjax\":\"#pjax-container\"}','2021-05-12 01:08:01','2021-05-12 01:08:01'),(952,1,'admin/logs','GET','221.219.100.52','{\"_pjax\":\"#pjax-container\"}','2021-05-12 01:08:21','2021-05-12 01:08:21'),(953,1,'admin','GET','221.219.100.52','{\"_pjax\":\"#pjax-container\"}','2021-05-12 01:12:39','2021-05-12 01:12:39'),(954,1,'admin/sys/module','GET','221.219.100.52','{\"_pjax\":\"#pjax-container\"}','2021-05-12 01:12:45','2021-05-12 01:12:45'),(955,1,'admin/sys/order','GET','221.219.100.52','{\"_pjax\":\"#pjax-container\"}','2021-05-12 01:12:49','2021-05-12 01:12:49'),(956,1,'admin/business/company','GET','221.219.100.52','{\"_pjax\":\"#pjax-container\"}','2021-05-12 01:12:53','2021-05-12 01:12:53'),(957,1,'admin/business/user','GET','221.219.100.52','{\"_pjax\":\"#pjax-container\"}','2021-05-12 01:12:54','2021-05-12 01:12:54'),(958,1,'admin/sys/module','GET','221.219.100.52','{\"_pjax\":\"#pjax-container\"}','2021-05-12 01:12:55','2021-05-12 01:12:55'),(959,1,'admin/sys/role','GET','221.219.100.52','{\"_pjax\":\"#pjax-container\"}','2021-05-12 01:12:56','2021-05-12 01:12:56'),(960,1,'admin/sys/role/2','GET','221.219.100.52','{\"_pjax\":\"#pjax-container\"}','2021-05-12 01:12:58','2021-05-12 01:12:58'),(961,1,'admin/sys/role/2/edit','GET','221.219.100.52','{\"_pjax\":\"#pjax-container\"}','2021-05-12 01:13:02','2021-05-12 01:13:02'),(962,1,'admin/business/company','GET','221.219.100.52','{\"_pjax\":\"#pjax-container\"}','2021-05-12 01:13:04','2021-05-12 01:13:04'),(963,1,'admin/business/company/1','GET','221.219.100.52','{\"_pjax\":\"#pjax-container\"}','2021-05-12 01:13:06','2021-05-12 01:13:06'),(964,1,'admin/business/company/1','GET','221.219.100.52','[]','2021-05-12 01:15:04','2021-05-12 01:15:04'),(965,1,'admin/business/company/2/edit','GET','221.219.100.52','{\"_pjax\":\"#pjax-container\"}','2021-05-12 01:16:53','2021-05-12 01:16:53'),(966,1,'admin/sys/order','GET','221.219.100.52','{\"_pjax\":\"#pjax-container\"}','2021-05-12 01:16:59','2021-05-12 01:16:59'),(967,1,'admin/sys/order/1','GET','221.219.100.52','{\"_pjax\":\"#pjax-container\"}','2021-05-12 01:17:02','2021-05-12 01:17:02'),(968,1,'admin/sys/order/1/edit','GET','221.219.100.52','{\"_pjax\":\"#pjax-container\"}','2021-05-12 01:17:05','2021-05-12 01:17:05'),(969,1,'admin/sys/order/1','GET','221.219.100.52','[]','2021-05-12 01:17:06','2021-05-12 01:17:06'),(970,1,'admin/business/user','GET','221.219.100.52','{\"_pjax\":\"#pjax-container\"}','2021-05-12 01:17:11','2021-05-12 01:17:11'),(971,1,'admin/business/user/1/edit','GET','221.219.100.52','{\"_pjax\":\"#pjax-container\"}','2021-05-12 01:17:13','2021-05-12 01:17:13'),(972,1,'admin','GET','221.219.100.52','{\"_pjax\":\"#pjax-container\"}','2021-05-12 01:17:15','2021-05-12 01:17:15'),(973,1,'admin/business/user/1/edit','GET','221.219.100.52','[]','2021-05-12 01:17:19','2021-05-12 01:17:19'),(974,1,'admin/sys/module','GET','221.219.100.52','{\"_pjax\":\"#pjax-container\"}','2021-05-12 01:17:23','2021-05-12 01:17:23'),(975,1,'admin/sys/module/4/edit','GET','221.219.100.52','{\"_pjax\":\"#pjax-container\"}','2021-05-12 01:17:29','2021-05-12 01:17:29'),(976,1,'admin/sys/module','GET','221.219.100.52','{\"_pjax\":\"#pjax-container\"}','2021-05-12 01:17:33','2021-05-12 01:17:33'),(977,1,'admin','GET','221.219.100.52','{\"_pjax\":\"#pjax-container\"}','2021-05-12 01:17:34','2021-05-12 01:17:34'),(978,1,'admin/business/company','GET','221.219.100.52','{\"_pjax\":\"#pjax-container\"}','2021-05-12 01:21:18','2021-05-12 01:21:18'),(979,1,'admin/business/user','GET','221.219.100.52','{\"_pjax\":\"#pjax-container\"}','2021-05-12 01:21:20','2021-05-12 01:21:20'),(980,1,'admin','GET','221.219.101.120','[]','2021-05-15 02:49:32','2021-05-15 02:49:32'),(981,1,'admin','GET','221.219.101.120','[]','2021-05-15 02:49:44','2021-05-15 02:49:44'),(982,1,'admin/business/company','GET','221.219.101.120','{\"_pjax\":\"#pjax-container\"}','2021-05-15 02:49:54','2021-05-15 02:49:54'),(983,1,'admin/sys/order','GET','221.219.101.120','{\"_pjax\":\"#pjax-container\"}','2021-05-15 02:49:56','2021-05-15 02:49:56'),(984,1,'admin/business/company','GET','221.219.101.120','{\"_pjax\":\"#pjax-container\"}','2021-05-15 02:50:01','2021-05-15 02:50:01'),(985,1,'admin/business/company/1/edit','GET','221.219.101.120','{\"_pjax\":\"#pjax-container\"}','2021-05-15 02:50:13','2021-05-15 02:50:13'),(986,1,'admin','GET','221.219.101.120','{\"_pjax\":\"#pjax-container\"}','2021-05-15 02:50:21','2021-05-15 02:50:21'),(987,1,'admin/business/user','GET','221.219.101.120','{\"_pjax\":\"#pjax-container\"}','2021-05-15 02:50:25','2021-05-15 02:50:25'),(988,1,'admin','GET','221.219.101.120','[]','2021-05-15 02:51:51','2021-05-15 02:51:51'),(989,1,'admin/business/company','GET','221.219.101.120','{\"_pjax\":\"#pjax-container\"}','2021-05-15 02:51:55','2021-05-15 02:51:55'),(990,1,'admin/business/user','GET','221.219.101.120','{\"_pjax\":\"#pjax-container\"}','2021-05-15 02:53:36','2021-05-15 02:53:36'),(991,1,'admin/business/user/8/edit','GET','221.219.101.120','{\"_pjax\":\"#pjax-container\"}','2021-05-15 02:53:51','2021-05-15 02:53:51'),(992,1,'admin/business/user','GET','221.219.101.120','{\"_pjax\":\"#pjax-container\"}','2021-05-15 02:53:57','2021-05-15 02:53:57'),(993,1,'admin/auth/users','GET','221.219.101.120','{\"_pjax\":\"#pjax-container\"}','2021-05-15 02:54:11','2021-05-15 02:54:11'),(994,1,'admin/auth/users','GET','221.219.101.120','[]','2021-05-15 02:56:17','2021-05-15 02:56:17'),(995,1,'admin/auth/users','GET','221.219.101.120','[]','2021-05-15 03:05:12','2021-05-15 03:05:12'),(996,1,'admin','GET','221.219.101.120','[]','2021-05-16 08:24:51','2021-05-16 08:24:51'),(997,1,'admin','GET','127.0.0.1','[]','2021-05-17 08:19:21','2021-05-17 08:19:21'),(998,1,'admin/business/company','GET','127.0.0.1','{\"_pjax\":\"#pjax-container\"}','2021-05-17 08:19:38','2021-05-17 08:19:38'),(999,1,'admin/business/company/1/edit','GET','127.0.0.1','{\"_pjax\":\"#pjax-container\"}','2021-05-17 08:19:41','2021-05-17 08:19:41'),(1000,1,'admin/sys/product/select','GET','127.0.0.1','[]','2021-05-17 08:19:42','2021-05-17 08:19:42'),(1001,1,'admin/sys/order','GET','127.0.0.1','{\"_pjax\":\"#pjax-container\"}','2021-05-17 08:20:05','2021-05-17 08:20:05'),(1002,1,'admin/sys/module','GET','127.0.0.1','{\"_pjax\":\"#pjax-container\"}','2021-05-17 08:20:12','2021-05-17 08:20:12'),(1003,1,'admin','GET','127.0.0.1','[]','2021-05-17 09:09:59','2021-05-17 09:09:59'),(1004,1,'admin','GET','127.0.0.1','[]','2021-05-17 10:48:56','2021-05-17 10:48:56'),(1005,1,'admin/business/company','GET','127.0.0.1','{\"_pjax\":\"#pjax-container\"}','2021-05-17 10:48:59','2021-05-17 10:48:59'),(1006,1,'admin/business/company/1/edit','GET','127.0.0.1','{\"_pjax\":\"#pjax-container\"}','2021-05-17 10:49:03','2021-05-17 10:49:03'),(1007,1,'admin/sys/product/select','GET','127.0.0.1','[]','2021-05-17 10:49:04','2021-05-17 10:49:04'),(1008,1,'admin/business/company/1/edit','GET','127.0.0.1','[]','2021-05-17 11:02:55','2021-05-17 11:02:55'),(1009,1,'admin/sys/product/select','GET','127.0.0.1','[]','2021-05-17 11:02:56','2021-05-17 11:02:56'),(1010,1,'admin/business/company/1','PUT','127.0.0.1','{\"name\":\"\\u5317\\u4eac\\u4e2d\\u8f6f\\u661f\\u56fe\\u4fe1\\u606f\\u6280\\u672f\\u6709\\u9650\\u516c\\u53f8\",\"credit_code\":null,\"product_id\":\"1\",\"proj_count\":\"4\",\"contact_per\":\"\\u5f20\\u4e09\\u4e30\",\"tel\":\"15827068282\",\"province_id\":\"120000\",\"city_id\":\"120100\",\"district_id\":\"120101\",\"address\":\"\\u5317\\u4eac\\u5e02\\u671d\\u9633\\u533a\\u7eff\\u5730\\u4e2d\\u5fc3c\\u5ea7\",\"remark\":\"123133\",\"_token\":\"z85KTHEh2mu72BjLYWkvjHqwiXJNM9RrNsXHvhIv\",\"_method\":\"PUT\"}','2021-05-17 11:03:06','2021-05-17 11:03:06'),(1011,1,'admin/business/company','GET','127.0.0.1','[]','2021-05-17 11:03:07','2021-05-17 11:03:07'),(1012,1,'admin/business/company/1/edit','GET','127.0.0.1','{\"_pjax\":\"#pjax-container\"}','2021-05-17 11:03:10','2021-05-17 11:03:10'),(1013,1,'admin/sys/product/select','GET','127.0.0.1','[]','2021-05-17 11:03:11','2021-05-17 11:03:11'),(1014,1,'admin/business/user','GET','127.0.0.1','{\"_pjax\":\"#pjax-container\"}','2021-05-17 11:03:20','2021-05-17 11:03:20'),(1015,1,'admin/business/company','GET','127.0.0.1','{\"_pjax\":\"#pjax-container\"}','2021-05-17 11:03:23','2021-05-17 11:03:23'),(1016,1,'admin/sys/order','GET','127.0.0.1','{\"_pjax\":\"#pjax-container\"}','2021-05-17 11:03:27','2021-05-17 11:03:27'),(1017,1,'admin/sys/product','GET','127.0.0.1','{\"_pjax\":\"#pjax-container\"}','2021-05-17 11:03:32','2021-05-17 11:03:32'),(1018,1,'admin/auth/users','GET','127.0.0.1','{\"_pjax\":\"#pjax-container\"}','2021-05-17 11:03:34','2021-05-17 11:03:34'),(1019,1,'admin/logs','GET','127.0.0.1','{\"_pjax\":\"#pjax-container\"}','2021-05-17 11:03:35','2021-05-17 11:03:35'),(1020,1,'admin/logs','GET','127.0.0.1','{\"_pjax\":\"#pjax-container\"}','2021-05-17 11:03:35','2021-05-17 11:03:35'),(1021,1,'admin/logs','GET','127.0.0.1','{\"_pjax\":\"#pjax-container\"}','2021-05-17 11:03:40','2021-05-17 11:03:40'),(1022,1,'admin/business/company','GET','127.0.0.1','{\"_pjax\":\"#pjax-container\"}','2021-05-17 11:03:51','2021-05-17 11:03:51'),(1023,1,'admin/business/company/1/edit','GET','127.0.0.1','{\"_pjax\":\"#pjax-container\"}','2021-05-17 11:04:06','2021-05-17 11:04:06'),(1024,1,'admin/sys/product/select','GET','127.0.0.1','[]','2021-05-17 11:04:06','2021-05-17 11:04:06'),(1025,1,'admin/business/company/1','PUT','127.0.0.1','{\"name\":\"\\u5317\\u4eac\\u4e2d\\u8f6f\\u661f\\u56fe\\u4fe1\\u606f\\u6280\\u672f\\u6709\\u9650\\u516c\\u53f8\",\"credit_code\":null,\"product_id\":\"1\",\"proj_count\":\"4\",\"contact_per\":\"\\u5f20\\u4e09\\u4e30\",\"tel\":\"15827068282\",\"province_id\":\"120000\",\"city_id\":\"120100\",\"district_id\":\"120102\",\"address\":\"\\u5317\\u4eac\\u5e02\\u671d\\u9633\\u533a\\u7eff\\u5730\\u4e2d\\u5fc3c\\u5ea7\",\"remark\":\"123133\",\"_token\":\"z85KTHEh2mu72BjLYWkvjHqwiXJNM9RrNsXHvhIv\",\"_method\":\"PUT\",\"_previous_\":\"http:\\/\\/wy.zy.com\\/admin\\/business\\/company\"}','2021-05-17 11:04:17','2021-05-17 11:04:17'),(1026,1,'admin/business/company','GET','127.0.0.1','[]','2021-05-17 11:04:17','2021-05-17 11:04:17'),(1027,1,'admin/business/company/1/edit','GET','127.0.0.1','{\"_pjax\":\"#pjax-container\"}','2021-05-17 11:04:21','2021-05-17 11:04:21'),(1028,1,'admin/sys/product/select','GET','127.0.0.1','[]','2021-05-17 11:04:21','2021-05-17 11:04:21'),(1029,1,'admin/sys/product/select','GET','127.0.0.1','[]','2021-05-17 11:04:22','2021-05-17 11:04:22'),(1030,1,'admin/business/company/1/edit','GET','127.0.0.1','[]','2021-05-17 11:04:38','2021-05-17 11:04:38'),(1031,1,'admin/sys/product/select','GET','127.0.0.1','[]','2021-05-17 11:04:39','2021-05-17 11:04:39'),(1032,1,'admin','GET','127.0.0.1','{\"_pjax\":\"#pjax-container\"}','2021-05-17 11:05:06','2021-05-17 11:05:06'),(1033,1,'admin/business/company','GET','127.0.0.1','{\"_pjax\":\"#pjax-container\"}','2021-05-17 11:05:09','2021-05-17 11:05:09'),(1034,1,'admin/business/company/create','GET','127.0.0.1','{\"_pjax\":\"#pjax-container\"}','2021-05-17 11:05:16','2021-05-17 11:05:16'),(1035,1,'admin/sys/product/select','GET','127.0.0.1','[]','2021-05-17 11:05:17','2021-05-17 11:05:17'),(1036,1,'admin/sys/order','GET','127.0.0.1','{\"_pjax\":\"#pjax-container\"}','2021-05-17 11:05:42','2021-05-17 11:05:42'),(1037,1,'admin/auth/users','GET','127.0.0.1','{\"_pjax\":\"#pjax-container\"}','2021-05-17 11:05:57','2021-05-17 11:05:57'),(1038,1,'admin/sys/order','GET','127.0.0.1','[]','2021-05-17 11:06:04','2021-05-17 11:06:04'),(1039,1,'admin/sys/product','GET','127.0.0.1','{\"_pjax\":\"#pjax-container\"}','2021-05-17 11:06:06','2021-05-17 11:06:06'),(1040,1,'admin/sys/product/1/edit','GET','127.0.0.1','{\"_pjax\":\"#pjax-container\"}','2021-05-17 11:06:15','2021-05-17 11:06:15'),(1041,1,'admin/auth/permissions','GET','127.0.0.1','{\"_pjax\":\"#pjax-container\"}','2021-05-17 11:06:24','2021-05-17 11:06:24'),(1042,1,'admin/auth/menu','GET','127.0.0.1','{\"_pjax\":\"#pjax-container\"}','2021-05-17 11:06:32','2021-05-17 11:06:32'),(1043,1,'admin/business/user','GET','127.0.0.1','{\"_pjax\":\"#pjax-container\"}','2021-05-17 11:06:49','2021-05-17 11:06:49'),(1044,1,'admin/business/user/14/edit','GET','127.0.0.1','{\"_pjax\":\"#pjax-container\"}','2021-05-17 11:06:58','2021-05-17 11:06:58'),(1045,1,'admin/sys/company/select','GET','127.0.0.1','[]','2021-05-17 11:06:59','2021-05-17 11:06:59'),(1046,1,'admin/sys/role/select','GET','127.0.0.1','[]','2021-05-17 11:06:59','2021-05-17 11:06:59'),(1047,1,'admin','GET','127.0.0.1','{\"_pjax\":\"#pjax-container\"}','2021-05-17 11:07:08','2021-05-17 11:07:08'),(1048,1,'admin/sys/module','GET','127.0.0.1','{\"_pjax\":\"#pjax-container\"}','2021-05-17 11:07:30','2021-05-17 11:07:30'),(1049,1,'admin','GET','127.0.0.1','[]','2021-05-17 14:16:09','2021-05-17 14:16:09'),(1050,1,'admin/logs','GET','127.0.0.1','{\"_pjax\":\"#pjax-container\"}','2021-05-17 14:16:14','2021-05-17 14:16:14'),(1051,1,'admin/logs','GET','127.0.0.1','{\"_pjax\":\"#pjax-container\"}','2021-05-17 14:17:00','2021-05-17 14:17:00'),(1052,1,'admin/logs','GET','127.0.0.1','[]','2021-05-17 14:17:59','2021-05-17 14:17:59'),(1053,1,'admin/logs','GET','127.0.0.1','[]','2021-05-17 14:18:21','2021-05-17 14:18:21'),(1054,1,'admin/logs','GET','127.0.0.1','{\"_pjax\":\"#pjax-container\"}','2021-05-17 14:18:33','2021-05-17 14:18:33'),(1055,1,'admin/logs','GET','127.0.0.1','{\"_pjax\":\"#pjax-container\"}','2021-05-17 14:22:32','2021-05-17 14:22:32'),(1056,1,'admin/logs','GET','127.0.0.1','{\"_pjax\":\"#pjax-container\"}','2021-05-17 14:38:35','2021-05-17 14:38:35'),(1057,1,'admin/logs','GET','127.0.0.1','{\"_pjax\":\"#pjax-container\"}','2021-05-17 14:39:57','2021-05-17 14:39:57'),(1058,1,'admin/logs','GET','127.0.0.1','[]','2021-05-17 14:42:16','2021-05-17 14:42:16'),(1059,1,'admin/logs','GET','127.0.0.1','[]','2021-05-17 14:55:00','2021-05-17 14:55:00'),(1060,1,'admin/logs','GET','127.0.0.1','[]','2021-05-17 15:02:23','2021-05-17 15:02:23'),(1061,1,'admin/logs','GET','127.0.0.1','[]','2021-05-17 15:14:41','2021-05-17 15:14:41'),(1062,1,'admin/logs','GET','127.0.0.1','[]','2021-05-17 15:19:58','2021-05-17 15:19:58'),(1063,1,'admin/logs','GET','127.0.0.1','[]','2021-05-17 15:21:38','2021-05-17 15:21:38'),(1064,1,'admin/logs','GET','127.0.0.1','[]','2021-05-17 15:23:18','2021-05-17 15:23:18'),(1065,1,'admin/logs','GET','127.0.0.1','{\"_pjax\":\"#pjax-container\"}','2021-05-17 15:28:07','2021-05-17 15:28:07'),(1066,1,'admin/logs','GET','127.0.0.1','[]','2021-05-17 15:29:55','2021-05-17 15:29:55'),(1067,1,'admin/logs','GET','127.0.0.1','[]','2021-05-17 15:32:40','2021-05-17 15:32:40'),(1068,1,'admin/logs','GET','127.0.0.1','[]','2021-05-17 15:42:59','2021-05-17 15:42:59'),(1069,1,'admin/logs','GET','127.0.0.1','[]','2021-05-17 15:46:14','2021-05-17 15:46:14'),(1070,1,'admin/logs','GET','127.0.0.1','[]','2021-05-17 15:51:11','2021-05-17 15:51:11'),(1071,1,'admin/logs','GET','127.0.0.1','[]','2021-05-17 15:51:59','2021-05-17 15:51:59'),(1072,1,'admin/logs','GET','127.0.0.1','[]','2021-05-17 15:53:28','2021-05-17 15:53:28'),(1073,1,'admin/logs','GET','127.0.0.1','[]','2021-05-17 15:54:28','2021-05-17 15:54:28'),(1074,1,'admin/logs','GET','127.0.0.1','[]','2021-05-17 16:00:15','2021-05-17 16:00:15'),(1075,1,'admin/logs','GET','127.0.0.1','{\"_pjax\":\"#pjax-container\"}','2021-05-17 16:00:19','2021-05-17 16:00:19'),(1076,1,'admin/logs','GET','127.0.0.1','{\"_pjax\":\"#pjax-container\"}','2021-05-17 16:00:20','2021-05-17 16:00:20'),(1077,1,'admin/logs','GET','127.0.0.1','{\"_pjax\":\"#pjax-container\"}','2021-05-17 16:00:21','2021-05-17 16:00:21'),(1078,1,'admin/logs','GET','127.0.0.1','{\"_pjax\":\"#pjax-container\"}','2021-05-17 16:00:21','2021-05-17 16:00:21'),(1079,1,'admin/logs','GET','127.0.0.1','{\"_pjax\":\"#pjax-container\"}','2021-05-17 16:00:21','2021-05-17 16:00:21'),(1080,1,'admin/logs','GET','127.0.0.1','{\"_pjax\":\"#pjax-container\"}','2021-05-17 16:00:21','2021-05-17 16:00:21'),(1081,1,'admin/logs','GET','127.0.0.1','{\"_pjax\":\"#pjax-container\"}','2021-05-17 16:00:52','2021-05-17 16:00:52'),(1082,1,'admin/logs','GET','127.0.0.1','[]','2021-05-17 16:01:14','2021-05-17 16:01:14'),(1083,1,'admin/logs','GET','127.0.0.1','[]','2021-05-17 16:02:04','2021-05-17 16:02:04'),(1084,1,'admin/logs','GET','127.0.0.1','[]','2021-05-17 16:04:30','2021-05-17 16:04:30'),(1085,1,'admin/logs','GET','127.0.0.1','[]','2021-05-17 16:06:41','2021-05-17 16:06:41'),(1086,1,'admin/logs','GET','127.0.0.1','[]','2021-05-17 16:06:44','2021-05-17 16:06:44'),(1087,1,'admin/logs','GET','127.0.0.1','[]','2021-05-17 16:26:06','2021-05-17 16:26:06'),(1088,1,'admin/logs','GET','127.0.0.1','[]','2021-05-18 03:17:45','2021-05-18 03:17:45'),(1089,1,'admin/logs','GET','127.0.0.1','[]','2021-05-18 03:18:48','2021-05-18 03:18:48'),(1090,1,'admin/logs','GET','127.0.0.1','[]','2021-05-18 03:18:50','2021-05-18 03:18:50'),(1091,1,'admin','GET','127.0.0.1','[]','2021-05-19 01:46:19','2021-05-19 01:46:19'),(1092,1,'admin','GET','127.0.0.1','{\"_pjax\":\"#pjax-container\"}','2021-05-19 01:46:24','2021-05-19 01:46:24'),(1093,1,'admin/logs','GET','127.0.0.1','{\"_pjax\":\"#pjax-container\"}','2021-05-19 01:46:29','2021-05-19 01:46:29'),(1094,1,'admin/logs','GET','127.0.0.1','{\"_pjax\":\"#pjax-container\"}','2021-05-19 01:50:25','2021-05-19 01:50:25'),(1095,1,'admin/logs','GET','127.0.0.1','{\"_pjax\":\"#pjax-container\"}','2021-05-19 01:51:43','2021-05-19 01:51:43'),(1096,1,'admin/logs','GET','127.0.0.1','{\"_pjax\":\"#pjax-container\"}','2021-05-19 01:56:57','2021-05-19 01:56:57'),(1097,1,'admin/logs','GET','127.0.0.1','{\"_pjax\":\"#pjax-container\"}','2021-05-19 01:59:01','2021-05-19 01:59:01'),(1098,1,'admin/logs','GET','127.0.0.1','{\"_pjax\":\"#pjax-container\"}','2021-05-19 02:01:27','2021-05-19 02:01:27'),(1099,1,'admin/logs','GET','127.0.0.1','{\"_pjax\":\"#pjax-container\"}','2021-05-19 02:03:44','2021-05-19 02:03:44'),(1100,1,'admin/logs','GET','127.0.0.1','[]','2021-05-19 02:13:41','2021-05-19 02:13:41'),(1101,1,'admin/logs','GET','127.0.0.1','{\"_pjax\":\"#pjax-container\"}','2021-05-19 02:20:00','2021-05-19 02:20:00'),(1102,1,'admin/logs','GET','127.0.0.1','{\"_pjax\":\"#pjax-container\"}','2021-05-19 02:24:54','2021-05-19 02:24:54'),(1103,1,'admin/logs','GET','127.0.0.1','[]','2021-05-19 02:57:21','2021-05-19 02:57:21'),(1104,1,'admin/logs','GET','127.0.0.1','{\"_pjax\":\"#pjax-container\"}','2021-05-19 03:00:05','2021-05-19 03:00:05'),(1105,1,'admin','GET','127.0.0.1','[]','2021-05-19 08:02:31','2021-05-19 08:02:31'),(1106,1,'admin/logs','GET','127.0.0.1','{\"_pjax\":\"#pjax-container\"}','2021-05-19 08:02:34','2021-05-19 08:02:34'),(1107,1,'admin/logs','GET','127.0.0.1','{\"_pjax\":\"#pjax-container\"}','2021-05-19 08:02:34','2021-05-19 08:02:34'),(1108,1,'admin/logs','GET','127.0.0.1','{\"_pjax\":\"#pjax-container\"}','2021-05-19 08:23:34','2021-05-19 08:23:34'),(1109,1,'admin/logs','GET','127.0.0.1','[]','2021-05-19 08:24:48','2021-05-19 08:24:48'),(1110,1,'admin/logs','GET','127.0.0.1','[]','2021-05-19 09:23:21','2021-05-19 09:23:21'),(1111,1,'admin/logs','GET','127.0.0.1','{\"_pjax\":\"#pjax-container\"}','2021-05-19 12:13:06','2021-05-19 12:13:06'),(1112,1,'admin/logs','GET','127.0.0.1','{\"_pjax\":\"#pjax-container\"}','2021-05-19 12:13:09','2021-05-19 12:13:09'),(1113,1,'admin/auth/setting','GET','127.0.0.1','{\"_pjax\":\"#pjax-container\"}','2021-05-19 12:13:16','2021-05-19 12:13:16'),(1114,1,'admin','GET','127.0.0.1','{\"_pjax\":\"#pjax-container\"}','2021-05-19 12:13:25','2021-05-19 12:13:25'),(1115,1,'admin/business/company','GET','127.0.0.1','{\"_pjax\":\"#pjax-container\"}','2021-05-19 12:13:26','2021-05-19 12:13:26'),(1116,1,'admin','GET','127.0.0.1','{\"_pjax\":\"#pjax-container\"}','2021-05-19 12:13:29','2021-05-19 12:13:29'),(1117,1,'admin/business/company','GET','127.0.0.1','{\"_pjax\":\"#pjax-container\"}','2021-05-19 12:14:07','2021-05-19 12:14:07'),(1118,1,'admin/sys/order','GET','127.0.0.1','{\"_pjax\":\"#pjax-container\"}','2021-05-19 12:14:10','2021-05-19 12:14:10'),(1119,1,'admin/sys/order/1','GET','127.0.0.1','{\"_pjax\":\"#pjax-container\"}','2021-05-19 12:14:14','2021-05-19 12:14:14'),(1120,1,'admin/auth/users','GET','127.0.0.1','{\"_pjax\":\"#pjax-container\"}','2021-05-19 12:14:19','2021-05-19 12:14:19'),(1121,1,'admin/auth/roles','GET','127.0.0.1','{\"_pjax\":\"#pjax-container\"}','2021-05-19 12:14:20','2021-05-19 12:14:20'),(1122,1,'admin/logs','GET','127.0.0.1','{\"_pjax\":\"#pjax-container\"}','2021-05-19 12:14:22','2021-05-19 12:14:22'),(1123,1,'admin/logs','GET','127.0.0.1','{\"_pjax\":\"#pjax-container\"}','2021-05-19 12:37:18','2021-05-19 12:37:18'),(1124,1,'admin/logs','GET','127.0.0.1','{\"_pjax\":\"#pjax-container\"}','2021-05-19 12:37:19','2021-05-19 12:37:19'),(1125,1,'admin/logs','GET','127.0.0.1','{\"_pjax\":\"#pjax-container\"}','2021-05-19 12:37:21','2021-05-19 12:37:21'),(1126,1,'admin','GET','127.0.0.1','{\"_pjax\":\"#pjax-container\"}','2021-05-19 12:37:24','2021-05-19 12:37:24'),(1127,1,'admin/logs','GET','127.0.0.1','{\"_pjax\":\"#pjax-container\"}','2021-05-19 12:37:50','2021-05-19 12:37:50'),(1128,1,'admin','GET','127.0.0.1','{\"_pjax\":\"#pjax-container\"}','2021-05-19 12:37:54','2021-05-19 12:37:54'),(1129,1,'admin/logs','GET','127.0.0.1','{\"_pjax\":\"#pjax-container\"}','2021-05-19 12:38:35','2021-05-19 12:38:35'),(1130,1,'admin/business/company','GET','127.0.0.1','{\"_pjax\":\"#pjax-container\"}','2021-05-19 12:38:37','2021-05-19 12:38:37'),(1131,1,'admin','GET','127.0.0.1','{\"_pjax\":\"#pjax-container\"}','2021-05-19 12:38:41','2021-05-19 12:38:41'),(1132,1,'admin','GET','127.0.0.1','{\"_pjax\":\"#pjax-container\"}','2021-05-19 13:24:55','2021-05-19 13:24:55'),(1133,1,'admin/business/company','GET','127.0.0.1','{\"_pjax\":\"#pjax-container\"}','2021-05-19 13:24:58','2021-05-19 13:24:58');
/*!40000 ALTER TABLE `wy_admin_operation_log` ENABLE KEYS */;
UNLOCK TABLES;

--
-- Table structure for table `wy_admin_permissions`
--

DROP TABLE IF EXISTS `wy_admin_permissions`;
/*!40101 SET @saved_cs_client     = @@character_set_client */;
/*!40101 SET character_set_client = utf8 */;
CREATE TABLE `wy_admin_permissions` (
  `id` int(10) unsigned NOT NULL AUTO_INCREMENT,
  `name` varchar(50) COLLATE utf8_unicode_ci NOT NULL,
  `slug` varchar(50) COLLATE utf8_unicode_ci NOT NULL,
  `http_method` varchar(255) COLLATE utf8_unicode_ci DEFAULT NULL,
  `http_path` text COLLATE utf8_unicode_ci,
  `created_at` timestamp NULL DEFAULT NULL,
  `updated_at` timestamp NULL DEFAULT NULL,
  PRIMARY KEY (`id`),
  UNIQUE KEY `admin_permissions_name_unique` (`name`),
  UNIQUE KEY `admin_permissions_slug_unique` (`slug`)
) ENGINE=InnoDB AUTO_INCREMENT=15 DEFAULT CHARSET=utf8 COLLATE=utf8_unicode_ci;
/*!40101 SET character_set_client = @saved_cs_client */;

--
-- Dumping data for table `wy_admin_permissions`
--

LOCK TABLES `wy_admin_permissions` WRITE;
/*!40000 ALTER TABLE `wy_admin_permissions` DISABLE KEYS */;
INSERT INTO `wy_admin_permissions` VALUES (1,'All permission','*','','*',NULL,NULL),(2,'Dashboard','dashboard','GET','/',NULL,NULL),(3,'Login','auth.login','','/auth/login\r\n/auth/logout',NULL,NULL),(4,'User setting','auth.setting','GET,PUT','/auth/setting',NULL,NULL),(5,'Auth management','auth.management','','/auth/roles\r\n/auth/permissions\r\n/auth/menu\r\n/auth/logs',NULL,NULL),(6,'user','user','','/user','2020-05-03 23:01:15','2020-05-04 05:38:08'),(7,'Logs','ext.log-viewer','','/logs*','2020-05-07 03:03:10','2020-05-07 03:03:10'),(10,'Admin Config','ext.config','','/config*','2020-05-08 04:44:08','2020-05-08 05:56:31'),(14,'Admin Configx','ext.configx','','/configx/*','2020-05-11 12:08:19','2020-05-11 12:08:19');
/*!40000 ALTER TABLE `wy_admin_permissions` ENABLE KEYS */;
UNLOCK TABLES;

--
-- Table structure for table `wy_admin_role_menu`
--

DROP TABLE IF EXISTS `wy_admin_role_menu`;
/*!40101 SET @saved_cs_client     = @@character_set_client */;
/*!40101 SET character_set_client = utf8 */;
CREATE TABLE `wy_admin_role_menu` (
  `role_id` int(11) NOT NULL,
  `menu_id` int(11) NOT NULL,
  `created_at` timestamp NULL DEFAULT NULL,
  `updated_at` timestamp NULL DEFAULT NULL,
  KEY `admin_role_menu_role_id_menu_id_index` (`role_id`,`menu_id`)
) ENGINE=InnoDB DEFAULT CHARSET=utf8 COLLATE=utf8_unicode_ci;
/*!40101 SET character_set_client = @saved_cs_client */;

--
-- Dumping data for table `wy_admin_role_menu`
--

LOCK TABLES `wy_admin_role_menu` WRITE;
/*!40000 ALTER TABLE `wy_admin_role_menu` DISABLE KEYS */;
INSERT INTO `wy_admin_role_menu` VALUES (1,2,NULL,NULL);
/*!40000 ALTER TABLE `wy_admin_role_menu` ENABLE KEYS */;
UNLOCK TABLES;

--
-- Table structure for table `wy_admin_role_permissions`
--

DROP TABLE IF EXISTS `wy_admin_role_permissions`;
/*!40101 SET @saved_cs_client     = @@character_set_client */;
/*!40101 SET character_set_client = utf8 */;
CREATE TABLE `wy_admin_role_permissions` (
  `role_id` int(11) NOT NULL,
  `permission_id` int(11) NOT NULL,
  `created_at` timestamp NULL DEFAULT NULL,
  `updated_at` timestamp NULL DEFAULT NULL,
  KEY `admin_role_permissions_role_id_permission_id_index` (`role_id`,`permission_id`)
) ENGINE=InnoDB DEFAULT CHARSET=utf8 COLLATE=utf8_unicode_ci;
/*!40101 SET character_set_client = @saved_cs_client */;

--
-- Dumping data for table `wy_admin_role_permissions`
--

LOCK TABLES `wy_admin_role_permissions` WRITE;
/*!40000 ALTER TABLE `wy_admin_role_permissions` DISABLE KEYS */;
INSERT INTO `wy_admin_role_permissions` VALUES (1,1,NULL,NULL);
/*!40000 ALTER TABLE `wy_admin_role_permissions` ENABLE KEYS */;
UNLOCK TABLES;

--
-- Table structure for table `wy_admin_role_users`
--

DROP TABLE IF EXISTS `wy_admin_role_users`;
/*!40101 SET @saved_cs_client     = @@character_set_client */;
/*!40101 SET character_set_client = utf8 */;
CREATE TABLE `wy_admin_role_users` (
  `role_id` int(11) NOT NULL,
  `user_id` int(11) NOT NULL,
  `created_at` timestamp NULL DEFAULT NULL,
  `updated_at` timestamp NULL DEFAULT NULL,
  KEY `admin_role_users_role_id_user_id_index` (`role_id`,`user_id`)
) ENGINE=InnoDB DEFAULT CHARSET=utf8 COLLATE=utf8_unicode_ci;
/*!40101 SET character_set_client = @saved_cs_client */;

--
-- Dumping data for table `wy_admin_role_users`
--

LOCK TABLES `wy_admin_role_users` WRITE;
/*!40000 ALTER TABLE `wy_admin_role_users` DISABLE KEYS */;
INSERT INTO `wy_admin_role_users` VALUES (1,1,NULL,NULL),(1,2,NULL,NULL);
/*!40000 ALTER TABLE `wy_admin_role_users` ENABLE KEYS */;
UNLOCK TABLES;

--
-- Table structure for table `wy_admin_roles`
--

DROP TABLE IF EXISTS `wy_admin_roles`;
/*!40101 SET @saved_cs_client     = @@character_set_client */;
/*!40101 SET character_set_client = utf8 */;
CREATE TABLE `wy_admin_roles` (
  `id` int(10) unsigned NOT NULL AUTO_INCREMENT,
  `name` varchar(50) COLLATE utf8_unicode_ci NOT NULL,
  `slug` varchar(50) COLLATE utf8_unicode_ci NOT NULL,
  `created_at` timestamp NULL DEFAULT NULL,
  `updated_at` timestamp NULL DEFAULT NULL,
  PRIMARY KEY (`id`),
  UNIQUE KEY `admin_roles_name_unique` (`name`),
  UNIQUE KEY `admin_roles_slug_unique` (`slug`)
) ENGINE=InnoDB AUTO_INCREMENT=2 DEFAULT CHARSET=utf8 COLLATE=utf8_unicode_ci;
/*!40101 SET character_set_client = @saved_cs_client */;

--
-- Dumping data for table `wy_admin_roles`
--

LOCK TABLES `wy_admin_roles` WRITE;
/*!40000 ALTER TABLE `wy_admin_roles` DISABLE KEYS */;
INSERT INTO `wy_admin_roles` VALUES (1,'Administrator','administrator','2020-04-30 07:09:57','2020-04-30 07:09:57');
/*!40000 ALTER TABLE `wy_admin_roles` ENABLE KEYS */;
UNLOCK TABLES;

--
-- Table structure for table `wy_admin_user_permissions`
--

DROP TABLE IF EXISTS `wy_admin_user_permissions`;
/*!40101 SET @saved_cs_client     = @@character_set_client */;
/*!40101 SET character_set_client = utf8 */;
CREATE TABLE `wy_admin_user_permissions` (
  `user_id` int(11) NOT NULL,
  `permission_id` int(11) NOT NULL,
  `created_at` timestamp NULL DEFAULT NULL,
  `updated_at` timestamp NULL DEFAULT NULL,
  KEY `admin_user_permissions_user_id_permission_id_index` (`user_id`,`permission_id`)
) ENGINE=InnoDB DEFAULT CHARSET=utf8 COLLATE=utf8_unicode_ci;
/*!40101 SET character_set_client = @saved_cs_client */;

--
-- Dumping data for table `wy_admin_user_permissions`
--

LOCK TABLES `wy_admin_user_permissions` WRITE;
/*!40000 ALTER TABLE `wy_admin_user_permissions` DISABLE KEYS */;
INSERT INTO `wy_admin_user_permissions` VALUES (2,1,NULL,NULL);
/*!40000 ALTER TABLE `wy_admin_user_permissions` ENABLE KEYS */;
UNLOCK TABLES;

--
-- Table structure for table `wy_admin_users`
--

DROP TABLE IF EXISTS `wy_admin_users`;
/*!40101 SET @saved_cs_client     = @@character_set_client */;
/*!40101 SET character_set_client = utf8 */;
CREATE TABLE `wy_admin_users` (
  `id` int(10) unsigned NOT NULL AUTO_INCREMENT,
  `username` varchar(190) COLLATE utf8_unicode_ci NOT NULL,
  `password` varchar(60) COLLATE utf8_unicode_ci NOT NULL,
  `name` varchar(255) COLLATE utf8_unicode_ci NOT NULL,
  `avatar` varchar(255) COLLATE utf8_unicode_ci DEFAULT NULL,
  `remember_token` varchar(100) COLLATE utf8_unicode_ci DEFAULT NULL,
  `created_at` timestamp NULL DEFAULT NULL,
  `updated_at` timestamp NULL DEFAULT NULL,
  PRIMARY KEY (`id`),
  UNIQUE KEY `admin_users_username_unique` (`username`)
) ENGINE=InnoDB AUTO_INCREMENT=3 DEFAULT CHARSET=utf8 COLLATE=utf8_unicode_ci;
/*!40101 SET character_set_client = @saved_cs_client */;

--
-- Dumping data for table `wy_admin_users`
--

LOCK TABLES `wy_admin_users` WRITE;
/*!40000 ALTER TABLE `wy_admin_users` DISABLE KEYS */;
INSERT INTO `wy_admin_users` VALUES (1,'admin','$2y$10$czCYenTX0xssSJbWT8x00Okt1jeN/7Bi/Uegpyip6BUYxGMAvXxfW','Administrator',NULL,'8ck87DZBzHPDdp60xFR2mtAnJNMzEItUtUCyNw2dKPGWocXqAlKFc2oyyPrw','2020-04-30 07:09:57','2020-04-30 07:09:57'),(2,'xuewei','$2y$10$XrHnSc5PXmHvK5K8WvzBL.Ek.vJR.EzteHyvVVFmLsf9z/XUW29gm','薛伟','images/5.jpeg','y0qt6IPa3OKp6B4aLfflBYvJHo1LtLJBpssR4LqR3Y8tkKTWQulelEoYD3zb','2020-05-13 08:29:42','2020-05-13 08:29:42');
/*!40000 ALTER TABLE `wy_admin_users` ENABLE KEYS */;
UNLOCK TABLES;

--
-- Table structure for table `wy_bse_aliconfig`
--

DROP TABLE IF EXISTS `wy_bse_aliconfig`;
/*!40101 SET @saved_cs_client     = @@character_set_client */;
/*!40101 SET character_set_client = utf8 */;
CREATE TABLE `wy_bse_aliconfig` (
  `id` int(11) NOT NULL AUTO_INCREMENT,
  `company_id` int(11) NOT NULL DEFAULT '0',
  `alitype` varchar(16) NOT NULL DEFAULT 'oss' COMMENT 'oss or sms',
  `appid` varchar(128) NOT NULL DEFAULT '' COMMENT 'appid',
  `keysecret` varchar(128) NOT NULL DEFAULT '' COMMENT 'KeySecret',
  `endpoint` varchar(256) NOT NULL DEFAULT '' COMMENT 'endpoint',
  `bucket` varchar(128) NOT NULL DEFAULT '' COMMENT 'oss bucket',
  `domain` varchar(128) NOT NULL COMMENT 'domin',
  `region` varchar(64) NOT NULL,
  `templatecode` varchar(64) NOT NULL,
  `created_at` datetime DEFAULT NULL,
  `updated_at` datetime DEFAULT NULL,
  `deleted_at` datetime DEFAULT NULL,
  PRIMARY KEY (`id`),
  KEY `alitype` (`alitype`)
) ENGINE=InnoDB DEFAULT CHARSET=utf8;
/*!40101 SET character_set_client = @saved_cs_client */;

--
-- Dumping data for table `wy_bse_aliconfig`
--

LOCK TABLES `wy_bse_aliconfig` WRITE;
/*!40000 ALTER TABLE `wy_bse_aliconfig` DISABLE KEYS */;
/*!40000 ALTER TABLE `wy_bse_aliconfig` ENABLE KEYS */;
UNLOCK TABLES;

--
-- Table structure for table `wy_bse_bank_account`
--

DROP TABLE IF EXISTS `wy_bse_bank_account`;
/*!40101 SET @saved_cs_client     = @@character_set_client */;
/*!40101 SET character_set_client = utf8 */;
CREATE TABLE `wy_bse_bank_account` (
  `id` int(11) NOT NULL AUTO_INCREMENT,
  `company_id` int(11) NOT NULL COMMENT '公司ID',
  `account_name` varchar(64) NOT NULL COMMENT '账户名',
  `account_number` varchar(32) NOT NULL COMMENT '账户',
  `bank_name` varchar(32) NOT NULL DEFAULT '' COMMENT '开户行',
  `bank_addr` varchar(128) DEFAULT '' COMMENT '开户行地址',
  `is_vaild` tinyint(4) NOT NULL DEFAULT '0' COMMENT '是否启用 1enable 0disable',
  `remark` varchar(512) NOT NULL DEFAULT '' COMMENT '备注',
  `c_uid` int(11) NOT NULL DEFAULT '0',
  `u_uid` int(11) NOT NULL DEFAULT '0',
  `created_at` datetime DEFAULT NULL,
  `updated_at` datetime DEFAULT NULL,
  `deleted_at` datetime DEFAULT NULL,
  PRIMARY KEY (`id`),
  KEY `company_id` (`company_id`)
) ENGINE=InnoDB AUTO_INCREMENT=5 DEFAULT CHARSET=utf8;
/*!40101 SET character_set_client = @saved_cs_client */;

--
-- Dumping data for table `wy_bse_bank_account`
--

LOCK TABLES `wy_bse_bank_account` WRITE;
/*!40000 ALTER TABLE `wy_bse_bank_account` DISABLE KEYS */;
INSERT INTO `wy_bse_bank_account` VALUES (1,1,'北京玄墨科技有限公司','62148301178574160','招商银行','北京朝阳',1,'物业费收款账户',1,1,NULL,'2020-06-12 11:23:25',NULL),(2,1,'租金专用收款账户','4367 4228 4257 8772 9802','中国建设银行','',0,'',1,0,'2020-06-23 22:01:24','2020-06-23 22:01:24',NULL),(3,1,'北京玄墨科技（北京）有限公司2','62148301178574160','招商银行','北京朝阳',0,'物业费收款账户1',2,1,'2020-06-23 22:01:47','2020-06-23 22:42:08',NULL),(4,1,'北京首创郎园文化发展有限公司','622222203454312','北京银行','',1,'',1,1,'2020-11-27 15:22:18','2020-11-27 15:22:46',NULL);
/*!40000 ALTER TABLE `wy_bse_bank_account` ENABLE KEYS */;
UNLOCK TABLES;

--
-- Table structure for table `wy_bse_building`
--

DROP TABLE IF EXISTS `wy_bse_building`;
/*!40101 SET @saved_cs_client     = @@character_set_client */;
/*!40101 SET character_set_client = utf8 */;
CREATE TABLE `wy_bse_building` (
  `id` int(11) NOT NULL AUTO_INCREMENT,
  `company_id` int(11) NOT NULL DEFAULT '0' COMMENT '公司ID',
  `proj_id` int(11) NOT NULL DEFAULT '0' COMMENT '项目ID',
  `proj_name` varchar(64) DEFAULT NULL,
  `build_type` varchar(16) DEFAULT NULL COMMENT '平房，楼房',
  `build_no` varchar(64) NOT NULL DEFAULT '' COMMENT '楼宇楼号',
  `build_certificate` varchar(64) DEFAULT NULL COMMENT '房产证号',
  `build_block` varchar(64) DEFAULT NULL COMMENT '幢',
  `floor_height` varchar(32) DEFAULT NULL COMMENT '层高度',
  `build_area` varchar(10) DEFAULT NULL COMMENT '管理面积',
  `build_usage` varchar(32) DEFAULT NULL COMMENT '用途',
  `build_date` date DEFAULT NULL COMMENT '建成时间',
  `remark` varchar(128) NOT NULL DEFAULT '' COMMENT '备注',
  `is_vaild` tinyint(4) NOT NULL DEFAULT '1' COMMENT '1启用，2禁用',
  `c_uid` int(11) NOT NULL DEFAULT '0' COMMENT '创建用户ID',
  `u_uid` int(11) NOT NULL DEFAULT '0' COMMENT '更新用户ID',
  `created_at` datetime DEFAULT NULL COMMENT '创建时间',
  `updated_at` datetime DEFAULT NULL COMMENT '更新时间',
  `deleted_at` datetime DEFAULT NULL COMMENT '删除时间',
  PRIMARY KEY (`id`),
  KEY `idx_build_no` (`company_id`,`build_no`)
) ENGINE=InnoDB AUTO_INCREMENT=9 DEFAULT CHARSET=utf8;
/*!40101 SET character_set_client = @saved_cs_client */;

--
-- Dumping data for table `wy_bse_building`
--

LOCK TABLES `wy_bse_building` WRITE;
/*!40000 ALTER TABLE `wy_bse_building` DISABLE KEYS */;
INSERT INTO `wy_bse_building` VALUES (1,1,1,'智慧园区','平房','1号楼','','','0','999999','商业',NULL,'',1,2,2,'2020-07-15 09:57:11','2021-05-15 23:31:14',NULL),(2,1,1,'智慧园区','楼房','啥你说啥','12222','12','100','70000','办公','2020-07-06','',1,2,0,'2020-07-15 14:34:36','2020-11-25 14:17:08','2020-11-25 14:17:08'),(3,1,2,'CBD广场','楼房','2','1234','1','7','630','商业','2013-06-06','此有改造扩建',1,2,0,'2020-07-15 15:06:47','2020-07-15 15:06:47',NULL),(4,1,1,'智慧园区','楼房','1','','','0','0','商业',NULL,'',1,1,0,'2020-11-25 14:09:53','2020-11-25 14:17:11','2020-11-25 14:17:11'),(5,1,1,'智慧园区','楼房','2','','','0','0','商业',NULL,'',1,1,0,'2020-11-25 14:10:24','2020-11-25 14:17:04','2020-11-25 14:17:04'),(6,1,1,'智慧园区','平房','1','','','0','0','商业',NULL,'',1,1,0,'2020-12-07 16:38:51','2020-12-07 16:38:51',NULL),(7,1,1,'智慧园区','楼房','4号楼','288238','5','60','29000','办公','2021-03-12','',1,1,0,'2021-03-12 16:57:18','2021-03-12 16:57:18',NULL),(8,1,3,'XXX','楼房','1号楼','','','4.2','1000','商业',NULL,'',1,2,0,'2021-05-16 13:47:52','2021-05-16 13:47:52',NULL);
/*!40000 ALTER TABLE `wy_bse_building` ENABLE KEYS */;
UNLOCK TABLES;

--
-- Table structure for table `wy_bse_building_floor`
--

DROP TABLE IF EXISTS `wy_bse_building_floor`;
/*!40101 SET @saved_cs_client     = @@character_set_client */;
/*!40101 SET character_set_client = utf8 */;
CREATE TABLE `wy_bse_building_floor` (
  `id` int(11) NOT NULL AUTO_INCREMENT,
  `company_id` int(11) NOT NULL DEFAULT '0' COMMENT '公司ID',
  `build_id` varchar(32) NOT NULL DEFAULT '' COMMENT '楼号ID',
  `floor_no` varchar(32) NOT NULL DEFAULT '' COMMENT '楼层号',
  `remark` varchar(128) NOT NULL DEFAULT '' COMMENT '备注',
  `is_vaild` tinyint(4) NOT NULL DEFAULT '1' COMMENT '1启用，2禁用',
  `c_uid` int(11) NOT NULL DEFAULT '0' COMMENT '创建用户ID',
  `u_uid` int(11) NOT NULL DEFAULT '0' COMMENT '更新用户ID',
  `created_at` datetime DEFAULT NULL COMMENT '创建时间',
  `updated_at` datetime DEFAULT NULL COMMENT '更新时间',
  `deleted_at` datetime DEFAULT NULL COMMENT '删除时间',
  PRIMARY KEY (`id`),
  KEY `company_id` (`company_id`,`build_id`)
) ENGINE=InnoDB AUTO_INCREMENT=31 DEFAULT CHARSET=utf8;
/*!40101 SET character_set_client = @saved_cs_client */;

--
-- Dumping data for table `wy_bse_building_floor`
--

LOCK TABLES `wy_bse_building_floor` WRITE;
/*!40000 ALTER TABLE `wy_bse_building_floor` DISABLE KEYS */;
INSERT INTO `wy_bse_building_floor` VALUES (1,1,'1','1层','',1,2,2,'2021-05-15 23:31:14','2021-05-15 23:31:14',NULL),(2,1,'1','2层','',1,0,2,'2021-05-15 23:31:14','2021-05-15 23:31:14',NULL),(4,1,'3','1A','',1,2,0,'2020-07-15 15:06:47',NULL,NULL),(5,1,'3','2A','',1,2,0,'2020-07-15 15:06:47',NULL,NULL),(8,1,'6','1','',1,1,0,'2020-12-07 16:38:51',NULL,NULL),(9,1,'7','1','',1,1,0,'2021-03-12 16:57:18',NULL,NULL),(10,1,'7','2','',1,1,0,'2021-03-12 16:57:18',NULL,NULL),(11,1,'7','3','',1,1,0,'2021-03-12 16:57:18',NULL,NULL),(12,1,'7','4','',1,1,0,'2021-03-12 16:57:18',NULL,NULL),(13,1,'7','5','',1,1,0,'2021-03-12 16:57:18',NULL,NULL),(14,1,'7','6','',1,1,0,'2021-03-12 16:57:18',NULL,NULL),(15,1,'7','7','',1,1,0,'2021-03-12 16:57:18',NULL,NULL),(16,1,'7','8','',1,1,0,'2021-03-12 16:57:18',NULL,NULL),(17,1,'7','9','',1,1,0,'2021-03-12 16:57:18',NULL,NULL),(18,1,'7','10','',1,1,0,'2021-03-12 16:57:18',NULL,NULL),(19,1,'7','11','',1,1,0,'2021-03-12 16:57:18',NULL,NULL),(20,1,'7','12','',1,1,0,'2021-03-12 16:57:18',NULL,NULL),(21,1,'8','1层','',1,2,0,'2021-05-16 13:47:52',NULL,NULL),(22,1,'8','2层','',1,2,0,'2021-05-16 13:47:52',NULL,NULL),(23,1,'8','3层','',1,2,0,'2021-05-16 13:47:52',NULL,NULL),(24,1,'8','4层','',1,2,0,'2021-05-16 13:47:52',NULL,NULL),(25,1,'8','5层','',1,2,0,'2021-05-16 13:47:52',NULL,NULL),(26,1,'8','6层','',1,2,0,'2021-05-16 13:47:52',NULL,NULL),(27,1,'8','7层','',1,2,0,'2021-05-16 13:47:52',NULL,NULL),(28,1,'8','8层','',1,2,0,'2021-05-16 13:47:52',NULL,NULL),(29,1,'8','9层','',1,2,0,'2021-05-16 13:47:52',NULL,NULL),(30,1,'8','10层','',1,2,0,'2021-05-16 13:47:52',NULL,NULL);
/*!40000 ALTER TABLE `wy_bse_building_floor` ENABLE KEYS */;
UNLOCK TABLES;

--
-- Table structure for table `wy_bse_building_room`
--

DROP TABLE IF EXISTS `wy_bse_building_room`;
/*!40101 SET @saved_cs_client     = @@character_set_client */;
/*!40101 SET character_set_client = utf8 */;
CREATE TABLE `wy_bse_building_room` (
  `id` int(11) NOT NULL AUTO_INCREMENT,
  `company_id` int(11) NOT NULL DEFAULT '0' COMMENT '公司ID',
  `build_id` int(11) NOT NULL DEFAULT '0' COMMENT '楼宇楼号',
  `floor_id` int(11) NOT NULL DEFAULT '0' COMMENT '楼宇楼号',
  `room_no` varchar(32) NOT NULL COMMENT '楼宇房间号',
  `room_type` tinyint(4) NOT NULL DEFAULT '0' COMMENT '房间类型1:房间2工位',
  `room_state` tinyint(4) DEFAULT '1' COMMENT '1:空闲，0在租',
  `room_measure_area` varchar(10) DEFAULT NULL COMMENT '面积',
  `room_trim_state` varchar(10) DEFAULT NULL COMMENT '装修状态',
  `room_price` varchar(10) DEFAULT NULL COMMENT '单价',
  `room_tags` varchar(128) DEFAULT NULL COMMENT '房间标签',
  `station_no` varchar(32) DEFAULT '' COMMENT '工位编号',
  `channel_state` tinyint(4) DEFAULT '0' COMMENT '1:渠道可查看，0渠道不可查看',
  `room_area` varchar(10) DEFAULT NULL COMMENT '房间面积',
  `rentable_date` date DEFAULT NULL COMMENT '可租日期',
  `remark` varchar(512) NOT NULL DEFAULT '' COMMENT '备注',
  `is_vaild` tinyint(4) DEFAULT '1' COMMENT '0禁用1 启用',
  `c_uid` int(11) NOT NULL DEFAULT '0' COMMENT '创建用户ID',
  `u_uid` int(11) NOT NULL DEFAULT '0' COMMENT '更新用户ID',
  `created_at` datetime DEFAULT NULL COMMENT '创建时间',
  `updated_at` datetime DEFAULT NULL COMMENT '更新时间',
  `deleted_at` datetime DEFAULT NULL COMMENT '删除时间',
  PRIMARY KEY (`id`),
  KEY `company_id` (`company_id`,`build_id`),
  KEY `company_id_2` (`company_id`,`room_state`),
  KEY `company_id_3` (`company_id`,`channel_state`)
) ENGINE=InnoDB AUTO_INCREMENT=16 DEFAULT CHARSET=utf8;
/*!40101 SET character_set_client = @saved_cs_client */;

--
-- Dumping data for table `wy_bse_building_room`
--

LOCK TABLES `wy_bse_building_room` WRITE;
/*!40000 ALTER TABLE `wy_bse_building_room` DISABLE KEYS */;
INSERT INTO `wy_bse_building_room` VALUES (3,1,1,1,'103',1,0,'0','简装','10','对外出租,商业用房','',1,'100','2020-07-19','',1,2,14,'2020-07-15 10:07:58','2020-11-30 17:40:46',NULL),(6,1,1,2,'2001',2,1,'0','简装','0','','2-001',1,'1',NULL,'',1,2,0,'2020-07-15 11:26:29','2020-07-15 11:26:29',NULL),(7,1,1,2,'2001',2,0,'0','简装','0','','2-002',1,'1',NULL,'',1,2,0,'2020-07-15 11:26:29','2020-07-15 13:53:55',NULL),(8,1,1,2,'2001',2,0,'0','简装','0','','2-003',1,'1',NULL,'',1,2,0,'2020-07-15 11:26:29','2020-07-15 13:53:55',NULL),(9,1,3,4,'102',1,1,'0','简装','15','','',1,'300','2020-07-15','',1,2,0,'2020-07-15 15:07:46','2020-07-15 15:07:46',NULL),(10,1,1,1,'101',1,0,'0','','0','','',1,'1000',NULL,'',1,1,13,'2020-11-25 14:11:41','2021-05-19 10:02:04',NULL),(11,1,1,1,'102',1,1,'0','','0','','',1,'999999',NULL,'',1,14,1,'2020-11-30 17:39:05','2020-12-07 16:39:58',NULL),(12,1,1,2,'201',1,1,'0','','0','','',1,'11111',NULL,'',1,14,0,'2020-11-30 17:46:51','2020-11-30 17:46:51',NULL),(13,1,3,4,'101',1,1,'0','简装','0','大创企业,精装房源','',1,'600','2021-03-18','',1,1,0,'2021-03-12 16:52:50','2021-03-12 16:52:50',NULL),(14,1,7,9,'1001',1,1,'0','','6','','',1,'300',NULL,'',1,1,0,'2021-03-12 17:00:12','2021-03-12 17:00:12',NULL),(15,1,8,21,'1001',1,1,'0','毛坯','4.5','内部用房,对外出租','',1,'100','2021-05-15','',1,2,0,'2021-05-16 13:48:24','2021-05-16 13:48:24',NULL);
/*!40000 ALTER TABLE `wy_bse_building_room` ENABLE KEYS */;
UNLOCK TABLES;

--
-- Table structure for table `wy_bse_channel`
--

DROP TABLE IF EXISTS `wy_bse_channel`;
/*!40101 SET @saved_cs_client     = @@character_set_client */;
/*!40101 SET character_set_client = utf8 */;
CREATE TABLE `wy_bse_channel` (
  `id` int(11) NOT NULL AUTO_INCREMENT,
  `company_id` int(11) NOT NULL DEFAULT '0' COMMENT '系统ID',
  `channel_name` varchar(32) NOT NULL DEFAULT '' COMMENT '渠道名称',
  `channel_addr` varchar(256) DEFAULT NULL COMMENT '渠道地址',
  `policy_id` int(11) DEFAULT '0' COMMENT '渠道政策ID',
  `brokerage_amount` decimal(10,2) DEFAULT '0.00' COMMENT '佣金金额总金额',
  `remark` varchar(512) DEFAULT '',
  `is_vaild` tinyint(4) DEFAULT '1' COMMENT '1启用0 禁用',
  `c_uid` int(11) NOT NULL DEFAULT '0' COMMENT '创建用户ID',
  `u_uid` int(11) NOT NULL DEFAULT '0' COMMENT '更新用户ID',
  `created_at` datetime DEFAULT NULL COMMENT '创建时间',
  `updated_at` datetime DEFAULT NULL COMMENT '更新时间',
  `deleted_at` datetime DEFAULT NULL COMMENT '删除时间',
  `channel_type` varchar(64) NOT NULL DEFAULT '' COMMENT '渠道类型',
  PRIMARY KEY (`id`),
  KEY `company_id` (`company_id`,`channel_name`)
) ENGINE=InnoDB AUTO_INCREMENT=7 DEFAULT CHARSET=utf8;
/*!40101 SET character_set_client = @saved_cs_client */;

--
-- Dumping data for table `wy_bse_channel`
--

LOCK TABLES `wy_bse_channel` WRITE;
/*!40000 ALTER TABLE `wy_bse_channel` DISABLE KEYS */;
INSERT INTO `wy_bse_channel` VALUES (1,1,'直接上门',NULL,1,1219416.67,'',1,2,0,'2020-07-15 10:19:39','2021-05-19 10:02:04',NULL,'直接上门'),(2,1,'哈哈哈哈',NULL,1,0.00,'',1,2,0,'2020-07-15 14:36:30','2020-07-15 14:36:30',NULL,'老客户带新'),(3,1,'保护你发的','广泛',1,0.00,'很过分',1,2,0,'2020-07-15 14:51:56','2020-07-15 14:51:56',NULL,'经纪人'),(4,1,'特信企业咨询管理公司','温特莱中心1105',1,0.00,'朋友介绍的，希望有1.5的渠道费，或者个人现金返佣，手续费不超过10%',1,2,0,'2020-07-15 14:57:05','2020-07-15 14:57:05',NULL,'经纪人'),(5,2,'链家',NULL,2,0.00,'',1,12,0,'2020-07-15 15:28:43','2020-07-15 15:28:43',NULL,'直接上门'),(6,1,'楼宇广告',NULL,1,0.00,'有人介绍',1,1,0,'2021-03-12 16:42:43','2021-03-12 16:42:43',NULL,'政府关系');
/*!40000 ALTER TABLE `wy_bse_channel` ENABLE KEYS */;
UNLOCK TABLES;

--
-- Table structure for table `wy_bse_channel_brokerage_log`
--

DROP TABLE IF EXISTS `wy_bse_channel_brokerage_log`;
/*!40101 SET @saved_cs_client     = @@character_set_client */;
/*!40101 SET character_set_client = utf8 */;
CREATE TABLE `wy_bse_channel_brokerage_log` (
  `id` int(11) NOT NULL AUTO_INCREMENT,
  `channel_id` int(11) NOT NULL DEFAULT '0' COMMENT '渠道ID',
  `policy_name` varchar(64) NOT NULL DEFAULT '0' COMMENT '政策',
  `cus_name` varchar(64) DEFAULT '' COMMENT '获取佣金的客户名称',
  `cus_id` int(11) DEFAULT '0' COMMENT '获取佣金的客户ID',
  `contract_id` int(11) NOT NULL DEFAULT '0',
  `brokerage_amount` decimal(11,2) DEFAULT '0.00' COMMENT '佣金金额',
  `remark` varchar(512) NOT NULL DEFAULT '' COMMENT '备注',
  `created_at` datetime DEFAULT NULL,
  `updated_at` datetime DEFAULT NULL,
  PRIMARY KEY (`id`),
  KEY `channel_id` (`channel_id`)
) ENGINE=InnoDB AUTO_INCREMENT=6 DEFAULT CHARSET=utf8;
/*!40101 SET character_set_client = @saved_cs_client */;

--
-- Dumping data for table `wy_bse_channel_brokerage_log`
--

LOCK TABLES `wy_bse_channel_brokerage_log` WRITE;
/*!40000 ALTER TABLE `wy_bse_channel_brokerage_log` DISABLE KEYS */;
INSERT INTO `wy_bse_channel_brokerage_log` VALUES (1,1,'一个月租金','北京中软星图信息技术有限公司',1,1,36500.00,'一个月租金|1个月租金','2020-07-15 11:19:21','2020-07-15 11:19:21'),(2,1,'一个月租金','北京玄墨科技有限公司',2,2,240000.00,'一个月租金|1个月租金','2020-07-15 13:53:55','2020-07-15 13:53:55'),(3,1,'一个月租金','首创郎园',5,19,334583.33,'一个月租金|1个月租金','2020-11-30 17:16:18','2020-11-30 17:16:18'),(4,1,'一个月租金','北京中软星图信息技术有限公司',1,20,304166.67,'一个月租金|1个月租金','2021-05-12 08:56:45','2021-05-12 08:56:45'),(5,1,'一个月租金','北京玄墨科技有限公司',2,11,304166.67,'一个月租金|1个月租金','2021-05-19 10:02:04','2021-05-19 10:02:04');
/*!40000 ALTER TABLE `wy_bse_channel_brokerage_log` ENABLE KEYS */;
UNLOCK TABLES;

--
-- Table structure for table `wy_bse_channel_policy`
--

DROP TABLE IF EXISTS `wy_bse_channel_policy`;
/*!40101 SET @saved_cs_client     = @@character_set_client */;
/*!40101 SET character_set_client = utf8 */;
CREATE TABLE `wy_bse_channel_policy` (
  `id` int(11) NOT NULL AUTO_INCREMENT,
  `name` varchar(64) NOT NULL DEFAULT '' COMMENT '渠道政策名称',
  `company_id` int(11) NOT NULL DEFAULT '0' COMMENT '公司ID',
  `policy_type` tinyint(4) NOT NULL DEFAULT '1' COMMENT '佣金方式1 固定 2 阶梯',
  `month` decimal(10,0) NOT NULL DEFAULT '0' COMMENT '几个月租金',
  `is_vaild` tinyint(4) NOT NULL DEFAULT '0' COMMENT '是否启用 1enable 2disable',
  `c_uid` int(11) NOT NULL DEFAULT '0',
  `c_username` varchar(64) NOT NULL DEFAULT '' COMMENT '创建用户名称',
  `u_uid` int(11) NOT NULL DEFAULT '0',
  `remark` varchar(512) NOT NULL DEFAULT '' COMMENT '备注',
  `created_at` datetime DEFAULT NULL,
  `updated_at` datetime DEFAULT NULL,
  `deleted_at` datetime DEFAULT NULL,
  PRIMARY KEY (`id`)
) ENGINE=InnoDB AUTO_INCREMENT=4 DEFAULT CHARSET=utf8;
/*!40101 SET character_set_client = @saved_cs_client */;

--
-- Dumping data for table `wy_bse_channel_policy`
--

LOCK TABLES `wy_bse_channel_policy` WRITE;
/*!40000 ALTER TABLE `wy_bse_channel_policy` DISABLE KEYS */;
INSERT INTO `wy_bse_channel_policy` VALUES (1,'一个月租金',1,1,1,1,2,'李振华',0,'','2020-07-15 10:19:20','2020-07-15 10:19:20',NULL),(2,'固定佣金（1个月租金）',2,1,1,1,12,'李振华',0,'','2020-07-15 15:28:25','2020-07-15 15:28:25',NULL),(3,'2个月佣金',1,1,2,1,1,'薛伟',0,'','2021-03-12 16:43:16','2021-03-12 16:43:16',NULL);
/*!40000 ALTER TABLE `wy_bse_channel_policy` ENABLE KEYS */;
UNLOCK TABLES;

--
-- Table structure for table `wy_bse_common_attachment`
--

DROP TABLE IF EXISTS `wy_bse_common_attachment`;
/*!40101 SET @saved_cs_client     = @@character_set_client */;
/*!40101 SET character_set_client = utf8 */;
CREATE TABLE `wy_bse_common_attachment` (
  `id` int(11) NOT NULL AUTO_INCREMENT,
  `company_id` int(11) DEFAULT '0',
  `parent_id` int(11) NOT NULL COMMENT '父ID',
  `parent_type` tinyint(4) NOT NULL COMMENT 'parent_type  1 channel 2 租户 3 合同 3 供应商 4 政府关系',
  `name` varchar(64) DEFAULT '' COMMENT '附件名称',
  `file_path` varchar(512) NOT NULL COMMENT '地址',
  `c_username` varchar(16) DEFAULT '',
  `c_uid` int(11) DEFAULT '0',
  `created_at` datetime DEFAULT NULL,
  `updated_at` datetime DEFAULT NULL,
  `deleted_at` datetime DEFAULT NULL,
  PRIMARY KEY (`id`),
  KEY `parent_id` (`parent_id`,`parent_type`)
) ENGINE=InnoDB AUTO_INCREMENT=2 DEFAULT CHARSET=utf8;
/*!40101 SET character_set_client = @saved_cs_client */;

--
-- Dumping data for table `wy_bse_common_attachment`
--

LOCK TABLES `wy_bse_common_attachment` WRITE;
/*!40000 ALTER TABLE `wy_bse_common_attachment` DISABLE KEYS */;
INSERT INTO `wy_bse_common_attachment` VALUES (1,0,19,3,'测试','1/contract//B0orENlEKLaeoPUmUMKkhQWr2ss5UKPUb9XqrFwl.docx','首创测试',13,'2020-11-27 16:06:55','2020-11-27 16:06:55',NULL);
/*!40000 ALTER TABLE `wy_bse_common_attachment` ENABLE KEYS */;
UNLOCK TABLES;

--
-- Table structure for table `wy_bse_common_remark`
--

DROP TABLE IF EXISTS `wy_bse_common_remark`;
/*!40101 SET @saved_cs_client     = @@character_set_client */;
/*!40101 SET character_set_client = utf8 */;
CREATE TABLE `wy_bse_common_remark` (
  `id` int(11) NOT NULL AUTO_INCREMENT,
  `company_id` int(11) NOT NULL DEFAULT '0' COMMENT '公司ID',
  `parent_id` int(11) NOT NULL DEFAULT '0' COMMENT '公司ID',
  `parent_type` int(11) NOT NULL DEFAULT '0' COMMENT '项目ID',
  `remark` varchar(512) NOT NULL COMMENT '备注内容',
  `c_uid` int(11) NOT NULL DEFAULT '0' COMMENT '创建用户ID',
  `c_username` varchar(64) NOT NULL DEFAULT '' COMMENT '创建人',
  `u_uid` int(11) NOT NULL DEFAULT '0' COMMENT '更新用户ID',
  `created_at` datetime DEFAULT NULL COMMENT '创建时间',
  `updated_at` datetime DEFAULT NULL COMMENT '更新时间',
  `deleted_at` datetime DEFAULT NULL COMMENT '删除时间',
  PRIMARY KEY (`id`),
  KEY `company_id` (`company_id`,`parent_id`)
) ENGINE=InnoDB DEFAULT CHARSET=utf8;
/*!40101 SET character_set_client = @saved_cs_client */;

--
-- Dumping data for table `wy_bse_common_remark`
--

LOCK TABLES `wy_bse_common_remark` WRITE;
/*!40000 ALTER TABLE `wy_bse_common_remark` DISABLE KEYS */;
/*!40000 ALTER TABLE `wy_bse_common_remark` ENABLE KEYS */;
UNLOCK TABLES;

--
-- Table structure for table `wy_bse_company_variable`
--

DROP TABLE IF EXISTS `wy_bse_company_variable`;
/*!40101 SET @saved_cs_client     = @@character_set_client */;
/*!40101 SET character_set_client = utf8 */;
CREATE TABLE `wy_bse_company_variable` (
  `company_id` int(11) NOT NULL,
  `tenant_prefix` varchar(16) DEFAULT '' COMMENT '租户编号前缀',
  `tenant_no` bigint(20) unsigned NOT NULL DEFAULT '0',
  `cus_prefix` varchar(4) DEFAULT 'CUS' COMMENT '客户编号前缀',
  `contract_due_remind` smallint(6) DEFAULT '30' COMMENT '合同到期提醒时间，单位天',
  `msg_revoke_time` smallint(6) DEFAULT '30' COMMENT '发送消息允许撤回时间 单位分钟',
  `contract_prefix` varchar(8) DEFAULT 'HT' COMMENT '合同编号前缀',
  `c_uid` int(11) DEFAULT '0',
  `u_uid` int(11) DEFAULT '0',
  `created_at` datetime DEFAULT NULL,
  `updated_at` timestamp NULL DEFAULT NULL,
  PRIMARY KEY (`company_id`)
) ENGINE=InnoDB DEFAULT CHARSET=utf8;
/*!40101 SET character_set_client = @saved_cs_client */;

--
-- Dumping data for table `wy_bse_company_variable`
--

LOCK TABLES `wy_bse_company_variable` WRITE;
/*!40000 ALTER TABLE `wy_bse_company_variable` DISABLE KEYS */;
INSERT INTO `wy_bse_company_variable` VALUES (1,'',32,'CUS',30,60,'HT',0,1,'2020-06-06 10:41:07','2021-05-19 02:02:04'),(2,'',0,'CUS',30,30,'HT',0,0,'2020-07-16 15:44:24','2020-07-16 07:44:24'),(4,'',0,'CUS',30,30,'HT',0,0,'2020-07-16 15:45:18','2020-07-16 07:45:18');
/*!40000 ALTER TABLE `wy_bse_company_variable` ENABLE KEYS */;
UNLOCK TABLES;

--
-- Table structure for table `wy_bse_contacts`
--

DROP TABLE IF EXISTS `wy_bse_contacts`;
/*!40101 SET @saved_cs_client     = @@character_set_client */;
/*!40101 SET character_set_client = utf8 */;
CREATE TABLE `wy_bse_contacts` (
  `id` int(11) NOT NULL AUTO_INCREMENT,
  `company_id` int(11) NOT NULL DEFAULT '0' COMMENT '系统ID',
  `parent_type` tinyint(4) NOT NULL DEFAULT '0' COMMENT '类型 1 渠道 2 客户 3 租户 4供应商 5 公共关系',
  `parent_id` int(11) NOT NULL DEFAULT '0' COMMENT '父ID',
  `contact_name` varchar(32) NOT NULL COMMENT '渠道联系人',
  `contact_phone` varchar(20) DEFAULT '' COMMENT '渠道联系电话',
  `contact_role` varchar(32) DEFAULT '' COMMENT '联系人角色',
  `is_default` tinyint(4) NOT NULL DEFAULT '0' COMMENT '是否默认联系人',
  `contact_openid` varchar(32) DEFAULT NULL COMMENT '联系人微信openid',
  `remark` varchar(256) DEFAULT '' COMMENT '备注',
  `c_uid` int(11) NOT NULL DEFAULT '0' COMMENT '创建用户ID',
  `u_uid` int(11) DEFAULT '0' COMMENT '更新用户ID',
  `created_at` datetime DEFAULT NULL COMMENT '创建时间',
  `updated_at` datetime DEFAULT NULL COMMENT '更新时间',
  `deleted_at` datetime DEFAULT NULL COMMENT '删除时间',
  PRIMARY KEY (`id`),
  KEY `company_id` (`company_id`,`parent_id`),
  KEY `company_id_2` (`company_id`,`parent_type`)
) ENGINE=InnoDB AUTO_INCREMENT=2022 DEFAULT CHARSET=utf8;
/*!40101 SET character_set_client = @saved_cs_client */;

--
-- Dumping data for table `wy_bse_contacts`
--

LOCK TABLES `wy_bse_contacts` WRITE;
/*!40000 ALTER TABLE `wy_bse_contacts` DISABLE KEYS */;
INSERT INTO `wy_bse_contacts` VALUES (1,1,2,1,'测试','18500387771','',0,NULL,'',0,2,NULL,'2020-07-16 11:33:42',NULL),(2,1,2,2,'法人','18633055655','',0,NULL,'',2,2,'2020-07-15 11:28:43','2020-07-15 11:28:43',NULL),(3,1,2,3,'法人','13211001122','',0,NULL,'',0,2,NULL,'2020-07-15 11:58:47',NULL),(4,1,1,2,'说的','12536874555','',0,NULL,'',2,2,'2020-07-15 14:36:30','2020-07-15 14:36:30',NULL),(5,1,1,3,'会更好','给你广泛','那个',0,NULL,'',2,2,'2020-07-15 14:51:56','2020-07-15 14:51:56',NULL),(6,1,1,4,'李琦琦','18913254675','经理',0,NULL,'',2,2,'2020-07-15 14:57:05','2020-07-15 14:57:05',NULL),(7,1,2,4,'古琦','13245123456','决策人',0,NULL,'',2,2,'2020-07-15 15:13:51','2020-07-15 15:13:51',NULL),(9,1,2,6,'1','12345678901','',0,NULL,'',1,1,'2020-11-27 15:31:38','2020-11-27 15:31:38',NULL),(10,1,2,7,'邹宗平','12345678910','法人',0,NULL,'',2,2,'2021-01-12 10:27:26','2021-01-12 10:27:26',NULL),(11,1,1,6,'白','13911210935','',0,NULL,'',1,1,'2021-03-12 16:42:43','2021-03-12 16:42:43',NULL),(20,1,2,16,'测试','18500001111','',0,NULL,'',0,1,NULL,'2021-03-13 09:21:44',NULL),(21,1,3,5,'法人','18633055655','',0,NULL,'',0,1,NULL,'2021-05-19 10:26:10',NULL),(2021,1,3,5,'123','12345666','',0,NULL,'',0,1,NULL,'2021-05-19 10:26:10',NULL);
/*!40000 ALTER TABLE `wy_bse_contacts` ENABLE KEYS */;
UNLOCK TABLES;

--
-- Table structure for table `wy_bse_contract`
--

DROP TABLE IF EXISTS `wy_bse_contract`;
/*!40101 SET @saved_cs_client     = @@character_set_client */;
/*!40101 SET character_set_client = utf8 */;
CREATE TABLE `wy_bse_contract` (
  `id` int(11) NOT NULL AUTO_INCREMENT,
  `company_id` int(11) NOT NULL DEFAULT '0' COMMENT '公司id',
  `proj_id` int(11) NOT NULL DEFAULT '0' COMMENT '租赁期限（月）',
  `contract_no` varchar(64) NOT NULL DEFAULT '' COMMENT '合同编号',
  `contract_type` int(1) NOT NULL DEFAULT '0' COMMENT '合同类型1 新签 2 续签',
  `rental_price` decimal(10,2) NOT NULL DEFAULT '0.00' COMMENT '签约单价',
  `rental_price_type` tinyint(4) DEFAULT '1' COMMENT '1:天 2 月',
  `rental_month_amount` decimal(10,2) DEFAULT NULL COMMENT '月租金金额',
  `management_price` decimal(10,0) DEFAULT '0' COMMENT '管理费单价',
  `management_month_amount` decimal(10,2) DEFAULT NULL COMMENT '月管理费金额',
  `violate_rate` smallint(4) NOT NULL DEFAULT '0' COMMENT '违约金比例',
  `sign_date` date NOT NULL COMMENT '签约日期',
  `pay_method` smallint(6) NOT NULL DEFAULT '0' COMMENT '支付周期',
  `contract_state` tinyint(4) NOT NULL DEFAULT '0' COMMENT '0草稿1待审核2正式',
  `start_date` date NOT NULL COMMENT '起始日期',
  `lease_term` smallint(6) NOT NULL DEFAULT '0' COMMENT '租赁期限（月）',
  `end_date` date NOT NULL COMMENT '结束日期',
  `belong_person` varchar(64) NOT NULL DEFAULT '' COMMENT '跟进人',
  `belong_uid` int(11) NOT NULL DEFAULT '0' COMMENT '跟进人ID',
  `customer_id` int(11) NOT NULL DEFAULT '0' COMMENT '公司ID',
  `customer_name` varchar(64) NOT NULL DEFAULT '' COMMENT '客户名称',
  `customer_industry` varchar(64) DEFAULT '' COMMENT '行业',
  `customer_legal_person` varchar(64) DEFAULT '0' COMMENT '法人',
  `customer_sign_person` varchar(64) DEFAULT '0' COMMENT '客户签约人',
  `sign_area` varchar(64) NOT NULL DEFAULT '' COMMENT '签约面积',
  `rental_deposit_amount` decimal(10,2) DEFAULT '0.00' COMMENT '租赁押金金额',
  `rental_deposit_month` smallint(6) DEFAULT NULL COMMENT '几个月租金作为押金',
  `increase_year` smallint(6) DEFAULT '0' COMMENT '第几年开始递增',
  `increase_date` date DEFAULT NULL COMMENT '递增时间',
  `increase_rate` smallint(6) DEFAULT '0' COMMENT '递增率，单价递增',
  `bill_day` smallint(6) DEFAULT '1' COMMENT '账单日',
  `bill_type` tinyint(4) NOT NULL DEFAULT '1' COMMENT '1正常账单免租期算账单里面，2 遇见免租期帐期后延',
  `ahead_pay_month` smallint(6) DEFAULT '0' COMMENT '提前几个月收款',
  `manager_bank_name` varchar(64) DEFAULT NULL COMMENT '管理费银行',
  `manager_bank_id` smallint(6) DEFAULT '0' COMMENT '租金账户ID',
  `manager_deposit_month` tinyint(4) DEFAULT '0' COMMENT '几个月管理费作为管理押金',
  `manager_deposit_amount` decimal(10,2) DEFAULT '0.00' COMMENT '管理费押金金额',
  `manager_account_name` varchar(64) DEFAULT NULL COMMENT '管理费账户',
  `manager_account_number` varchar(64) DEFAULT NULL COMMENT '管理费账户',
  `rental_account_name` varchar(32) DEFAULT '' COMMENT '租金账户名',
  `rental_account_number` varchar(64) DEFAULT NULL COMMENT '租金账户',
  `rental_bank_name` varchar(64) DEFAULT NULL COMMENT '租金账户名',
  `rental_bank_id` smallint(6) DEFAULT '0' COMMENT '租金账户ID',
  `increase_show` tinyint(4) DEFAULT '0' COMMENT '递增',
  `manager_show` tinyint(4) DEFAULT '0' COMMENT '管理',
  `rental_usage` varchar(16) DEFAULT '' COMMENT '租赁用途',
  `leaseback_date` date DEFAULT NULL COMMENT '退租时间',
  `free_type` tinyint(4) DEFAULT '1' COMMENT '免租类型 0 没有免租 1 按月 2按天',
  `room_type` tinyint(4) DEFAULT '1' COMMENT '房源编号1 房源2 工位 ',
  `c_uid` int(11) DEFAULT '0' COMMENT '创建用户ID',
  `u_uid` int(11) DEFAULT '0' COMMENT '更新用户ID',
  `created_at` datetime DEFAULT NULL COMMENT '创建时间',
  `updated_at` datetime DEFAULT NULL COMMENT '更新时间',
  `deleted_at` datetime DEFAULT NULL COMMENT '删除时间',
  PRIMARY KEY (`id`),
  KEY `company_id_2` (`company_id`,`customer_id`),
  KEY `idx_signdate` (`company_id`,`sign_date`),
  KEY `idx_enddate` (`end_date`)
) ENGINE=InnoDB AUTO_INCREMENT=21 DEFAULT CHARSET=utf8;
/*!40101 SET character_set_client = @saved_cs_client */;

--
-- Dumping data for table `wy_bse_contract`
--

LOCK TABLES `wy_bse_contract` WRITE;
/*!40000 ALTER TABLE `wy_bse_contract` DISABLE KEYS */;
INSERT INTO `wy_bse_contract` VALUES (1,1,1,'HT2007151115449090',1,12.00,1,36500.00,1,3345.83,5,'2020-07-14',3,2,'2020-07-15',12,'2021-07-14','李振华',2,1,'北京中软星图信息技术有限公司','科技互联网','李素杰','','100.00',73000.00,2,0,NULL,0,12,1,1,'招商银行',3,0,0.00,'北京玄墨科技（北京）有限公司2','62148301178574160','北京玄墨科技（北京）有限公司2','62148301178574160','招商银行',3,0,1,'',NULL,1,1,2,0,'2020-07-15 11:15:44','2020-07-15 11:19:21',NULL),(2,1,1,'HT2007151135482376',1,120000.00,2,240000.00,1,60.83,4,'2020-07-14',3,2,'2020-08-20',48,'2024-08-19','李振华',2,2,'北京玄墨科技有限公司',NULL,'张旭辉','','2.00',720000.00,3,2,'2022-08-19',10,12,2,1,'中国建设银行',2,0,0.00,'租金专用收款账户','4367 4228 4257 8772 9802','北京玄墨科技（北京）有限公司2','62148301178574160','招商银行',3,1,1,'',NULL,2,2,2,2,'2020-07-15 11:35:48','2020-07-15 13:53:55',NULL),(3,1,1,'HT2007152012101036',1,60.00,1,365.00,10,304.17,12,'2020-07-16',3,1,'2020-07-15',24,'2021-07-14','薛伟',1,1,'北京中软星图信息技术有限公司','科技互联网','李素杰','','1.00',365.00,1,1,'2021-07-15',1,1,1,1,'招商银行',3,1,304.17,'北京玄墨科技（北京）有限公司2','62148301178574160','北京玄墨科技（北京）有限公司2','62148301178574160','招商银行',3,1,1,'',NULL,1,2,1,1,'2020-07-15 20:12:10','2020-07-19 16:09:05',NULL),(8,1,1,'12123123',1,10.00,1,304166.67,1,30416.67,12,'2020-11-11',1,1,'2020-11-27',12,'2021-11-26','薛伟',1,1,'北京中软星图信息技术有限公司','科技互联网','李素杰','','1000.00',304166.67,1,1,NULL,0,1,1,1,'招商银行',3,0,0.00,'北京玄墨科技（北京）有限公司2','62148301178574160','北京玄墨科技（北京）有限公司2','62148301178574160','招商银行',3,0,1,'',NULL,1,1,1,0,'2020-11-27 15:22:36','2020-11-27 15:22:36',NULL),(9,1,1,'HT2011271522522211',1,10.00,1,304166.67,0,0.00,1,'2020-11-27',3,0,'2020-11-28',12,'2021-11-27','薛伟',1,3,'北京合智互联信息技术有限公司','科技互联网','郭大龙','','1000.00',0.00,0,0,NULL,0,10,1,1,'',0,0,0.00,'','','北京玄墨科技（北京）有限公司2','62148301178574160','招商银行',3,0,0,'',NULL,1,1,1,0,'2020-11-27 15:22:52','2020-11-27 15:22:52',NULL),(10,1,1,'HT2011271528356873',1,10.00,1,304166.67,1,30416.67,1,'2020-11-27',3,1,'2020-11-27',15,'2022-02-26','薛伟',1,1,'北京中软星图信息技术有限公司','科技互联网','李素杰','','1000.00',304166.67,1,0,NULL,0,1,1,1,'北京银行',4,0,0.00,'北京首创郎园文化发展有限公司','622222203454312','北京首创郎园文化发展有限公司','622222203454312','北京银行',4,0,1,'',NULL,1,1,1,0,'2020-11-27 15:28:35','2020-11-27 15:28:35',NULL),(11,1,1,'HT2011271534198463',1,10.00,1,304166.67,1,30416.67,0,'2020-11-27',1,2,'2020-11-28',12,'2021-11-27','薛伟',1,2,'北京玄墨科技有限公司',NULL,'张旭辉','','1000.00',304166.67,1,0,NULL,0,10,1,1,'北京银行',4,0,0.00,'北京首创郎园文化发展有限公司','622222203454312','租金专用收款账户','4367 4228 4257 8772 9802','中国建设银行',2,0,1,'',NULL,1,1,1,0,'2020-11-27 15:34:19','2021-05-19 10:02:04',NULL),(19,1,1,'1',1,11.00,1,334583.33,0,0.00,11,'2020-11-27',1,98,'2020-11-27',12,'2021-11-26','首创测试',13,5,'首创郎园','文化传媒','测试','1','1000.00',0.00,0,0,NULL,0,1,1,1,'',0,0,0.00,'','','北京首创郎园文化发展有限公司','622222203454312','北京银行',4,0,0,'','2020-12-04',1,1,13,13,'2020-11-27 15:48:58','2020-12-04 15:06:06',NULL),(20,1,1,'HT2105120856152722',1,10.00,1,304166.67,0,0.00,0,'2021-05-12',2,2,'2021-05-12',12,'2022-05-11','薛伟',1,1,'北京中软星图信息技术有限公司','科技互联网','李素杰','','1000.00',0.00,0,0,NULL,0,15,1,1,'',0,0,0.00,'','','租金专用收款账户','4367 4228 4257 8772 9802','中国建设银行',2,0,0,'',NULL,1,1,1,0,'2021-05-12 08:56:15','2021-05-12 08:56:45',NULL);
/*!40000 ALTER TABLE `wy_bse_contract` ENABLE KEYS */;
UNLOCK TABLES;

--
-- Table structure for table `wy_bse_contract_bill`
--

DROP TABLE IF EXISTS `wy_bse_contract_bill`;
/*!40101 SET @saved_cs_client     = @@character_set_client */;
/*!40101 SET character_set_client = utf8 */;
CREATE TABLE `wy_bse_contract_bill` (
  `id` int(11) NOT NULL AUTO_INCREMENT,
  `contract_id` int(11) NOT NULL COMMENT '合同id',
  `cus_id` int(11) NOT NULL DEFAULT '0' COMMENT '客户id',
  `type` varchar(32) NOT NULL COMMENT '费用类型',
  `amount` decimal(10,2) NOT NULL DEFAULT '0.00' COMMENT '费用金额',
  `charge_date` date NOT NULL COMMENT '收费日期',
  `start_date` date NOT NULL COMMENT '费用开始日期',
  `end_date` date NOT NULL COMMENT '费用结束日期',
  `price` varchar(16) DEFAULT '0.00' COMMENT '单价',
  `bill_date` varchar(128) DEFAULT '' COMMENT '账单起始日期',
  `is_charge` tinyint(4) DEFAULT '0' COMMENT '是否已收 1 已收0 未收',
  `charge_amount` decimal(11,2) DEFAULT '0.00' COMMENT '已收',
  `remark` varchar(512) DEFAULT '' COMMENT '费用备注',
  `created_at` datetime DEFAULT NULL COMMENT '创建时间',
  `updated_at` datetime DEFAULT NULL COMMENT '更新时间',
  `deleted_at` datetime DEFAULT NULL COMMENT '删除时间',
  PRIMARY KEY (`id`)
) ENGINE=InnoDB AUTO_INCREMENT=328 DEFAULT CHARSET=utf8;
/*!40101 SET character_set_client = @saved_cs_client */;

--
-- Dumping data for table `wy_bse_contract_bill`
--

LOCK TABLES `wy_bse_contract_bill` WRITE;
/*!40000 ALTER TABLE `wy_bse_contract_bill` DISABLE KEYS */;
INSERT INTO `wy_bse_contract_bill` VALUES (1,1,1,'租金',73000.00,'2020-07-15','2020-07-15','2020-10-14','12.00 元/㎡·天','2020-07-15至2020-10-14',0,0.00,'免租1个月|开始2020-07-15','2020-07-15 11:15:44',NULL,NULL),(2,1,1,'租金',109500.00,'2020-09-12','2020-10-15','2021-01-14','12.00 元/㎡·天','2020-10-15至2021-01-14',0,0.00,'','2020-07-15 11:15:44',NULL,NULL),(3,1,1,'租金',109500.00,'2020-12-12','2021-01-15','2021-04-14','12.00 元/㎡·天','2021-01-15至2021-04-14',0,0.00,'','2020-07-15 11:15:44',NULL,NULL),(4,1,1,'租金',109500.00,'2021-03-12','2021-04-15','2021-07-14','12.00 元/㎡·天','2021-04-15至2021-07-14',0,0.00,'','2020-07-15 11:15:44',NULL,NULL),(5,1,1,'管理费',10037.49,'2020-07-15','2020-07-15','2020-10-14','1.10 元/㎡·天','2020-07-15至2020-10-14',0,0.00,'','2020-07-15 11:15:44',NULL,NULL),(6,1,1,'管理费',10037.49,'2020-09-12','2020-10-15','2021-01-14','1.10 元/㎡·天','2020-10-15至2021-01-14',0,0.00,'','2020-07-15 11:15:44',NULL,NULL),(7,1,1,'管理费',10037.49,'2020-12-12','2021-01-15','2021-04-14','1.10 元/㎡·天','2021-01-15至2021-04-14',0,0.00,'','2020-07-15 11:15:44',NULL,NULL),(8,1,1,'管理费',10037.49,'2021-03-12','2021-04-15','2021-07-14','1.10 元/㎡·天','2021-04-15至2021-07-14',0,0.00,'','2020-07-15 11:15:44',NULL,NULL),(9,1,1,'租赁押金',73000.00,'2020-07-14','2020-07-15','2021-07-14',NULL,'2020-07-15至2021-07-14',0,0.00,'2个月租金','2020-07-15 11:15:44',NULL,NULL),(36,2,2,'租金',720000.00,'2020-08-20','2020-08-20','2020-11-29','120000.00元·月','2020-08-20至2020-11-29',0,0.00,'免租10天|开始时间2020-08-20','2020-07-15 13:53:44',NULL,NULL),(37,2,2,'租金',720000.00,'2020-10-12','2020-11-30','2021-03-01','120000.00元·月','2020-11-30至2021-03-01',0,0.00,'','2020-07-15 13:53:44',NULL,NULL),(38,2,2,'租金',720000.00,'2021-02-12','2021-03-02','2021-06-01','120000.00元·月','2021-03-02至2021-06-01',0,0.00,'','2020-07-15 13:53:44',NULL,NULL),(39,2,2,'租金',720000.00,'2021-05-12','2021-06-02','2021-09-01','120000.00元·月','2021-06-02至2021-09-01',0,0.00,'','2020-07-15 13:53:44',NULL,NULL),(40,2,2,'租金',720000.00,'2021-08-12','2021-09-02','2021-12-01','120000.00元·月','2021-09-02至2021-12-01',0,0.00,'','2020-07-15 13:53:44',NULL,NULL),(41,2,2,'租金',720000.00,'2021-11-12','2021-12-02','2022-03-01','120000.00元·月','2021-12-02至2022-03-01',0,0.00,'','2020-07-15 13:53:44',NULL,NULL),(42,2,2,'租金',720000.00,'2022-02-12','2022-03-02','2022-06-01','120000.00元·月','2022-03-02至2022-06-01',0,0.00,'','2020-07-15 13:53:44',NULL,NULL),(43,2,2,'租金',641095.92,'2022-05-12','2022-06-02','2022-08-19','120000.00元·月','2022-06-02至2022-08-19',0,0.00,'','2020-07-15 13:53:44',NULL,NULL),(44,2,2,'租金',792000.00,'2022-08-19','2022-08-19','2022-11-28','132000.00元·月','2022-08-19至2022-11-28',0,0.00,'免租10天|开始时间2022-08-20','2020-07-15 13:53:44',NULL,NULL),(45,2,2,'租金',792000.00,'2022-10-12','2022-11-29','2023-02-28','132000.00元·月','2022-11-29至2023-02-28',0,0.00,'','2020-07-15 13:53:44',NULL,NULL),(46,2,2,'租金',792000.00,'2023-02-12','2023-03-01','2023-05-31','132000.00元·月','2023-03-01至2023-05-31',0,0.00,'','2020-07-15 13:53:44',NULL,NULL),(47,2,2,'租金',792000.00,'2023-05-12','2023-06-01','2023-08-31','132000.00元·月','2023-06-01至2023-08-31',0,0.00,'','2020-07-15 13:53:44',NULL,NULL),(48,2,2,'租金',792000.00,'2023-08-12','2023-09-01','2023-11-30','132000.00元·月','2023-09-01至2023-11-30',0,0.00,'','2020-07-15 13:53:44',NULL,NULL),(49,2,2,'租金',792000.00,'2023-11-12','2023-12-01','2024-02-29','132000.00元·月','2023-12-01至2024-02-29',0,0.00,'','2020-07-15 13:53:44',NULL,NULL),(50,2,2,'租金',792000.00,'2024-02-12','2024-03-01','2024-05-31','132000.00元·月','2024-03-01至2024-05-31',0,0.00,'','2020-07-15 13:53:44',NULL,NULL),(51,2,2,'租金',705205.51,'2024-05-12','2024-06-01','2024-08-19','132000.00元·月','2024-06-01至2024-08-19',0,0.00,'','2020-07-15 13:53:44',NULL,NULL),(52,2,2,'管理费',202.44,'2020-08-20','2020-08-20','2020-11-29','1.00元/㎡·天','2020-08-20至2020-11-29',0,0.00,'','2020-07-15 13:53:44',NULL,NULL),(53,2,2,'管理费',182.49,'2020-10-12','2020-11-30','2021-03-01','1.00元/㎡·天','2020-11-30至2021-03-01',0,0.00,'','2020-07-15 13:53:44',NULL,NULL),(54,2,2,'管理费',182.49,'2021-02-12','2021-03-02','2021-06-01','1.00元/㎡·天','2021-03-02至2021-06-01',0,0.00,'','2020-07-15 13:53:44',NULL,NULL),(55,2,2,'管理费',182.49,'2021-05-12','2021-06-02','2021-09-01','1.00元/㎡·天','2021-06-02至2021-09-01',0,0.00,'','2020-07-15 13:53:44',NULL,NULL),(56,2,2,'管理费',182.49,'2021-08-12','2021-09-02','2021-12-01','1.00元/㎡·天','2021-09-02至2021-12-01',0,0.00,'','2020-07-15 13:53:44',NULL,NULL),(57,2,2,'管理费',182.49,'2021-11-12','2021-12-02','2022-03-01','1.00元/㎡·天','2021-12-02至2022-03-01',0,0.00,'','2020-07-15 13:53:44',NULL,NULL),(58,2,2,'管理费',182.49,'2022-02-12','2022-03-02','2022-06-01','1.00元/㎡·天','2022-03-02至2022-06-01',0,0.00,'','2020-07-15 13:53:44',NULL,NULL),(59,2,2,'管理费',202.44,'2022-05-12','2022-06-02','2022-09-11','1.00元/㎡·天','2022-06-02至2022-09-11',0,0.00,'','2020-07-15 13:53:44',NULL,NULL),(60,2,2,'管理费',182.49,'2022-08-12','2022-09-12','2022-12-11','1.00元/㎡·天','2022-09-12至2022-12-11',0,0.00,'','2020-07-15 13:53:44',NULL,NULL),(61,2,2,'管理费',182.49,'2022-11-12','2022-12-12','2023-03-11','1.00元/㎡·天','2022-12-12至2023-03-11',0,0.00,'','2020-07-15 13:53:44',NULL,NULL),(62,2,2,'管理费',182.49,'2023-02-12','2023-03-12','2023-06-11','1.00元/㎡·天','2023-03-12至2023-06-11',0,0.00,'','2020-07-15 13:53:44',NULL,NULL),(63,2,2,'管理费',182.49,'2023-05-12','2023-06-12','2023-09-11','1.00元/㎡·天','2023-06-12至2023-09-11',0,0.00,'','2020-07-15 13:53:44',NULL,NULL),(64,2,2,'管理费',182.49,'2023-08-12','2023-09-12','2023-12-11','1.00元/㎡·天','2023-09-12至2023-12-11',0,0.00,'','2020-07-15 13:53:44',NULL,NULL),(65,2,2,'管理费',182.49,'2023-11-12','2023-12-12','2024-03-11','1.00元/㎡·天','2023-12-12至2024-03-11',0,0.00,'','2020-07-15 13:53:44',NULL,NULL),(66,2,2,'管理费',182.49,'2024-02-12','2024-03-12','2024-06-11','1.00元/㎡·天','2024-03-12至2024-06-11',0,0.00,'','2020-07-15 13:53:44',NULL,NULL),(67,2,2,'管理费',142.49,'2024-05-12','2024-06-12','2024-08-19','1.00元/㎡·天','2024-06-12至2024-08-19',0,0.00,'','2020-07-15 13:53:44',NULL,NULL),(68,2,2,'租赁押金',720000.00,'2020-07-14','2020-08-20','2024-08-19',NULL,'2020-08-20至2024-08-19',0,0.00,'3个月租金','2020-07-15 13:53:44',NULL,NULL),(95,3,1,'租金',365.00,'2020-07-15','2020-07-15','2020-10-14','60.00元·天','2020-07-15至2020-10-14',0,0.00,'免租2个月|开始2020-07-15','2020-07-19 16:09:06',NULL,NULL),(96,3,1,'租金',1095.00,'2020-09-01','2020-10-15','2021-01-14','60.00元·天','2020-10-15至2021-01-14',0,0.00,'','2020-07-19 16:09:06',NULL,NULL),(97,3,1,'租金',1095.00,'2020-12-01','2021-01-15','2021-04-14','60.00元·天','2021-01-15至2021-04-14',0,0.00,'','2020-07-19 16:09:06',NULL,NULL),(98,3,1,'租金',1095.00,'2021-03-01','2021-04-15','2021-07-14','60.00元·天','2021-04-15至2021-07-14',0,0.00,'','2020-07-19 16:09:06',NULL,NULL),(99,3,1,'租金',1105.95,'2021-07-15','2021-07-15','2021-10-14','60.60元·天','2021-7-15至2021-10-14',0,0.00,'','2020-07-19 16:09:06',NULL,NULL),(100,3,1,'租金',1105.95,'2021-09-01','2021-10-15','2022-01-14','60.60元·天','2021-10-15至2022-01-14',0,0.00,'','2020-07-19 16:09:06',NULL,NULL),(101,3,1,'租金',1105.95,'2021-12-01','2022-01-15','2022-04-14','60.60元·天','2022-01-15至2022-04-14',0,0.00,'','2020-07-19 16:09:06',NULL,NULL),(102,3,1,'租金',1105.95,'2022-03-01','2022-04-15','2021-07-14','60.60元·天','2022-04-15至2021-07-14',0,0.00,'','2020-07-19 16:09:06',NULL,NULL),(103,3,1,'管理费',912.51,'2020-07-15','2020-07-15','2020-10-14','10.00元/㎡·天','2020-07-15至2020-10-14',0,0.00,'','2020-07-19 16:09:06',NULL,NULL),(104,3,1,'管理费',912.51,'2020-09-01','2020-10-15','2021-01-14','10.00元/㎡·天','2020-10-15至2021-01-14',0,0.00,'','2020-07-19 16:09:06',NULL,NULL),(105,3,1,'管理费',912.51,'2020-12-01','2021-01-15','2021-04-14','10.00元/㎡·天','2021-01-15至2021-04-14',0,0.00,'','2020-07-19 16:09:06',NULL,NULL),(106,3,1,'管理费',912.51,'2021-03-01','2021-04-15','2021-07-14','10.00元/㎡·天','2021-04-15至2021-07-14',0,0.00,'','2020-07-19 16:09:06',NULL,NULL),(107,3,1,'管理费',912.51,'2021-06-01','2021-07-15','2021-10-14','10.00元/㎡·天','2021-07-15至2021-10-14',0,0.00,'','2020-07-19 16:09:06',NULL,NULL),(108,3,1,'管理费',912.51,'2021-09-01','2021-10-15','2022-01-14','10.00元/㎡·天','2021-10-15至2022-01-14',0,0.00,'','2020-07-19 16:09:06',NULL,NULL),(109,3,1,'管理费',912.51,'2021-12-01','2022-01-15','2022-04-14','10.00元/㎡·天','2022-01-15至2022-04-14',0,0.00,'','2020-07-19 16:09:06',NULL,NULL),(110,3,1,'管理费',912.51,'2022-03-01','2022-04-15','2021-07-14','10.00元/㎡·天','2022-04-15至2021-07-14',0,0.00,'','2020-07-19 16:09:06',NULL,NULL),(111,3,1,'租赁押金',365.00,'2020-07-16','2020-07-15','2021-07-14',NULL,'2020-07-15至2021-07-14',0,0.00,'1个月租金','2020-07-19 16:09:06',NULL,NULL),(112,3,1,'管理押金',304.17,'2020-07-16','2020-07-15','2021-07-14',NULL,'2020-07-15至2021-07-14',0,0.00,'1个月管理费','2020-07-19 16:09:06',NULL,NULL),(161,8,1,'租金',0.00,'2020-11-27','2020-11-27','2020-12-26','10.00元/㎡·天','2020-11-27至2020-12-26',0,0.00,'免租1个月|开始2020-11-27','2020-11-27 15:22:36',NULL,NULL),(162,8,1,'租金',304166.67,'2020-11-01','2020-12-27','2021-01-26','10.00元/㎡·天','2020-12-27至2021-01-26',0,0.00,'','2020-11-27 15:22:36',NULL,NULL),(163,8,1,'租金',304166.67,'2020-12-01','2021-01-27','2021-02-26','10.00元/㎡·天','2021-01-27至2021-02-26',0,0.00,'','2020-11-27 15:22:36',NULL,NULL),(164,8,1,'租金',304166.67,'2021-01-01','2021-02-27','2021-03-26','10.00元/㎡·天','2021-02-27至2021-03-26',0,0.00,'','2020-11-27 15:22:36',NULL,NULL),(165,8,1,'租金',304166.67,'2021-02-01','2021-03-27','2021-04-26','10.00元/㎡·天','2021-03-27至2021-04-26',0,0.00,'','2020-11-27 15:22:36',NULL,NULL),(166,8,1,'租金',304166.67,'2021-03-01','2021-04-27','2021-05-26','10.00元/㎡·天','2021-04-27至2021-05-26',0,0.00,'','2020-11-27 15:22:36',NULL,NULL),(167,8,1,'租金',304166.67,'2021-04-01','2021-05-27','2021-06-26','10.00元/㎡·天','2021-05-27至2021-06-26',0,0.00,'','2020-11-27 15:22:36',NULL,NULL),(168,8,1,'租金',304166.67,'2021-05-01','2021-06-27','2021-07-26','10.00元/㎡·天','2021-06-27至2021-07-26',0,0.00,'','2020-11-27 15:22:36',NULL,NULL),(169,8,1,'租金',304166.67,'2021-06-01','2021-07-27','2021-08-26','10.00元/㎡·天','2021-07-27至2021-08-26',0,0.00,'','2020-11-27 15:22:36',NULL,NULL),(170,8,1,'租金',304166.67,'2021-07-01','2021-08-27','2021-09-26','10.00元/㎡·天','2021-08-27至2021-09-26',0,0.00,'','2020-11-27 15:22:36',NULL,NULL),(171,8,1,'租金',304166.67,'2021-08-01','2021-09-27','2021-10-26','10.00元/㎡·天','2021-09-27至2021-10-26',0,0.00,'','2020-11-27 15:22:36',NULL,NULL),(172,8,1,'租金',304166.67,'2021-09-01','2021-10-27','2021-11-26','10.00元/㎡·天','2021-10-27至2021-11-26',0,0.00,'','2020-11-27 15:22:36',NULL,NULL),(173,8,1,'管理费',30416.67,'2020-11-27','2020-11-27','2020-12-26','1.00元/㎡·天','2020-11-27至2020-12-26',0,0.00,'','2020-11-27 15:22:36',NULL,NULL),(174,8,1,'管理费',30416.67,'2020-11-01','2020-12-27','2021-01-26','1.00元/㎡·天','2020-12-27至2021-01-26',0,0.00,'','2020-11-27 15:22:36',NULL,NULL),(175,8,1,'管理费',30416.67,'2020-12-01','2021-01-27','2021-02-26','1.00元/㎡·天','2021-01-27至2021-02-26',0,0.00,'','2020-11-27 15:22:36',NULL,NULL),(176,8,1,'管理费',30416.67,'2021-01-01','2021-02-27','2021-03-26','1.00元/㎡·天','2021-02-27至2021-03-26',0,0.00,'','2020-11-27 15:22:36',NULL,NULL),(177,8,1,'管理费',30416.67,'2021-02-01','2021-03-27','2021-04-26','1.00元/㎡·天','2021-03-27至2021-04-26',0,0.00,'','2020-11-27 15:22:36',NULL,NULL),(178,8,1,'管理费',30416.67,'2021-03-01','2021-04-27','2021-05-26','1.00元/㎡·天','2021-04-27至2021-05-26',0,0.00,'','2020-11-27 15:22:36',NULL,NULL),(179,8,1,'管理费',30416.67,'2021-04-01','2021-05-27','2021-06-26','1.00元/㎡·天','2021-05-27至2021-06-26',0,0.00,'','2020-11-27 15:22:36',NULL,NULL),(180,8,1,'管理费',30416.67,'2021-05-01','2021-06-27','2021-07-26','1.00元/㎡·天','2021-06-27至2021-07-26',0,0.00,'','2020-11-27 15:22:36',NULL,NULL),(181,8,1,'管理费',30416.67,'2021-06-01','2021-07-27','2021-08-26','1.00元/㎡·天','2021-07-27至2021-08-26',0,0.00,'','2020-11-27 15:22:36',NULL,NULL),(182,8,1,'管理费',30416.67,'2021-07-01','2021-08-27','2021-09-26','1.00元/㎡·天','2021-08-27至2021-09-26',0,0.00,'','2020-11-27 15:22:36',NULL,NULL),(183,8,1,'管理费',30416.67,'2021-08-01','2021-09-27','2021-10-26','1.00元/㎡·天','2021-09-27至2021-10-26',0,0.00,'','2020-11-27 15:22:36',NULL,NULL),(184,8,1,'管理费',30416.67,'2021-09-01','2021-10-27','2021-11-26','1.00元/㎡·天','2021-10-27至2021-11-26',0,0.00,'','2020-11-27 15:22:36',NULL,NULL),(185,8,1,'租赁押金',304166.67,'2020-11-11','2020-11-27','2021-11-26',NULL,'2020-11-27至2021-11-26',0,0.00,'1个月租金','2020-11-27 15:22:36',NULL,NULL),(186,9,3,'租金',912500.01,'2020-11-28','2020-11-28','2021-02-27','10.00元/㎡·天','2020-11-28至2021-02-27',0,0.00,'','2020-11-27 15:22:52',NULL,NULL),(187,9,3,'租金',912500.01,'2021-01-10','2021-02-28','2021-05-27','10.00元/㎡·天','2021-02-28至2021-05-27',0,0.00,'','2020-11-27 15:22:52',NULL,NULL),(188,9,3,'租金',912500.01,'2021-04-10','2021-05-28','2021-08-27','10.00元/㎡·天','2021-05-28至2021-08-27',0,0.00,'','2020-11-27 15:22:52',NULL,NULL),(189,9,3,'租金',912500.01,'2021-07-10','2021-08-28','2021-11-27','10.00元/㎡·天','2021-08-28至2021-11-27',0,0.00,'','2020-11-27 15:22:52',NULL,NULL),(190,10,1,'租金',608333.34,'2020-11-27','2020-11-27','2021-02-26','10.00元/㎡·天','2020-11-27至2021-02-26',0,0.00,'免租1个月|开始2020-11-27','2020-11-27 15:28:35',NULL,NULL),(191,10,1,'租金',912500.01,'2021-01-01','2021-02-27','2021-05-26','10.00元/㎡·天','2021-02-27至2021-05-26',0,0.00,'','2020-11-27 15:28:35',NULL,NULL),(192,10,1,'租金',912500.01,'2021-04-01','2021-05-27','2021-08-26','10.00元/㎡·天','2021-05-27至2021-08-26',0,0.00,'','2020-11-27 15:28:35',NULL,NULL),(193,10,1,'租金',912500.01,'2021-07-01','2021-08-27','2021-11-26','10.00元/㎡·天','2021-08-27至2021-11-26',0,0.00,'','2020-11-27 15:28:35',NULL,NULL),(194,10,1,'租金',912500.01,'2021-10-01','2021-11-27','2022-02-26','10.00元/㎡·天','2021-11-27至2022-02-26',0,0.00,'','2020-11-27 15:28:35',NULL,NULL),(195,10,1,'管理费',91250.01,'2020-11-27','2020-11-27','2021-02-26','1.00元/㎡·天','2020-11-27至2021-02-26',0,0.00,'','2020-11-27 15:28:35',NULL,NULL),(196,10,1,'管理费',91250.01,'2021-01-01','2021-02-27','2021-05-26','1.00元/㎡·天','2021-02-27至2021-05-26',0,0.00,'','2020-11-27 15:28:35',NULL,NULL),(197,10,1,'管理费',91250.01,'2021-04-01','2021-05-27','2021-08-26','1.00元/㎡·天','2021-05-27至2021-08-26',0,0.00,'','2020-11-27 15:28:35',NULL,NULL),(198,10,1,'管理费',91250.01,'2021-07-01','2021-08-27','2021-11-26','1.00元/㎡·天','2021-08-27至2021-11-26',0,0.00,'','2020-11-27 15:28:35',NULL,NULL),(199,10,1,'管理费',91250.01,'2021-10-01','2021-11-27','2022-02-26','1.00元/㎡·天','2021-11-27至2022-02-26',0,0.00,'','2020-11-27 15:28:35',NULL,NULL),(200,10,1,'租赁押金',304166.67,'2020-11-27','2020-11-27','2022-02-26',NULL,'2020-11-27至2022-02-26',0,0.00,'1个月租金','2020-11-27 15:28:35',NULL,NULL),(201,11,2,'租金',0.00,'2020-11-28','2020-11-28','2020-12-27','10.00元/㎡·天','2020-11-28至2020-12-27',0,0.00,'免租1个月|开始2020-11-28','2020-11-27 15:34:19',NULL,NULL),(202,11,2,'租金',304166.67,'2020-11-10','2020-12-28','2021-01-27','10.00元/㎡·天','2020-12-28至2021-01-27',0,0.00,'','2020-11-27 15:34:19',NULL,NULL),(203,11,2,'租金',304166.67,'2020-12-10','2021-01-28','2021-02-27','10.00元/㎡·天','2021-01-28至2021-02-27',0,0.00,'','2020-11-27 15:34:19',NULL,NULL),(204,11,2,'租金',304166.67,'2021-01-10','2021-02-28','2021-03-27','10.00元/㎡·天','2021-02-28至2021-03-27',0,0.00,'','2020-11-27 15:34:19',NULL,NULL),(205,11,2,'租金',304166.67,'2021-02-10','2021-03-28','2021-04-27','10.00元/㎡·天','2021-03-28至2021-04-27',0,0.00,'','2020-11-27 15:34:19',NULL,NULL),(206,11,2,'租金',304166.67,'2021-03-10','2021-04-28','2021-05-27','10.00元/㎡·天','2021-04-28至2021-05-27',0,0.00,'','2020-11-27 15:34:19',NULL,NULL),(207,11,2,'租金',304166.67,'2021-04-10','2021-05-28','2021-06-27','10.00元/㎡·天','2021-05-28至2021-06-27',0,0.00,'','2020-11-27 15:34:19',NULL,NULL),(208,11,2,'租金',304166.67,'2021-05-10','2021-06-28','2021-07-27','10.00元/㎡·天','2021-06-28至2021-07-27',0,0.00,'','2020-11-27 15:34:19',NULL,NULL),(209,11,2,'租金',304166.67,'2021-06-10','2021-07-28','2021-08-27','10.00元/㎡·天','2021-07-28至2021-08-27',0,0.00,'','2020-11-27 15:34:19',NULL,NULL),(210,11,2,'租金',304166.67,'2021-07-10','2021-08-28','2021-09-27','10.00元/㎡·天','2021-08-28至2021-09-27',0,0.00,'','2020-11-27 15:34:19',NULL,NULL),(211,11,2,'租金',304166.67,'2021-08-10','2021-09-28','2021-10-27','10.00元/㎡·天','2021-09-28至2021-10-27',0,0.00,'','2020-11-27 15:34:19',NULL,NULL),(212,11,2,'租金',304166.67,'2021-09-10','2021-10-28','2021-11-27','10.00元/㎡·天','2021-10-28至2021-11-27',0,0.00,'','2020-11-27 15:34:19',NULL,NULL),(213,11,2,'管理费',30416.67,'2020-11-28','2020-11-28','2020-12-27','1.00元/㎡·天','2020-11-28至2020-12-27',0,0.00,'','2020-11-27 15:34:19',NULL,NULL),(214,11,2,'管理费',30416.67,'2020-11-10','2020-12-28','2021-01-27','1.00元/㎡·天','2020-12-28至2021-01-27',0,0.00,'','2020-11-27 15:34:19',NULL,NULL),(215,11,2,'管理费',30416.67,'2020-12-10','2021-01-28','2021-02-27','1.00元/㎡·天','2021-01-28至2021-02-27',0,0.00,'','2020-11-27 15:34:19',NULL,NULL),(216,11,2,'管理费',30416.67,'2021-01-10','2021-02-28','2021-03-27','1.00元/㎡·天','2021-02-28至2021-03-27',0,0.00,'','2020-11-27 15:34:19',NULL,NULL),(217,11,2,'管理费',30416.67,'2021-02-10','2021-03-28','2021-04-27','1.00元/㎡·天','2021-03-28至2021-04-27',0,0.00,'','2020-11-27 15:34:19',NULL,NULL),(218,11,2,'管理费',30416.67,'2021-03-10','2021-04-28','2021-05-27','1.00元/㎡·天','2021-04-28至2021-05-27',0,0.00,'','2020-11-27 15:34:19',NULL,NULL),(219,11,2,'管理费',30416.67,'2021-04-10','2021-05-28','2021-06-27','1.00元/㎡·天','2021-05-28至2021-06-27',0,0.00,'','2020-11-27 15:34:19',NULL,NULL),(220,11,2,'管理费',30416.67,'2021-05-10','2021-06-28','2021-07-27','1.00元/㎡·天','2021-06-28至2021-07-27',0,0.00,'','2020-11-27 15:34:19',NULL,NULL),(221,11,2,'管理费',30416.67,'2021-06-10','2021-07-28','2021-08-27','1.00元/㎡·天','2021-07-28至2021-08-27',0,0.00,'','2020-11-27 15:34:19',NULL,NULL),(222,11,2,'管理费',30416.67,'2021-07-10','2021-08-28','2021-09-27','1.00元/㎡·天','2021-08-28至2021-09-27',0,0.00,'','2020-11-27 15:34:19',NULL,NULL),(223,11,2,'管理费',30416.67,'2021-08-10','2021-09-28','2021-10-27','1.00元/㎡·天','2021-09-28至2021-10-27',0,0.00,'','2020-11-27 15:34:19',NULL,NULL),(224,11,2,'管理费',30416.67,'2021-09-10','2021-10-28','2021-11-27','1.00元/㎡·天','2021-10-28至2021-11-27',0,0.00,'','2020-11-27 15:34:19',NULL,NULL),(225,11,2,'租赁押金',304166.67,'2020-11-27','2020-11-28','2021-11-27',NULL,'2020-11-28至2021-11-27',0,0.00,'1个月租金','2020-11-27 15:34:19',NULL,NULL),(310,19,5,'租金',334583.33,'2020-11-27','2020-11-27','2020-12-26','11.00元/㎡·天','2020-11-27至2020-12-26',0,0.00,'','2020-11-30 16:45:40',NULL,NULL),(311,19,5,'租金',334583.33,'2020-11-01','2020-12-27','2021-01-26','11.00元/㎡·天','2020-12-27至2021-01-26',0,0.00,'','2020-11-30 16:45:40',NULL,NULL),(312,19,5,'租金',334583.33,'2020-12-01','2021-01-27','2021-02-26','11.00元/㎡·天','2021-01-27至2021-02-26',0,0.00,'','2020-11-30 16:45:40',NULL,NULL),(313,19,5,'租金',334583.33,'2021-01-01','2021-02-27','2021-03-26','11.00元/㎡·天','2021-02-27至2021-03-26',0,0.00,'','2020-11-30 16:45:40',NULL,NULL),(314,19,5,'租金',334583.33,'2021-02-01','2021-03-27','2021-04-26','11.00元/㎡·天','2021-03-27至2021-04-26',0,0.00,'','2020-11-30 16:45:40',NULL,NULL),(315,19,5,'租金',334583.33,'2021-03-01','2021-04-27','2021-05-26','11.00元/㎡·天','2021-04-27至2021-05-26',0,0.00,'','2020-11-30 16:45:40',NULL,NULL),(316,19,5,'租金',334583.33,'2021-04-01','2021-05-27','2021-06-26','11.00元/㎡·天','2021-05-27至2021-06-26',0,0.00,'','2020-11-30 16:45:40',NULL,NULL),(317,19,5,'租金',334583.33,'2021-05-01','2021-06-27','2021-07-26','11.00元/㎡·天','2021-06-27至2021-07-26',0,0.00,'','2020-11-30 16:45:40',NULL,NULL),(318,19,5,'租金',334583.33,'2021-06-01','2021-07-27','2021-08-26','11.00元/㎡·天','2021-07-27至2021-08-26',0,0.00,'','2020-11-30 16:45:40',NULL,NULL),(319,19,5,'租金',334583.33,'2021-07-01','2021-08-27','2021-09-26','11.00元/㎡·天','2021-08-27至2021-09-26',0,0.00,'','2020-11-30 16:45:40',NULL,NULL),(320,19,5,'租金',334583.33,'2021-08-01','2021-09-27','2021-10-26','11.00元/㎡·天','2021-09-27至2021-10-26',0,0.00,'','2020-11-30 16:45:40',NULL,NULL),(321,19,5,'租金',334583.33,'2021-09-01','2021-10-27','2021-11-26','11.00元/㎡·天','2021-10-27至2021-11-26',0,0.00,'','2020-11-30 16:45:40',NULL,NULL),(322,20,1,'租金',608333.34,'2021-05-12','2021-05-12','2021-07-11','10.00元/㎡·天','2021-05-12至2021-07-11',0,0.00,'','2021-05-12 08:56:15',NULL,NULL),(323,20,1,'租金',608333.34,'2021-06-15','2021-07-12','2021-09-11','10.00元/㎡·天','2021-07-12至2021-09-11',0,0.00,'','2021-05-12 08:56:15',NULL,NULL),(324,20,1,'租金',608333.34,'2021-08-15','2021-09-12','2021-11-11','10.00元/㎡·天','2021-09-12至2021-11-11',0,0.00,'','2021-05-12 08:56:15',NULL,NULL),(325,20,1,'租金',608333.34,'2021-10-15','2021-11-12','2022-01-11','10.00元/㎡·天','2021-11-12至2022-01-11',0,0.00,'','2021-05-12 08:56:15',NULL,NULL),(326,20,1,'租金',608333.34,'2021-12-15','2022-01-12','2022-03-11','10.00元/㎡·天','2022-01-12至2022-03-11',0,0.00,'','2021-05-12 08:56:15',NULL,NULL),(327,20,1,'租金',608333.34,'2022-02-15','2022-03-12','2022-05-11','10.00元/㎡·天','2022-03-12至2022-05-11',0,0.00,'','2021-05-12 08:56:15',NULL,NULL);
/*!40000 ALTER TABLE `wy_bse_contract_bill` ENABLE KEYS */;
UNLOCK TABLES;

--
-- Table structure for table `wy_bse_contract_free_period`
--

DROP TABLE IF EXISTS `wy_bse_contract_free_period`;
/*!40101 SET @saved_cs_client     = @@character_set_client */;
/*!40101 SET character_set_client = utf8 */;
CREATE TABLE `wy_bse_contract_free_period` (
  `id` int(11) NOT NULL AUTO_INCREMENT,
  `cus_id` int(11) NOT NULL DEFAULT '0' COMMENT '租户ID',
  `contract_id` int(11) NOT NULL DEFAULT '0' COMMENT '合同ID',
  `start_date` date DEFAULT NULL COMMENT '免租开始日期',
  `end_date` date DEFAULT NULL COMMENT '免租结束日期',
  `free_num` varchar(6) NOT NULL COMMENT '免租天数或者月数',
  `is_vaild` tinyint(4) NOT NULL DEFAULT '1' COMMENT '是否已处理',
  `remark` varchar(256) DEFAULT '' COMMENT 'beizhu',
  `created_at` datetime DEFAULT NULL COMMENT '创建时间',
  `updated_at` datetime DEFAULT NULL COMMENT '更新时间',
  `deleted_at` datetime DEFAULT NULL COMMENT '删除时间',
  PRIMARY KEY (`id`),
  KEY `idx_cusId` (`cus_id`),
  KEY `idx_contractId` (`contract_id`)
) ENGINE=InnoDB AUTO_INCREMENT=15 DEFAULT CHARSET=utf8 COMMENT='免租期限';
/*!40101 SET character_set_client = @saved_cs_client */;

--
-- Dumping data for table `wy_bse_contract_free_period`
--

LOCK TABLES `wy_bse_contract_free_period` WRITE;
/*!40000 ALTER TABLE `wy_bse_contract_free_period` DISABLE KEYS */;
INSERT INTO `wy_bse_contract_free_period` VALUES (1,1,1,'2020-07-15',NULL,'1',1,'','2020-07-15 11:15:44','2020-07-15 11:15:44',NULL),(7,2,2,'2020-08-20',NULL,'10',1,'','2020-07-15 13:53:44','2020-07-15 13:53:44',NULL),(8,2,2,'2022-08-20',NULL,'10',1,'','2020-07-15 13:53:44','2020-07-15 13:53:44',NULL),(11,1,3,'2020-07-15',NULL,'2',1,'','2020-07-19 16:09:06','2020-07-19 16:09:06',NULL),(12,1,8,'2020-11-27',NULL,'1',1,'','2020-11-27 15:22:36','2020-11-27 15:22:36',NULL),(13,1,10,'2020-11-27',NULL,'1',1,'','2020-11-27 15:28:35','2020-11-27 15:28:35',NULL),(14,2,11,'2020-11-28',NULL,'1',1,'','2020-11-27 15:34:19','2020-11-27 15:34:19',NULL);
/*!40000 ALTER TABLE `wy_bse_contract_free_period` ENABLE KEYS */;
UNLOCK TABLES;

--
-- Table structure for table `wy_bse_contract_log`
--

DROP TABLE IF EXISTS `wy_bse_contract_log`;
/*!40101 SET @saved_cs_client     = @@character_set_client */;
/*!40101 SET character_set_client = utf8 */;
CREATE TABLE `wy_bse_contract_log` (
  `id` int(11) NOT NULL AUTO_INCREMENT,
  `type` tinyint(4) NOT NULL DEFAULT '1' COMMENT '1:作废 2 审核',
  `contract_id` int(11) NOT NULL DEFAULT '0' COMMENT '合同ID',
  `title` varchar(32) DEFAULT '' COMMENT '日志标题',
  `contract_state` tinyint(4) DEFAULT '0' COMMENT '合同状态-1 ：作废 0 草稿1 待审核 2 正式合同',
  `audit_state` tinyint(4) DEFAULT '0' COMMENT '审核状态1 通过0 未通过',
  `remark` varchar(2048) NOT NULL DEFAULT '' COMMENT '备注',
  `c_username` varchar(16) NOT NULL DEFAULT '' COMMENT '操作用户',
  `c_uid` int(11) NOT NULL DEFAULT '0' COMMENT '操作人ID',
  `created_at` datetime DEFAULT NULL,
  `updated_at` datetime DEFAULT NULL,
  `deleted_at` datetime DEFAULT NULL,
  PRIMARY KEY (`id`),
  KEY `contract_id` (`contract_id`)
) ENGINE=InnoDB AUTO_INCREMENT=34 DEFAULT CHARSET=utf8;
/*!40101 SET character_set_client = @saved_cs_client */;

--
-- Dumping data for table `wy_bse_contract_log`
--

LOCK TABLES `wy_bse_contract_log` WRITE;
/*!40000 ALTER TABLE `wy_bse_contract_log` DISABLE KEYS */;
INSERT INTO `wy_bse_contract_log` VALUES (1,1,1,'待审核',1,0,'李振华在2020-07-15 11:15:44提交待审核','李振华',2,'2020-07-15 11:15:44','2020-07-15 11:15:44',NULL),(2,1,1,'审核合同',2,1,'北京中软星图信息技术有限公司已被李振华在2020-07-15 11:19:21审核完成。','李振华',2,'2020-07-15 11:19:21','2020-07-15 11:19:21',NULL),(3,1,2,'待审核',1,0,'李振华在2020-07-15 11:35:48提交待审核','李振华',2,'2020-07-15 11:35:48','2020-07-15 11:35:48',NULL),(4,1,2,'审核合同',0,0,'不通过北京玄墨科技有限公司-已被-李振华 在 2020-07-15 11:36:13退回修改！','李振华',2,'2020-07-15 11:36:13','2020-07-15 11:36:13',NULL),(5,1,2,'保存合同',0,0,'李振华在2020-07-15 11:42:48保存合同','李振华',2,'2020-07-15 11:42:48','2020-07-15 11:42:48',NULL),(6,1,2,'保存合同',0,0,'李振华在2020-07-15 13:53:11保存合同','李振华',2,'2020-07-15 13:53:11','2020-07-15 13:53:11',NULL),(7,1,2,'待审核',1,0,'李振华在2020-07-15 13:53:44提交待审核','李振华',2,'2020-07-15 13:53:44','2020-07-15 13:53:44',NULL),(8,1,2,'审核合同',2,1,'北京玄墨科技有限公司-已被-李振华 在 2020-07-15 13:53:55审核完成。','李振华',2,'2020-07-15 13:53:55','2020-07-15 13:53:55',NULL),(9,1,3,'保存合同',0,0,'薛伟在2020-07-15 20:12:10保存合同','薛伟',1,'2020-07-15 20:12:10','2020-07-15 20:12:10',NULL),(10,1,3,'保存合同',0,0,'薛伟在2020-07-15 20:20:48保存合同','薛伟',1,'2020-07-15 20:20:48','2020-07-15 20:20:48',NULL),(11,1,3,'保存合同',0,0,'薛伟在2020-07-15 20:21:42保存合同','薛伟',1,'2020-07-15 20:21:42','2020-07-15 20:21:42',NULL),(12,1,3,'待审核',1,0,'薛伟在2020-07-19 16:09:05提交待审核','薛伟',1,'2020-07-19 16:09:05','2020-07-19 16:09:05',NULL),(17,1,8,'待审核',1,0,'薛伟在2020-11-27 15:22:36提交待审核','薛伟',1,'2020-11-27 15:22:36','2020-11-27 15:22:36',NULL),(18,1,9,'保存合同',0,0,'薛伟在2020-11-27 15:22:52保存合同','薛伟',1,'2020-11-27 15:22:52','2020-11-27 15:22:52',NULL),(19,1,10,'待审核',1,0,'薛伟在2020-11-27 15:28:35提交待审核','薛伟',1,'2020-11-27 15:28:35','2020-11-27 15:28:35',NULL),(20,1,11,'待审核',1,0,'薛伟在2020-11-27 15:34:19提交待审核','薛伟',1,'2020-11-27 15:34:19','2020-11-27 15:34:19',NULL),(28,1,19,'保存合同',0,0,'首创测试在2020-11-27 15:48:58保存合同','首创测试',13,'2020-11-27 15:48:58','2020-11-27 15:48:58',NULL),(29,1,19,'待审核',1,0,'首创测试在2020-11-30 16:45:40提交待审核','首创测试',13,'2020-11-30 16:45:40','2020-11-30 16:45:40',NULL),(30,1,19,'审核合同',2,1,'首创郎园-已被-薛伟 在 2020-11-30 17:16:18审核完成。','薛伟',1,'2020-11-30 17:16:18','2020-11-30 17:16:18',NULL),(31,1,20,'待审核',1,0,'薛伟在2021-05-12 08:56:15提交待审核','薛伟',1,'2021-05-12 08:56:15','2021-05-12 08:56:15',NULL),(32,1,20,'审核合同',2,1,'北京中软星图信息技术有限公司-已被-薛伟 在 2021-05-12 08:56:45审核完成。','薛伟',1,'2021-05-12 08:56:45','2021-05-12 08:56:45',NULL),(33,1,11,'审核合同',2,1,'北京玄墨科技有限公司-已被-薛伟 在 2021-05-19 10:02:04审核完成。','薛伟',1,'2021-05-19 10:02:04','2021-05-19 10:02:04',NULL);
/*!40000 ALTER TABLE `wy_bse_contract_log` ENABLE KEYS */;
UNLOCK TABLES;

--
-- Table structure for table `wy_bse_contract_parm`
--

DROP TABLE IF EXISTS `wy_bse_contract_parm`;
/*!40101 SET @saved_cs_client     = @@character_set_client */;
/*!40101 SET character_set_client = utf8 */;
CREATE TABLE `wy_bse_contract_parm` (
  `id` int(11) NOT NULL AUTO_INCREMENT,
  `parm_type` varchar(32) NOT NULL DEFAULT '' COMMENT '变量类型',
  `parm_name` varchar(32) NOT NULL DEFAULT '' COMMENT '变量名称',
  `remark` varchar(256) DEFAULT '' COMMENT '备注',
  `created_at` datetime DEFAULT NULL COMMENT '创建时间',
  `updated_at` datetime DEFAULT NULL COMMENT '更新时间',
  `deleted_at` datetime DEFAULT NULL COMMENT '删除时间',
  PRIMARY KEY (`id`),
  UNIQUE KEY `parm_name` (`parm_name`)
) ENGINE=InnoDB AUTO_INCREMENT=27 DEFAULT CHARSET=utf8;
/*!40101 SET character_set_client = @saved_cs_client */;

--
-- Dumping data for table `wy_bse_contract_parm`
--

LOCK TABLES `wy_bse_contract_parm` WRITE;
/*!40000 ALTER TABLE `wy_bse_contract_parm` DISABLE KEYS */;
INSERT INTO `wy_bse_contract_parm` VALUES (1,'合同','${合同编号}','',NULL,NULL,NULL),(5,'合同','${签约年月日}','',NULL,NULL,NULL),(6,'合同','${租赁用途}','',NULL,NULL,NULL),(7,'合同','${租赁周期}','',NULL,NULL,NULL),(8,'合同','${租赁开始年月日}','',NULL,NULL,NULL),(9,'合同','${租赁结束年月日}','2020年10月1号',NULL,NULL,NULL),(10,'合同','${押金收款年月日}','2020年10月1号',NULL,NULL,NULL),(11,'租户信息','${租户名称}','',NULL,NULL,NULL),(12,'租户信息','${租户法人}','',NULL,NULL,NULL),(13,'租户信息','${租户签约人}','',NULL,NULL,NULL),(14,'租赁信息','${计租面积}','',NULL,NULL,NULL),(15,'租赁信息','${租赁押金金额}','',NULL,NULL,NULL),(16,'租赁信息','${租金单价}','',NULL,NULL,NULL),(17,'租赁信息','${租金月单价}','',NULL,NULL,NULL),(18,'租赁信息','${管理费单价}','',NULL,NULL,NULL),(19,'租赁信息','${管理费月单价}','',NULL,NULL,NULL),(20,'租赁信息','${管理费收款账户}','',NULL,NULL,NULL),(21,'租赁信息','${管理费收款账户名称}','',NULL,NULL,NULL),(22,'租赁信息','${管理费收款账户银行}','',NULL,NULL,NULL),(23,'租赁信息','${租金收款账户}','',NULL,NULL,NULL),(24,'租赁信息','${租金收款账户名称}','',NULL,NULL,NULL),(25,'租赁信息','${租金收款账户银行}','',NULL,NULL,NULL),(26,'租赁信息','${房源信息}','',NULL,NULL,NULL);
/*!40000 ALTER TABLE `wy_bse_contract_parm` ENABLE KEYS */;
UNLOCK TABLES;

--
-- Table structure for table `wy_bse_contract_room`
--

DROP TABLE IF EXISTS `wy_bse_contract_room`;
/*!40101 SET @saved_cs_client     = @@character_set_client */;
/*!40101 SET character_set_client = utf8 */;
CREATE TABLE `wy_bse_contract_room` (
  `id` int(11) NOT NULL AUTO_INCREMENT,
  `contract_id` int(11) NOT NULL DEFAULT '0' COMMENT '合同id',
  `proj_id` int(11) NOT NULL DEFAULT '0' COMMENT '项目',
  `proj_name` varchar(64) DEFAULT '' COMMENT '项目',
  `build_id` int(11) NOT NULL DEFAULT '0' COMMENT '楼号ID',
  `build_no` varchar(32) DEFAULT '' COMMENT '楼号',
  `floor_id` int(11) NOT NULL DEFAULT '0' COMMENT '层ID',
  `floor_no` varchar(64) DEFAULT '' COMMENT '层号',
  `room_id` int(11) NOT NULL DEFAULT '0' COMMENT '房间ID',
  `room_no` varchar(64) DEFAULT '' COMMENT '房间',
  `room_area` decimal(10,2) NOT NULL DEFAULT '0.00' COMMENT '房间面积',
  `room_type` tinyint(4) DEFAULT '1' COMMENT '房源编号1 房源2 工位',
  `station_no` varchar(64) DEFAULT NULL COMMENT '工位编号',
  `created_at` datetime DEFAULT NULL COMMENT '创建时间',
  `updated_at` datetime DEFAULT NULL COMMENT '更新时间',
  `deleted_at` datetime DEFAULT NULL COMMENT '删除时间',
  PRIMARY KEY (`id`),
  KEY `contract_id` (`contract_id`),
  KEY `idx_projId_build_id` (`proj_id`,`build_id`)
) ENGINE=InnoDB AUTO_INCREMENT=32 DEFAULT CHARSET=utf8;
/*!40101 SET character_set_client = @saved_cs_client */;

--
-- Dumping data for table `wy_bse_contract_room`
--

LOCK TABLES `wy_bse_contract_room` WRITE;
/*!40000 ALTER TABLE `wy_bse_contract_room` DISABLE KEYS */;
INSERT INTO `wy_bse_contract_room` VALUES (1,1,1,'智慧园区',1,'1号楼',1,'1层',3,'1002',100.00,1,'',NULL,'2020-07-15 11:15:44',NULL),(8,2,1,'智慧园区',1,'1号楼',2,'2层',7,'2001',1.00,2,'2-002','2020-07-15 13:53:44',NULL,NULL),(9,2,1,'智慧园区',1,'1号楼',2,'2层',8,'2001',1.00,2,'2-003','2020-07-15 13:53:44',NULL,NULL),(13,3,1,'智慧园区',1,'1号楼',2,'2层',6,'2001',1.00,2,'2-001','2020-07-19 16:09:05',NULL,NULL),(18,8,1,'智慧园区',1,'1号楼',1,'1层',10,'101',1000.00,1,'',NULL,'2020-11-27 15:22:36',NULL),(19,9,1,'智慧园区',1,'1号楼',1,'1层',10,'101',1000.00,1,'',NULL,'2020-11-27 15:22:52',NULL),(20,10,1,'智慧园区',1,'1号楼',1,'1层',10,'101',1000.00,1,'',NULL,'2020-11-27 15:28:35',NULL),(21,11,1,'智慧园区',1,'1号楼',1,'1层',10,'101',1000.00,1,'',NULL,'2020-11-27 15:34:19',NULL),(30,19,1,'智慧园区',1,'1号楼',1,'1层',10,'101',1000.00,1,'','2020-11-30 16:45:40',NULL,NULL),(31,20,1,'智慧园区',1,'1号楼',1,'1层',10,'101',1000.00,1,'',NULL,'2021-05-12 08:56:15',NULL);
/*!40000 ALTER TABLE `wy_bse_contract_room` ENABLE KEYS */;
UNLOCK TABLES;

--
-- Table structure for table `wy_bse_contract_template`
--

DROP TABLE IF EXISTS `wy_bse_contract_template`;
/*!40101 SET @saved_cs_client     = @@character_set_client */;
/*!40101 SET character_set_client = utf8 */;
CREATE TABLE `wy_bse_contract_template` (
  `id` int(11) NOT NULL AUTO_INCREMENT,
  `company_id` int(11) NOT NULL DEFAULT '0' COMMENT '公司ID',
  `name` varchar(64) NOT NULL COMMENT '合同模版名称',
  `file_name` varchar(128) DEFAULT '' COMMENT '合同模版文件名',
  `file_path` varchar(512) NOT NULL COMMENT '合同模版路径',
  `remark` varchar(256) DEFAULT '' COMMENT '备注',
  `c_username` varchar(32) NOT NULL DEFAULT '' COMMENT '添加人',
  `c_uid` int(11) DEFAULT '0' COMMENT '创建用户ID',
  `u_uid` int(11) DEFAULT '0' COMMENT '更新用户ID',
  `created_at` datetime DEFAULT NULL COMMENT '创建时间',
  `updated_at` datetime DEFAULT NULL COMMENT '更新时间',
  `deleted_at` datetime DEFAULT NULL COMMENT '删除时间',
  PRIMARY KEY (`id`),
  KEY `company_id` (`company_id`)
) ENGINE=InnoDB AUTO_INCREMENT=2 DEFAULT CHARSET=utf8;
/*!40101 SET character_set_client = @saved_cs_client */;

--
-- Dumping data for table `wy_bse_contract_template`
--

LOCK TABLES `wy_bse_contract_template` WRITE;
/*!40000 ALTER TABLE `wy_bse_contract_template` DISABLE KEYS */;
INSERT INTO `wy_bse_contract_template` VALUES (1,1,'schema最新定义版本.docx','storage/app/public/20200612/1-schema最新定义版本.docx','storage/app/public/20200612/1-schema最新定义版本.docx','合同模版','',1,1,NULL,NULL,NULL);
/*!40000 ALTER TABLE `wy_bse_contract_template` ENABLE KEYS */;
UNLOCK TABLES;

--
-- Table structure for table `wy_bse_cus_follow`
--

DROP TABLE IF EXISTS `wy_bse_cus_follow`;
/*!40101 SET @saved_cs_client     = @@character_set_client */;
/*!40101 SET character_set_client = utf8 */;
CREATE TABLE `wy_bse_cus_follow` (
  `id` int(11) NOT NULL AUTO_INCREMENT,
  `company_id` int(11) NOT NULL DEFAULT '0' COMMENT '公司ID',
  `cus_id` int(11) NOT NULL DEFAULT '0' COMMENT '客户ID',
  `cus_follow_type` tinyint(4) NOT NULL DEFAULT '1' COMMENT '跟进类型：1来访，2 电话，3微信  ，4QQ、5其他',
  `cus_state` varchar(16) NOT NULL DEFAULT '' COMMENT '1:来电、2来访、3意向、4确认、5签约、6流失',
  `cus_follow_record` varchar(1024) NOT NULL DEFAULT '' COMMENT '跟进记录',
  `follow_username` varchar(32) DEFAULT NULL COMMENT '跟进用户',
  `cus_follow_time` date DEFAULT NULL COMMENT '跟进时间',
  `cus_contact_id` int(11) NOT NULL DEFAULT '0' COMMENT '客户联系人ID',
  `cus_contact_user` varchar(50) NOT NULL COMMENT '客户联系人',
  `cus_loss_reason` varchar(64) DEFAULT NULL COMMENT '流失原因',
  `times` smallint(6) DEFAULT '0' COMMENT '第几次跟进',
  `c_uid` int(11) NOT NULL DEFAULT '0' COMMENT '创建用户ID',
  `u_uid` int(11) NOT NULL DEFAULT '0' COMMENT '更新用户ID',
  `created_at` datetime DEFAULT NULL COMMENT '创建时间',
  `updated_at` datetime DEFAULT NULL COMMENT '更新时间',
  `deleted_at` datetime DEFAULT NULL COMMENT '删除时间',
  PRIMARY KEY (`id`),
  KEY `cus_id` (`cus_id`)
) ENGINE=InnoDB AUTO_INCREMENT=8 DEFAULT CHARSET=utf8;
/*!40101 SET character_set_client = @saved_cs_client */;

--
-- Dumping data for table `wy_bse_cus_follow`
--

LOCK TABLES `wy_bse_cus_follow` WRITE;
/*!40000 ALTER TABLE `wy_bse_cus_follow` DISABLE KEYS */;
INSERT INTO `wy_bse_cus_follow` VALUES (1,1,1,2,'初次接触','客户在看其他项目','李振华','2020-07-15',1,'测试','',1,2,0,'2020-07-15 10:36:28','2020-07-15 10:36:28',NULL),(2,1,3,2,'初次接触','跟进','李振华','2020-07-14',3,'法人','',1,2,0,'2020-07-15 12:03:51','2020-07-15 12:03:51',NULL),(3,1,5,1,'潜在客户','带看','首创测试','2020-11-28',8,'测试','',1,13,0,'2020-11-27 14:43:53','2020-11-27 14:43:53',NULL),(4,1,5,1,'成交客户','测试','首创测试','2020-11-27',8,'测试','',2,13,0,'2020-11-27 15:03:45','2020-11-27 15:03:45',NULL),(5,1,5,1,'意向客户','测试','首创测试','2020-11-27',8,'测试','',3,13,0,'2020-11-27 15:06:14','2020-11-27 15:06:14',NULL),(6,1,4,3,'意向客户','不错的','薛伟','2021-03-12',7,'古琦','',1,1,0,'2021-03-12 16:50:17','2021-03-12 16:50:17',NULL),(7,1,3,2,'初次接触','测试用户','李振华','2021-05-15',3,'法人','',2,2,0,'2021-05-15 12:03:03','2021-05-15 12:03:03',NULL);
/*!40000 ALTER TABLE `wy_bse_cus_follow` ENABLE KEYS */;
UNLOCK TABLES;

--
-- Table structure for table `wy_bse_cus_remind`
--

DROP TABLE IF EXISTS `wy_bse_cus_remind`;
/*!40101 SET @saved_cs_client     = @@character_set_client */;
/*!40101 SET character_set_client = utf8 */;
CREATE TABLE `wy_bse_cus_remind` (
  `id` int(11) NOT NULL AUTO_INCREMENT,
  `company_id` int(11) NOT NULL DEFAULT '0' COMMENT '公司ID',
  `cus_id` int(11) NOT NULL DEFAULT '0' COMMENT '客户ID',
  `cus_name` varchar(64) NOT NULL DEFAULT '' COMMENT '客户名称',
  `cus_remind_date` datetime DEFAULT NULL COMMENT '提醒跟进时间',
  `cus_remind_content` varchar(256) NOT NULL DEFAULT '' COMMENT '提醒内容',
  `remind_user` varchar(32) DEFAULT NULL COMMENT '提醒人',
  `c_uid` int(11) NOT NULL DEFAULT '0' COMMENT '创建用户ID',
  `u_uid` int(11) NOT NULL DEFAULT '0' COMMENT '更新用户ID',
  `created_at` datetime DEFAULT NULL COMMENT '创建时间',
  `updated_at` datetime DEFAULT NULL COMMENT '更新时间',
  `deleted_at` datetime DEFAULT NULL COMMENT '删除时间',
  PRIMARY KEY (`id`),
  KEY `cus_id` (`cus_id`)
) ENGINE=InnoDB AUTO_INCREMENT=4 DEFAULT CHARSET=utf8;
/*!40101 SET character_set_client = @saved_cs_client */;

--
-- Dumping data for table `wy_bse_cus_remind`
--

LOCK TABLES `wy_bse_cus_remind` WRITE;
/*!40000 ALTER TABLE `wy_bse_cus_remind` DISABLE KEYS */;
INSERT INTO `wy_bse_cus_remind` VALUES (1,1,1,'北京中软星图信息技术有限公司','2020-07-23 00:00:00','跟进提醒','李振华',2,0,'2020-07-15 10:36:28','2020-07-15 10:36:28',NULL),(2,1,3,'北京合智互联信息技术有限公司','2020-07-14 00:00:00','跟进提醒','李振华',2,0,'2020-07-15 12:03:51','2020-07-15 12:03:51',NULL),(3,1,5,'首创郎园','2020-11-22 00:00:00','跟进提醒','首创测试',13,0,'2020-11-27 14:43:53','2020-11-27 14:43:53',NULL);
/*!40000 ALTER TABLE `wy_bse_cus_remind` ENABLE KEYS */;
UNLOCK TABLES;

--
-- Table structure for table `wy_bse_cus_room`
--

DROP TABLE IF EXISTS `wy_bse_cus_room`;
/*!40101 SET @saved_cs_client     = @@character_set_client */;
/*!40101 SET character_set_client = utf8 */;
CREATE TABLE `wy_bse_cus_room` (
  `id` int(11) NOT NULL AUTO_INCREMENT,
  `cus_id` int(11) NOT NULL DEFAULT '0' COMMENT '客户ID',
  `proj_id` int(11) NOT NULL DEFAULT '0' COMMENT '项目',
  `proj_name` varchar(64) DEFAULT '' COMMENT '项目',
  `build_id` int(11) NOT NULL DEFAULT '0' COMMENT '楼号ID',
  `build_no` varchar(32) DEFAULT '' COMMENT '楼号',
  `floor_id` int(11) NOT NULL DEFAULT '0' COMMENT '层ID',
  `floor_no` varchar(64) DEFAULT '' COMMENT '层号',
  `room_id` int(11) NOT NULL DEFAULT '0' COMMENT '房间ID',
  `room_no` varchar(64) DEFAULT '' COMMENT '房间',
  `room_area` decimal(10,2) NOT NULL DEFAULT '0.00' COMMENT '房间面积',
  `room_type` tinyint(4) DEFAULT '1' COMMENT '房源编号1 房源2 工位',
  `station_no` varchar(64) DEFAULT NULL COMMENT '工位编号',
  `created_at` datetime DEFAULT NULL COMMENT '创建时间',
  `updated_at` datetime DEFAULT NULL COMMENT '更新时间',
  `deleted_at` datetime DEFAULT NULL COMMENT '删除时间',
  PRIMARY KEY (`id`),
  KEY `cus_id` (`cus_id`),
  KEY `idx_roomId` (`room_id`)
) ENGINE=InnoDB DEFAULT CHARSET=utf8;
/*!40101 SET character_set_client = @saved_cs_client */;

--
-- Dumping data for table `wy_bse_cus_room`
--

LOCK TABLES `wy_bse_cus_room` WRITE;
/*!40000 ALTER TABLE `wy_bse_cus_room` DISABLE KEYS */;
/*!40000 ALTER TABLE `wy_bse_cus_room` ENABLE KEYS */;
UNLOCK TABLES;

--
-- Table structure for table `wy_bse_customer`
--

DROP TABLE IF EXISTS `wy_bse_customer`;
/*!40101 SET @saved_cs_client     = @@character_set_client */;
/*!40101 SET character_set_client = utf8 */;
CREATE TABLE `wy_bse_customer` (
  `id` int(11) NOT NULL AUTO_INCREMENT,
  `company_id` int(11) NOT NULL DEFAULT '0' COMMENT '公司ID',
  `cus_type` tinyint(4) DEFAULT '0' COMMENT '1 客户 2 租户 3 退租',
  `room_type` tinyint(4) NOT NULL DEFAULT '1' COMMENT '需求类型1 房源 2 工位 3 场馆',
  `cus_no` varchar(32) NOT NULL DEFAULT '',
  `cus_name` varchar(128) NOT NULL COMMENT '客户名称',
  `cus_industry` varchar(64) DEFAULT '' COMMENT '行业',
  `cus_level` varchar(32) DEFAULT NULL COMMENT '客户等级',
  `cus_nature` varchar(64) NOT NULL DEFAULT '0' COMMENT '单位性质：国企、私企、外资、其他',
  `cus_worker_num` smallint(6) DEFAULT NULL COMMENT '办公人数',
  `cus_addr` varchar(128) DEFAULT NULL COMMENT '地址',
  `cus_state` varchar(32) NOT NULL DEFAULT '' COMMENT '来电、来访、意向、确认、签约、流失',
  `cus_visit_date` date DEFAULT NULL COMMENT '初次来访时间',
  `belong_uid` int(11) DEFAULT '0' COMMENT '跟进人ID',
  `belong_person` varchar(16) DEFAULT NULL COMMENT '跟进人姓名',
  `channel_id` int(11) DEFAULT '0' COMMENT '渠道ID',
  `channel_name` varchar(32) DEFAULT '' COMMENT '渠道名称',
  `channel_contact` varchar(32) DEFAULT '' COMMENT '渠道联系人',
  `channel_contact_phone` varchar(32) DEFAULT '' COMMENT '渠道联系电话',
  `proj_id` int(11) DEFAULT '0' COMMENT '来访项目',
  `proj_name` varchar(64) DEFAULT NULL COMMENT '项目名称',
  `cus_rate` varchar(32) DEFAULT '' COMMENT '客户评价',
  `deal_rate` smallint(6) DEFAULT '0' COMMENT '客户成交率',
  `cus_tags` varchar(32) DEFAULT '' COMMENT '客户标签',
  `business_info_id` bigint(20) DEFAULT '0' COMMENT '天眼查工商信息',
  `remark` varchar(512) DEFAULT '' COMMENT '备注',
  `c_uid` int(11) NOT NULL DEFAULT '0' COMMENT '创建用户ID',
  `u_uid` int(11) NOT NULL DEFAULT '0' COMMENT '更新用户ID',
  `created_at` datetime DEFAULT NULL COMMENT '创建时间',
  `updated_at` datetime DEFAULT NULL COMMENT '更新时间',
  `deleted_at` datetime DEFAULT NULL COMMENT '删除时间',
  PRIMARY KEY (`id`),
  KEY `company_id` (`company_id`,`cus_name`),
  KEY `cus_type` (`cus_type`),
  KEY `channel_id` (`channel_id`),
  KEY `idx_belongId` (`company_id`),
  KEY `idx_cusState` (`cus_state`),
  KEY `idx_companyType` (`company_id`,`cus_type`)
) ENGINE=InnoDB AUTO_INCREMENT=17 DEFAULT CHARSET=utf8;
/*!40101 SET character_set_client = @saved_cs_client */;

--
-- Dumping data for table `wy_bse_customer`
--

LOCK TABLES `wy_bse_customer` WRITE;
/*!40000 ALTER TABLE `wy_bse_customer` DISABLE KEYS */;
INSERT INTO `wy_bse_customer` VALUES (1,1,2,1,'CUS100024','北京中软星图信息技术有限公司','科技互联网','','',0,'','成交客户','2020-07-15',2,'李振华',1,'直接上门','','',1,'智慧园区','',50,'',1,'',2,2,'2020-07-15 10:35:52','2020-07-16 11:33:41',NULL),(2,1,2,1,'CUS100025','北京玄墨科技有限公司','','','',0,'','成交客户','2020-07-14',2,'李振华',1,'直接上门','','',1,'智慧园区','',50,'',2,'',2,0,'2020-07-15 11:28:43','2020-07-15 13:53:55',NULL),(3,1,1,1,'CUS100026','北京合智互联信息技术有限公司','科技互联网','C','',NULL,'','初次接触','2020-07-15',2,'李振华',1,'直接上门','','',1,'智慧园区','',50,'',3,'',2,2,'2020-07-15 11:53:19','2020-07-15 11:58:46',NULL),(4,1,1,1,'CUS100027','常州美好健康管理咨询有限公司','科技互联网','A','私企',26,'','意向客户','2020-07-15',2,'李振华',4,'特信企业咨询管理公司','白琦琦','18913256789',2,'CBD广场','',50,'',4,'',2,0,'2020-07-15 15:13:51','2020-07-15 15:13:51',NULL),(5,1,1,1,'CUS100028','首创郎园','文化传媒','D','国企',0,'','退租客户','2020-11-27',13,'首创测试',1,'直接上门','','',1,'智慧园区','',50,'',5,'',13,0,'2020-11-27 14:31:00','2020-12-04 15:06:06',NULL),(6,1,1,1,'CUS100029','测试','文化传媒','D','国企',0,'','初次接触','2020-11-27',14,'首创测试2',1,'直接上门','','',2,'CBD广场','',72,'',6,'',1,0,'2020-11-27 15:31:38','2020-11-27 15:31:38',NULL),(7,1,1,1,'CUS100030','杭州虎风数字文化有限责任公司','文化传媒','A','私企',30,'','成交客户','2020-12-22',13,'首创测试',2,'哈哈哈哈','','',3,'XXX','',50,'',7,'',2,0,'2021-01-12 10:27:26','2021-01-12 10:27:26',NULL),(16,1,1,1,'CUS100031','测试客户','','','',0,'','初次接触','2021-03-13',1,'薛伟',6,'楼宇广告','','',1,'智慧园区','',50,'全国500强',8,'',1,1,'2021-03-13 09:18:29','2021-03-13 09:21:44',NULL);
/*!40000 ALTER TABLE `wy_bse_customer` ENABLE KEYS */;
UNLOCK TABLES;

--
-- Table structure for table `wy_bse_customer_business_info`
--

DROP TABLE IF EXISTS `wy_bse_customer_business_info`;
/*!40101 SET @saved_cs_client     = @@character_set_client */;
/*!40101 SET character_set_client = utf8 */;
CREATE TABLE `wy_bse_customer_business_info` (
  `id` int(11) NOT NULL AUTO_INCREMENT,
  `skyeye_id` bigint(20) DEFAULT '0',
  `name` varchar(128) DEFAULT NULL COMMENT '企业名称',
  `historyNames` varchar(256) DEFAULT '' COMMENT '历史名',
  `regStatus` varchar(32) DEFAULT '' COMMENT '注册状态',
  `cancelDate` date DEFAULT NULL COMMENT '注销时间',
  `regCapital` varchar(32) DEFAULT '' COMMENT '注册资金',
  `staffNumRange` varchar(32) DEFAULT '' COMMENT '员工数',
  `industry` varchar(32) DEFAULT '' COMMENT '行业',
  `bondNum` varchar(32) DEFAULT '' COMMENT '股票代码',
  `type` tinyint(4) DEFAULT '1' COMMENT '法人类型，1 人 2 公司',
  `bondName` varchar(32) DEFAULT '' COMMENT '股票名称',
  `revokeDate` date DEFAULT NULL COMMENT '吊销日期',
  `legalPersonName` varchar(32) DEFAULT '' COMMENT '法人名称',
  `revokeReason` varchar(32) DEFAULT '' COMMENT '吊销原因',
  `regNumber` varchar(64) DEFAULT '' COMMENT '注册号',
  `property3` varchar(256) DEFAULT '' COMMENT '英文名',
  `creditCode` varchar(128) DEFAULT '' COMMENT '统一社会信用代码',
  `usedBondName` varchar(256) DEFAULT '' COMMENT '股票曾用名',
  `fromTime` date DEFAULT NULL COMMENT '经营开始时间',
  `approvedTime` date DEFAULT NULL COMMENT ' 核准时间',
  `socialStaffNum` int(11) DEFAULT '0' COMMENT '参保人数',
  `alias` varchar(256) DEFAULT '' COMMENT '简称',
  `companyOrgType` varchar(256) DEFAULT '' COMMENT '企业类型',
  `actualCapitalCurrency` varchar(32) DEFAULT '' COMMENT '实收注册资本币种',
  `orgNumber` varchar(256) DEFAULT '' COMMENT '组织机构代码',
  `cancelReason` varchar(256) DEFAULT '' COMMENT '注销原因',
  `toTime` date DEFAULT NULL COMMENT '经营结束时间',
  `actualCapital` varchar(32) DEFAULT '' COMMENT '实收注册资金',
  `estiblishTime` date DEFAULT NULL COMMENT '成立时间',
  `regInstitute` varchar(128) DEFAULT '' COMMENT '登记机关',
  `businessScope` varchar(8190) DEFAULT NULL COMMENT '经营范围',
  `taxNumber` varchar(32) DEFAULT '' COMMENT '纳税人识别号',
  `regLocation` varchar(1024) DEFAULT '' COMMENT '注册地址',
  `regCapitalCurrency` varchar(32) DEFAULT '' COMMENT '注册币种',
  `tags` varchar(256) DEFAULT '' COMMENT '标签',
  `bondType` varchar(16) DEFAULT '' COMMENT '股票类型',
  `percentileScore` varchar(16) DEFAULT '' COMMENT '企业评分',
  `isMicroEnt` tinyint(4) DEFAULT '3' COMMENT '是否是小微企业 0不是 1是',
  `base` varchar(16) DEFAULT '' COMMENT '省份简称',
  `created_at` datetime DEFAULT NULL,
  `updated_at` datetime DEFAULT NULL,
  PRIMARY KEY (`id`),
  UNIQUE KEY `idx_companyName` (`name`)
) ENGINE=InnoDB AUTO_INCREMENT=12 DEFAULT CHARSET=utf8;
/*!40101 SET character_set_client = @saved_cs_client */;

--
-- Dumping data for table `wy_bse_customer_business_info`
--

LOCK TABLES `wy_bse_customer_business_info` WRITE;
/*!40000 ALTER TABLE `wy_bse_customer_business_info` DISABLE KEYS */;
INSERT INTO `wy_bse_customer_business_info` VALUES (1,3439341237,'北京中软星图信息技术有限公司','','在业',NULL,'200','','科技推广和应用服务业','',1,'',NULL,'李素杰','','','','91110112MA01RGEN6K','','2020-05-25','2020-05-25',0,'中软星图','有限责任公司(自然人投资或控股)','','','','2040-05-24','','2020-05-25','北京市工商行政管理局通州分局','技术推广、技术开发、技术转让、技术服务、技术咨询；软件开发；基础软件服务；应用软件服务；计算机系统服务；销售计算机软件及辅助设备、电子产品、机械设备；设计、制作、代理、发布广告。（市场主体依法自主选择经营项目，开展经营活动；依法须经批准的项目，经相关部门批准后依批准的内容开展经营活动；不得从事国家和本区产业政策禁止和限制类项目的经营活动。）','91110112MA01RGEN6K','北京市通州区张家湾镇北大化村116号9幢二层1578','','','','',0,'bj','2020-07-15 10:35:52','2020-07-15 11:13:46'),(2,3149659315,'北京玄墨科技有限公司','','在业',NULL,'100','小于50人','科技推广和应用服务业','',1,'',NULL,'张旭辉','','110105024732985','','91110105MA019YFL7F','','2018-01-18','2019-01-08',0,'玄墨科技','有限责任公司(自然人投资或控股)','','','','2048-01-17','','2018-01-18','北京市工商行政管理局海淀分局','技术开发、技术推广、技术转让、技术咨询、技术服务；销售自行开发后的产品；计算机系统服务；基础软件服务、应用软件服务；软件开发；软件咨询；产品设计；模型设计；包装装潢设计；教育咨询（中介服务除外）；经济贸易咨询；文化咨询；体育咨询；公共关系服务；会议服务；工艺美术设计；电脑动画设计；企业策划、设计；设计、制作、代理、发布广告；市场调查；企业管理咨询；翻译服务；数据处理（数据处理中的银行卡中心、PUE值在1.4以上的云计算数据中心除外）。（企业依法自主选择经营项目，开展经营活动；以及依法须经批准的项目，经相关部门批准后依批准的内容开展经营活动；不得从事本市产业政策禁止和限制类项目的经营活动。）','91110105MA019YFL7F','北京市海淀区永澄北路2号院1号楼C座三层3006-327号','','','','',1,'bj','2020-07-15 11:28:43','2020-07-15 11:28:43'),(3,24987005,'北京合智互联信息技术有限公司','','在业',NULL,'12000','小于50人','软件和信息技术服务业','',1,'',NULL,'郭大龙','','110117018256895','','91110117318198811H','','2014-12-01','2020-01-20',0,'合智互联','有限责任公司(自然人投资或控股)','','','','2034-11-30','','2014-12-01','北京市工商行政管理局北京经济技术开发区分局','技术开发、技术转让、技术推广、技术服务；计算机系统的设计、集成、安装、调试及管理；教育咨询；企业管理咨询；经济贸易咨询；软件开发；市场调查；会议服务；企业形象策划；设计、制作、代理、发布广告；商标代理；版权代理；承办展览展示活动；组织文化艺术交流活动（演出、棋牌除外）；销售汽车、汽车配件、日用品、计算机、软件及辅助设备。（企业依法自主选择经营项目，开展经营活动；依法须经批准的项目，经相关部门批准后依批准的内容开展经营活动；不得从事本市产业政策禁止和限制类项目的经营活动。）','91110117318198811H','北京市北京经济技术开发区经惠东路5号院4号楼3层303','','','','',1,'bj','2020-07-15 11:53:19','2020-07-15 11:57:36'),(4,0,'常州美好健康管理咨询有限公司','','',NULL,'','','','',0,'',NULL,'','','','','','',NULL,NULL,0,'','','','','',NULL,'',NULL,'','','','','','','','',0,'','2020-07-15 15:13:51','2020-07-15 15:13:51'),(5,0,'首创郎园','','',NULL,'','','','',0,'',NULL,'','','','','','',NULL,NULL,0,'','','','','',NULL,'',NULL,'','','','','','','','',0,'','2020-11-27 14:31:00','2020-11-27 14:31:00'),(6,0,'测试','','',NULL,'','','','',0,'',NULL,'','','','','','',NULL,NULL,0,'','','','','',NULL,'',NULL,'','','','','','','','',0,'','2020-11-27 15:31:38','2020-11-27 15:31:38'),(7,0,'杭州虎风数字文化有限责任公司','','',NULL,'','','','',0,'',NULL,'','','','','','',NULL,NULL,0,'','','','','',NULL,'',NULL,'','','','','','','','',0,'','2021-01-12 10:27:26','2021-01-12 10:27:26'),(8,0,'测试客户','','',NULL,'','','','',0,'',NULL,'','','','','','',NULL,NULL,0,'','','','','',NULL,'',NULL,'','','','','','','','',0,'','2021-03-13 09:18:29','2021-03-13 09:18:29');
/*!40000 ALTER TABLE `wy_bse_customer_business_info` ENABLE KEYS */;
UNLOCK TABLES;

--
-- Table structure for table `wy_bse_customer_extra`
--

DROP TABLE IF EXISTS `wy_bse_customer_extra`;
/*!40101 SET @saved_cs_client     = @@character_set_client */;
/*!40101 SET character_set_client = utf8 */;
CREATE TABLE `wy_bse_customer_extra` (
  `id` int(11) NOT NULL AUTO_INCREMENT,
  `cus_id` int(11) NOT NULL DEFAULT '0' COMMENT '客户ID',
  `demand_area` varchar(16) DEFAULT '0' COMMENT '需求面积',
  `trim_state` varchar(32) DEFAULT NULL COMMENT '装修需求',
  `recommend_room_id` varchar(64) DEFAULT '' COMMENT '推荐产品ID',
  `recommend_room` varchar(256) DEFAULT '' COMMENT '推荐房源信息',
  `purpose_room` varchar(128) DEFAULT NULL COMMENT '意向房间',
  `purpose_price` varchar(8) DEFAULT NULL COMMENT '意向单价',
  `purpose_term_lease` varchar(8) DEFAULT NULL COMMENT '意向租赁时间',
  `purpose_free_time` varchar(8) DEFAULT NULL COMMENT '意向免租时间',
  `current_proj` varchar(128) DEFAULT '' COMMENT '当前项目',
  `current_addr` varchar(256) DEFAULT '' COMMENT '当前办公地址',
  `current_area` varchar(16) DEFAULT '' COMMENT '当前面积',
  `current_price` varchar(16) DEFAULT '' COMMENT '当前单价',
  `c_uid` int(11) NOT NULL DEFAULT '0' COMMENT '创建用户ID',
  `u_uid` int(11) NOT NULL DEFAULT '0' COMMENT '更新用户ID',
  `created_at` datetime DEFAULT NULL COMMENT '创建时间',
  `updated_at` datetime DEFAULT NULL COMMENT '更新时间',
  `deleted_at` datetime DEFAULT NULL COMMENT '删除时间',
  PRIMARY KEY (`id`),
  KEY `cus_id` (`cus_id`)
) ENGINE=InnoDB AUTO_INCREMENT=17 DEFAULT CHARSET=utf8;
/*!40101 SET character_set_client = @saved_cs_client */;

--
-- Dumping data for table `wy_bse_customer_extra`
--

LOCK TABLES `wy_bse_customer_extra` WRITE;
/*!40000 ALTER TABLE `wy_bse_customer_extra` DISABLE KEYS */;
INSERT INTO `wy_bse_customer_extra` VALUES (1,1,'200-300','','','',NULL,'3.50',NULL,NULL,'','','','',2,2,'2020-07-15 10:35:52','2020-07-15 11:13:46',NULL),(2,2,'','','','',NULL,NULL,NULL,'0','','','','',2,0,'2020-07-15 11:28:43','2020-07-15 11:28:43',NULL),(3,3,'','',NULL,NULL,NULL,NULL,NULL,NULL,'','','','',2,2,'2020-07-15 11:53:19','2020-07-15 11:58:46',NULL),(4,4,'400-500','简装','','','0','12','3','0','温特莱','12层','250','10',2,0,'2020-07-15 15:13:51','2020-07-15 15:13:51',NULL),(5,5,'','','','','0','0','0','0','','','','',13,0,'2020-11-27 14:31:00','2020-11-27 14:31:00',NULL),(6,6,'','','','','0','0','0','0','','','','',1,0,'2020-11-27 15:31:38','2020-11-27 15:31:38',NULL),(7,7,'1000-1500','简装','','','0','1.5','0','0','','','','',2,0,'2021-01-12 10:27:26','2021-01-12 10:27:26',NULL),(16,16,'','','','','0','0','2','0','','','','',1,1,'2021-03-13 09:18:29','2021-03-13 09:21:44',NULL);
/*!40000 ALTER TABLE `wy_bse_customer_extra` ENABLE KEYS */;
UNLOCK TABLES;

--
-- Table structure for table `wy_bse_customer_log`
--

DROP TABLE IF EXISTS `wy_bse_customer_log`;
/*!40101 SET @saved_cs_client     = @@character_set_client */;
/*!40101 SET character_set_client = utf8 */;
CREATE TABLE `wy_bse_customer_log` (
  `id` int(11) NOT NULL AUTO_INCREMENT,
  `company_id` int(11) DEFAULT '0' COMMENT '企业ID',
  `customer_id` int(11) NOT NULL DEFAULT '0' COMMENT '客户ID',
  `content` varchar(512) NOT NULL DEFAULT '' COMMENT '备注',
  `c_uid` int(11) NOT NULL DEFAULT '0' COMMENT '创建用户ID',
  `c_username` varchar(20) NOT NULL DEFAULT '' COMMENT '创建用户真实姓名',
  `created_at` datetime DEFAULT NULL COMMENT '创建时间',
  `updated_at` datetime DEFAULT NULL COMMENT '更新时间',
  `deleted_at` datetime DEFAULT NULL COMMENT '删除时间',
  PRIMARY KEY (`id`)
) ENGINE=InnoDB AUTO_INCREMENT=17 DEFAULT CHARSET=utf8;
/*!40101 SET character_set_client = @saved_cs_client */;

--
-- Dumping data for table `wy_bse_customer_log`
--

LOCK TABLES `wy_bse_customer_log` WRITE;
/*!40000 ALTER TABLE `wy_bse_customer_log` DISABLE KEYS */;
INSERT INTO `wy_bse_customer_log` VALUES (1,1,1,'创建客户【北京中软星图信息技术有限公司】',2,'李振华','2020-07-15 10:35:52','2020-07-15 10:35:52',NULL),(2,1,1,'编辑客户【北京中软星图信息技术有限公司】',2,'李振华','2020-07-15 10:52:45','2020-07-15 10:52:45',NULL),(3,1,1,'编辑客户【北京中软星图信息技术有限公司】',2,'李振华','2020-07-15 11:13:46','2020-07-15 11:13:46',NULL),(4,1,2,'创建客户【北京玄墨科技有限公司】',2,'李振华','2020-07-15 11:28:43','2020-07-15 11:28:43',NULL),(5,1,3,'创建客户【北京合智互联信息技术有限公司】',2,'李振华','2020-07-15 11:53:19','2020-07-15 11:53:19',NULL),(6,1,3,'编辑客户【北京合智互联信息技术有限公司】',2,'李振华','2020-07-15 11:55:50','2020-07-15 11:55:50',NULL),(7,1,3,'编辑客户【北京合智互联信息技术有限公司】',2,'李振华','2020-07-15 11:56:41','2020-07-15 11:56:41',NULL),(8,1,3,'编辑客户【北京合智互联信息技术有限公司】',2,'李振华','2020-07-15 11:57:36','2020-07-15 11:57:36',NULL),(9,1,3,'编辑客户【北京合智互联信息技术有限公司】',2,'李振华','2020-07-15 11:58:47','2020-07-15 11:58:47',NULL),(10,1,4,'创建客户【常州美好健康管理咨询有限公司】',2,'李振华','2020-07-15 15:13:51','2020-07-15 15:13:51',NULL),(11,1,1,'编辑客户【北京中软星图信息技术有限公司】',2,'李振华','2020-07-16 11:33:42','2020-07-16 11:33:42',NULL),(12,1,5,'创建客户【首创郎园】',13,'首创测试','2020-11-27 14:31:01','2020-11-27 14:31:01',NULL),(13,1,6,'创建客户【测试】',1,'薛伟','2020-11-27 15:31:38','2020-11-27 15:31:38',NULL),(14,1,7,'创建客户【杭州虎风数字文化有限责任公司】',2,'李振华','2021-01-12 10:27:26','2021-01-12 10:27:26',NULL),(15,1,16,'创建客户【测试客户】',1,'薛伟','2021-03-13 09:18:29','2021-03-13 09:18:29',NULL),(16,1,16,'编辑客户【测试客户】',1,'薛伟','2021-03-13 09:21:44','2021-03-13 09:21:44',NULL);
/*!40000 ALTER TABLE `wy_bse_customer_log` ENABLE KEYS */;
UNLOCK TABLES;

--
-- Table structure for table `wy_bse_dict`
--

DROP TABLE IF EXISTS `wy_bse_dict`;
/*!40101 SET @saved_cs_client     = @@character_set_client */;
/*!40101 SET character_set_client = utf8 */;
CREATE TABLE `wy_bse_dict` (
  `id` int(11) NOT NULL AUTO_INCREMENT,
  `company_id` int(11) NOT NULL DEFAULT '0' COMMENT '公司ID',
  `dict_key` varchar(16) NOT NULL COMMENT '字典key',
  `dict_value` varchar(32) NOT NULL COMMENT '字典值',
  `label` smallint(6) DEFAULT NULL COMMENT '标示',
  `is_vaild` tinyint(4) NOT NULL DEFAULT '1' COMMENT '1启用2禁用',
  `c_uid` int(11) NOT NULL DEFAULT '0' COMMENT '创建用户ID',
  `u_uid` int(11) NOT NULL DEFAULT '0' COMMENT '更新用户ID',
  `created_at` datetime DEFAULT NULL COMMENT '创建时间',
  `updated_at` datetime DEFAULT NULL COMMENT '更新时间',
  `orderby` smallint(6) NOT NULL DEFAULT '0' COMMENT '排序',
  PRIMARY KEY (`id`),
  KEY `company_id` (`company_id`,`dict_key`)
) ENGINE=InnoDB AUTO_INCREMENT=134 DEFAULT CHARSET=utf8;
/*!40101 SET character_set_client = @saved_cs_client */;

--
-- Dumping data for table `wy_bse_dict`
--

LOCK TABLES `wy_bse_dict` WRITE;
/*!40000 ALTER TABLE `wy_bse_dict` DISABLE KEYS */;
INSERT INTO `wy_bse_dict` VALUES (4,0,'industry','科技互联网',NULL,1,1,0,NULL,NULL,0),(6,0,'cus_state','初次接触',NULL,1,0,0,NULL,NULL,2),(7,0,'cus_state','潜在客户',NULL,1,0,0,NULL,NULL,3),(8,0,'cus_state','意向客户',NULL,1,0,0,NULL,NULL,4),(9,0,'cus_state','成交客户',NULL,1,0,0,NULL,NULL,5),(10,0,'cus_state','流失客户',NULL,1,0,0,NULL,NULL,6),(13,0,'proj_type','创意园区',NULL,1,0,0,NULL,NULL,0),(14,0,'proj_type','办公园区',NULL,1,0,0,NULL,NULL,0),(16,0,'channel_type','直接上门',NULL,1,0,0,NULL,NULL,0),(17,0,'channel_type','经纪人',NULL,1,0,0,NULL,NULL,0),(22,0,'fee_type','租金',NULL,1,0,0,NULL,NULL,0),(23,0,'channel_type','老客户带新',NULL,1,0,0,NULL,NULL,0),(24,0,'demand_area','0-100',NULL,1,0,0,NULL,NULL,0),(25,0,'venue_type','展览馆',NULL,1,1,1,NULL,NULL,0),(34,1,'maintain_type','拜访',NULL,1,2,0,'2020-05-29 17:57:51','2020-05-29 17:57:51',0),(35,0,'maintain_type','来访',NULL,1,2,0,'2020-05-29 17:58:51','2020-05-29 17:58:51',0),(36,0,'maintain_type','日常',NULL,1,2,0,'2020-05-29 18:02:34','2020-05-29 18:02:34',0),(37,0,'build_type','平房',NULL,1,1,1,NULL,NULL,0),(38,0,'build_type','楼房',NULL,1,1,1,NULL,NULL,0),(39,0,'trim_state','毛坯',NULL,1,1,1,NULL,NULL,0),(40,0,'trim_state','简装',NULL,1,1,1,NULL,NULL,0),(41,0,'trim_state','精装',NULL,1,1,1,NULL,NULL,0),(42,0,'room_tags','内部用房',NULL,1,1,1,NULL,NULL,0),(43,0,'room_tags','对外出租',NULL,1,1,1,NULL,NULL,0),(44,0,'room_tags','商业用房',NULL,1,1,1,NULL,NULL,0),(45,0,'room_tags','大创企业',NULL,1,1,1,NULL,NULL,0),(46,0,'cus_tags','全国500强',NULL,1,1,1,NULL,NULL,0),(52,0,'cus_nature','私企',NULL,1,1,1,NULL,NULL,0),(53,0,'cus_nature','国企',NULL,1,1,1,NULL,NULL,0),(54,0,'cus_nature','外资',NULL,1,1,1,NULL,NULL,0),(55,0,'fee_type','管理费',NULL,1,1,1,NULL,NULL,0),(56,0,'fee_type','水费',NULL,1,1,1,NULL,NULL,0),(57,0,'fee_type','电费',NULL,1,1,1,NULL,NULL,0),(58,0,'fee_type','工程维修费',NULL,1,1,1,NULL,NULL,0),(59,0,'fee_type','其他',NULL,1,1,1,NULL,NULL,0),(60,1,'cus_level','A',NULL,1,1,1,NULL,NULL,0),(61,1,'cus_level','B',NULL,1,1,1,NULL,NULL,0),(62,0,'demand_area','100-200',NULL,1,0,0,NULL,NULL,0),(63,0,'demand_area','200-300',NULL,1,0,0,NULL,NULL,0),(64,0,'demand_area','300-400',NULL,1,0,0,NULL,NULL,0),(65,0,'demand_area','400-500',NULL,1,0,0,NULL,NULL,0),(66,0,'demand_area','500-600',NULL,1,0,0,NULL,NULL,0),(67,0,'demand_area','600-700',NULL,1,0,0,NULL,NULL,0),(68,0,'demand_area','700-800',NULL,1,0,0,NULL,NULL,0),(69,0,'demand_area','800-900',NULL,1,0,0,NULL,NULL,0),(70,0,'demand_area','900-1000',NULL,1,0,0,NULL,NULL,0),(71,0,'demand_area','1000-1500',NULL,1,0,0,NULL,NULL,0),(72,0,'demand_area','1500-2000',NULL,1,0,0,NULL,NULL,0),(73,0,'demand_area','2000以上',NULL,1,0,0,NULL,NULL,0),(74,0,'loss_reason','租金太高',NULL,1,0,0,NULL,NULL,0),(75,0,'industry','餐饮',NULL,1,1,0,NULL,NULL,0),(76,0,'industry','文化传媒',NULL,1,1,0,NULL,NULL,0),(77,0,'industry','物流',NULL,1,1,0,NULL,NULL,0),(78,0,'industry','广告',NULL,1,1,0,NULL,NULL,0),(79,0,'industry','教育',NULL,1,1,0,NULL,NULL,0),(81,0,'channel_type','政府关系',NULL,1,1,0,'2020-05-06 14:52:40','2020-05-06 21:42:31',0),(82,0,'channel_type','股东关系',NULL,1,1,0,'2020-05-06 14:52:40','2020-05-06 21:42:31',0),(83,0,'channel_type','同行介绍',NULL,1,1,0,'2020-05-06 14:52:40','2020-05-06 21:42:31',0),(84,0,'channel_type','广告渠道',NULL,1,1,0,'2020-05-06 14:52:40','2020-05-06 21:42:31',0),(85,0,'rental_usage','商业',NULL,1,1,1,NULL,NULL,0),(86,0,'rental_usage','办公',NULL,1,1,1,NULL,NULL,0),(87,0,'follow_type','来访',1,1,1,1,NULL,NULL,0),(88,0,'follow_type','电话',2,1,1,1,NULL,NULL,0),(89,0,'follow_type','微信',3,1,1,1,NULL,NULL,0),(90,0,'follow_type','QQ',4,1,1,1,NULL,NULL,0),(91,0,'follow_type','其他',5,1,1,1,NULL,NULL,0),(92,0,'fee_type','租赁押金',NULL,1,1,1,'0000-00-00 00:00:00',NULL,0),(93,0,'fee_type','管理押金',NULL,1,1,1,NULL,NULL,0),(95,0,'leaseback_reason','正常到期',NULL,1,1,1,NULL,NULL,0),(96,0,'leaseback_reason','价格因素',NULL,1,1,1,NULL,NULL,0),(97,0,'leaseback_reason','物业服务',NULL,1,1,1,NULL,NULL,0),(98,0,'leaseback_reason','交通不变',NULL,1,1,1,NULL,NULL,0),(99,0,'leaseback_reason','设施配置',NULL,1,1,1,NULL,NULL,0),(100,0,'leaseback_reason','环境卫生',NULL,1,1,1,NULL,NULL,0),(101,0,'leaseback_reason','公司扩张',NULL,1,1,1,NULL,NULL,0),(102,0,'leaseback_reason','楼宇扩张',NULL,1,1,1,NULL,NULL,0),(103,0,'leaseback_reason','其他',NULL,1,1,1,NULL,NULL,0),(104,0,'cus_level','C',NULL,1,1,1,NULL,NULL,0),(105,0,'cus_level','D',NULL,1,1,1,NULL,NULL,0),(106,0,'maintain_type','安全',NULL,1,2,0,'2020-05-29 18:02:34','2020-05-29 18:02:34',0),(107,0,'maintain_type','福利',NULL,1,2,0,'2020-05-29 18:02:34','2020-05-29 18:02:34',0),(108,0,'maintain_type','缴费',NULL,1,2,0,'2020-05-29 18:02:34','2020-05-29 18:02:34',0),(109,0,'maintain_type','报修',NULL,1,2,0,'2020-05-29 18:02:34','2020-05-29 18:02:34',0),(110,0,'maintain_type','投诉',NULL,1,2,0,'2020-05-29 18:02:34','2020-05-29 18:02:34',0),(111,0,'maintain_type','活动',NULL,1,2,0,'2020-05-29 18:02:34','2020-05-29 18:02:34',0),(112,0,'maintain_type','业务',NULL,1,2,0,'2020-05-29 18:02:34','2020-05-29 18:02:34',0),(113,0,'maintain_type','其他',NULL,1,2,0,'2020-05-29 18:02:34','2020-05-29 18:02:34',0),(116,0,'activity_type','商业活动',1,1,1,1,NULL,NULL,0),(117,1,'activity_type','内部活动',NULL,1,1,1,NULL,NULL,0),(118,1,'activity_type','活动预留',NULL,1,1,1,NULL,NULL,0),(119,1,'cancel_reason','不需要了',NULL,1,1,1,NULL,NULL,0),(120,0,'rental_usage','其他',NULL,1,1,1,NULL,NULL,0),(121,0,'build_usage','其他',NULL,1,1,1,NULL,NULL,0),(122,0,'build_usage','办公',NULL,1,1,1,NULL,NULL,0),(123,0,'build_usage','商业',NULL,1,1,1,NULL,NULL,0),(124,1,'room_tags','精装房源',NULL,1,1,0,'2020-07-12 15:52:59','2020-07-12 15:52:59',0),(125,1,'industry','电影',NULL,1,2,0,'2020-07-13 23:18:46','2020-07-13 23:18:46',0),(127,0,'invoice_type','增值税专用发票',NULL,1,2,0,'2020-07-13 23:18:46','2020-07-13 23:18:46',0),(128,0,'invoice_type','增值税普通发票',NULL,1,2,0,'2020-07-13 23:18:46','2020-07-13 23:18:46',0),(129,0,'invoice_type','增值税电子普通发票',NULL,1,2,0,'2020-07-13 23:18:46','2020-07-13 23:18:46',0),(130,1,'fee_type','其他费用',NULL,1,1,0,'2021-05-12 09:21:56','2021-05-12 09:21:56',0),(131,0,'check_cycle','1',1,1,0,0,'0000-00-00 00:00:00','0000-00-00 00:00:00',0),(132,0,'workorder_source','微信',0,1,0,0,'0000-00-00 00:00:00','0000-00-00 00:00:00',0),(133,0,'workorder_source','电话',0,0,0,0,'0000-00-00 00:00:00','0000-00-00 00:00:00',0);
/*!40000 ALTER TABLE `wy_bse_dict` ENABLE KEYS */;
UNLOCK TABLES;

--
-- Table structure for table `wy_bse_dict_type`
--

DROP TABLE IF EXISTS `wy_bse_dict_type`;
/*!40101 SET @saved_cs_client     = @@character_set_client */;
/*!40101 SET character_set_client = utf8 */;
CREATE TABLE `wy_bse_dict_type` (
  `id` int(11) NOT NULL AUTO_INCREMENT,
  `is_edit` tinyint(4) NOT NULL DEFAULT '1' COMMENT '1可编辑0 不可编辑',
  `dict_type` varchar(64) NOT NULL DEFAULT '' COMMENT '字典类型',
  `dict_value` varchar(64) NOT NULL DEFAULT '' COMMENT '类型名称',
  `created_at` datetime DEFAULT NULL COMMENT '创建时间',
  `updated_at` datetime DEFAULT NULL COMMENT '更新时间',
  PRIMARY KEY (`id`),
  UNIQUE KEY `unq_type_value` (`dict_type`,`dict_value`)
) ENGINE=InnoDB AUTO_INCREMENT=20 DEFAULT CHARSET=utf8;
/*!40101 SET character_set_client = @saved_cs_client */;

--
-- Dumping data for table `wy_bse_dict_type`
--

LOCK TABLES `wy_bse_dict_type` WRITE;
/*!40000 ALTER TABLE `wy_bse_dict_type` DISABLE KEYS */;
INSERT INTO `wy_bse_dict_type` VALUES (1,1,'channel_type','渠道类型',NULL,NULL),(2,1,'industy','公司行业',NULL,NULL),(3,0,'cus_state','客户状态',NULL,NULL),(6,1,'proj_type','项目类型',NULL,NULL),(8,1,'fee_type','费用类型',NULL,NULL),(11,1,'demand_area','需求面积',NULL,NULL),(12,1,'venue_type','场馆类别',NULL,NULL),(13,1,'room_tags','房源标签',NULL,NULL),(14,1,'maintain_type','维护类型',NULL,NULL),(15,1,'cus_level','客户级别',NULL,NULL),(16,1,'loss_reason','流失原因','0000-00-00 00:00:00','0000-00-00 00:00:00'),(17,1,'cus_tags','客户标签',NULL,NULL),(18,1,'activity_type','活动类型',NULL,NULL),(19,0,'check_cycle','检查周期','0000-00-00 00:00:00','0000-00-00 00:00:00');
/*!40000 ALTER TABLE `wy_bse_dict_type` ENABLE KEYS */;
UNLOCK TABLES;

--
-- Table structure for table `wy_bse_energy_price`
--

DROP TABLE IF EXISTS `wy_bse_energy_price`;
/*!40101 SET @saved_cs_client     = @@character_set_client */;
/*!40101 SET character_set_client = utf8 */;
CREATE TABLE `wy_bse_energy_price` (
  `id` int(11) unsigned NOT NULL AUTO_INCREMENT,
  `company_id` int(11) NOT NULL DEFAULT '0' COMMENT '公司ID',
  `proj_id` int(11) NOT NULL DEFAULT '0',
  `water_price` decimal(12,0) NOT NULL COMMENT '水费单价',
  `electric_price` decimal(10,4) NOT NULL DEFAULT '0.0000' COMMENT '电费单价',
  `c_uid` int(11) DEFAULT '0',
  `created_at` datetime DEFAULT NULL,
  `updated_at` datetime DEFAULT NULL,
  PRIMARY KEY (`id`)
) ENGINE=InnoDB DEFAULT CHARSET=utf8;
/*!40101 SET character_set_client = @saved_cs_client */;

--
-- Dumping data for table `wy_bse_energy_price`
--

LOCK TABLES `wy_bse_energy_price` WRITE;
/*!40000 ALTER TABLE `wy_bse_energy_price` DISABLE KEYS */;
/*!40000 ALTER TABLE `wy_bse_energy_price` ENABLE KEYS */;
UNLOCK TABLES;

--
-- Table structure for table `wy_bse_equipment`
--

DROP TABLE IF EXISTS `wy_bse_equipment`;
/*!40101 SET @saved_cs_client     = @@character_set_client */;
/*!40101 SET character_set_client = utf8 */;
CREATE TABLE `wy_bse_equipment` (
  `id` int(11) NOT NULL AUTO_INCREMENT,
  `company_id` int(11) NOT NULL DEFAULT '0' COMMENT '公司id',
  `proj_id` int(11) NOT NULL DEFAULT '0' COMMENT '项目ID',
  `system_name` varchar(255) DEFAULT NULL COMMENT '系统',
  `position` varchar(255) DEFAULT NULL COMMENT '位置',
  `major` varchar(255) DEFAULT NULL COMMENT '主责专业',
  `device_name` varchar(255) DEFAULT NULL COMMENT '名称',
  `model` varchar(256) DEFAULT NULL COMMENT '设备型号参数',
  `quantity` int(11) DEFAULT NULL COMMENT '设备数量',
  `unit` varchar(32) DEFAULT NULL COMMENT '单位',
  `maintain_period` varchar(50) DEFAULT NULL COMMENT '周期按周、月、季度、半年、年、进行维保',
  `maintain_content` varchar(4096) DEFAULT NULL COMMENT '维保内容',
  `maintain_times` int(11) DEFAULT NULL COMMENT '每年维保次数',
  `c_uid` int(11) DEFAULT NULL COMMENT '创建人',
  `u_uid` int(11) DEFAULT NULL COMMENT '更新人',
  `created_at` datetime DEFAULT NULL COMMENT '创建时间',
  `updated_at` datetime DEFAULT NULL COMMENT '更新时间',
  PRIMARY KEY (`id`),
  KEY `company_id` (`company_id`,`proj_id`)
) ENGINE=InnoDB DEFAULT CHARSET=utf8;
/*!40101 SET character_set_client = @saved_cs_client */;

--
-- Dumping data for table `wy_bse_equipment`
--

LOCK TABLES `wy_bse_equipment` WRITE;
/*!40000 ALTER TABLE `wy_bse_equipment` DISABLE KEYS */;
/*!40000 ALTER TABLE `wy_bse_equipment` ENABLE KEYS */;
UNLOCK TABLES;

--
-- Table structure for table `wy_bse_equipment_maintain`
--

DROP TABLE IF EXISTS `wy_bse_equipment_maintain`;
/*!40101 SET @saved_cs_client     = @@character_set_client */;
/*!40101 SET character_set_client = utf8 */;
CREATE TABLE `wy_bse_equipment_maintain` (
  `id` int(11) NOT NULL AUTO_INCREMENT,
  `company_id` int(11) NOT NULL DEFAULT '0' COMMENT '公司id',
  `proj_id` int(11) NOT NULL DEFAULT '0' COMMENT '项目ID',
  `device_name` varchar(500) DEFAULT NULL COMMENT '设备名',
  `model` varchar(50) DEFAULT NULL COMMENT '类型',
  `major` varchar(50) DEFAULT NULL COMMENT '专业',
  `position` varchar(128) DEFAULT NULL COMMENT '位置',
  `maintain_period` varchar(128) DEFAULT NULL COMMENT '维护周期',
  `equipment_id` int(11) NOT NULL DEFAULT '0' COMMENT '设备ID',
  `equipment_type` varchar(128) DEFAULT NULL COMMENT '设备类型',
  `maintain_content` varchar(512) DEFAULT NULL COMMENT '维护内容',
  `maintain_date` datetime DEFAULT NULL COMMENT '维护时间',
  `maintain_person` varchar(30) DEFAULT NULL COMMENT '维护人',
  `quantity` int(11) DEFAULT NULL COMMENT '维护数量',
  `maintain_type` varchar(128) DEFAULT NULL COMMENT '维护类型',
  `pic` varchar(1024) DEFAULT NULL COMMENT '维护图片',
  `remark` varchar(500) DEFAULT NULL COMMENT '备注',
  `created_at` datetime DEFAULT NULL COMMENT '创建时间',
  `c_uid` int(11) DEFAULT NULL COMMENT '创建人',
  `updated_at` datetime DEFAULT NULL COMMENT '更新时间',
  `u_uid` int(11) DEFAULT NULL COMMENT '更新人',
  PRIMARY KEY (`id`)
) ENGINE=InnoDB DEFAULT CHARSET=utf8;
/*!40101 SET character_set_client = @saved_cs_client */;

--
-- Dumping data for table `wy_bse_equipment_maintain`
--

LOCK TABLES `wy_bse_equipment_maintain` WRITE;
/*!40000 ALTER TABLE `wy_bse_equipment_maintain` DISABLE KEYS */;
/*!40000 ALTER TABLE `wy_bse_equipment_maintain` ENABLE KEYS */;
UNLOCK TABLES;

--
-- Table structure for table `wy_bse_government`
--

DROP TABLE IF EXISTS `wy_bse_government`;
/*!40101 SET @saved_cs_client     = @@character_set_client */;
/*!40101 SET character_set_client = utf8 */;
CREATE TABLE `wy_bse_government` (
  `id` int(11) NOT NULL AUTO_INCREMENT,
  `department` varchar(255) DEFAULT NULL COMMENT '部门',
  `name` varchar(50) DEFAULT NULL COMMENT '姓名',
  `job_position` varchar(50) DEFAULT NULL COMMENT '职位',
  `address` varchar(1000) DEFAULT NULL COMMENT '办公地址',
  `remark` varchar(255) DEFAULT NULL COMMENT '备注',
  `is_valid` varchar(2) DEFAULT NULL COMMENT '状态：1 有效；0 无效',
  `c_uid` int(11) DEFAULT '0' COMMENT '创建人',
  `c_username` varchar(64) DEFAULT '' COMMENT '创建人',
  `created_at` datetime DEFAULT NULL COMMENT '创建时间',
  `updated_at` datetime DEFAULT NULL COMMENT '更新时间',
  PRIMARY KEY (`id`)
) ENGINE=InnoDB DEFAULT CHARSET=utf8;
/*!40101 SET character_set_client = @saved_cs_client */;

--
-- Dumping data for table `wy_bse_government`
--

LOCK TABLES `wy_bse_government` WRITE;
/*!40000 ALTER TABLE `wy_bse_government` DISABLE KEYS */;
/*!40000 ALTER TABLE `wy_bse_government` ENABLE KEYS */;
UNLOCK TABLES;

--
-- Table structure for table `wy_bse_inspection`
--

DROP TABLE IF EXISTS `wy_bse_inspection`;
/*!40101 SET @saved_cs_client     = @@character_set_client */;
/*!40101 SET character_set_client = utf8 */;
CREATE TABLE `wy_bse_inspection` (
  `id` int(11) NOT NULL AUTO_INCREMENT,
  `company_id` int(11) NOT NULL DEFAULT '0' COMMENT '公司id',
  `proj_id` int(11) NOT NULL DEFAULT '0' COMMENT '项目ID',
  `name` varchar(500) DEFAULT NULL COMMENT '名称',
  `type` int(11) NOT NULL DEFAULT '0' COMMENT '巡检类型',
  `qr_code` varchar(500) DEFAULT NULL COMMENT '二维码',
  `device_name` varchar(500) DEFAULT NULL COMMENT '设备名称',
  `position` varchar(500) DEFAULT NULL COMMENT '位置',
  `check_cycle` int(11) DEFAULT NULL COMMENT '位置',
  `remark` varchar(500) DEFAULT NULL COMMENT '备注',
  `created_at` datetime DEFAULT NULL COMMENT '创建时间',
  `c_uid` int(11) DEFAULT NULL COMMENT '创建人',
  `updated_at` datetime DEFAULT NULL COMMENT '更新时间',
  `u_uid` int(11) DEFAULT NULL COMMENT '更新人',
  PRIMARY KEY (`id`)
) ENGINE=InnoDB AUTO_INCREMENT=2 DEFAULT CHARSET=utf8;
/*!40101 SET character_set_client = @saved_cs_client */;

--
-- Dumping data for table `wy_bse_inspection`
--

LOCK TABLES `wy_bse_inspection` WRITE;
/*!40000 ALTER TABLE `wy_bse_inspection` DISABLE KEYS */;
INSERT INTO `wy_bse_inspection` VALUES (1,1,1,'水泵',0,'1/operation/20210517/Lo98Ulvbf07Qvcgk9uV4Ph7Fjwd9DE42vAWRAZ1Z.png','水泵','1号楼',1,'','2021-05-17 23:14:15',1,'2021-05-17 23:14:30',NULL);
/*!40000 ALTER TABLE `wy_bse_inspection` ENABLE KEYS */;
UNLOCK TABLES;

--
-- Table structure for table `wy_bse_inspection_record`
--

DROP TABLE IF EXISTS `wy_bse_inspection_record`;
/*!40101 SET @saved_cs_client     = @@character_set_client */;
/*!40101 SET character_set_client = utf8 */;
CREATE TABLE `wy_bse_inspection_record` (
  `id` int(11) NOT NULL AUTO_INCREMENT,
  `company_id` int(11) NOT NULL DEFAULT '0' COMMENT '公司id',
  `proj_id` int(11) NOT NULL DEFAULT '0' COMMENT '项目ID',
  `inspection_id` int(11) NOT NULL DEFAULT '0' COMMENT '维护ID',
  `is_unusual` int(11) NOT NULL DEFAULT '0' COMMENT '1正常0 异常',
  `record` varchar(512) DEFAULT '' COMMENT '巡检内容',
  `pic` varchar(500) DEFAULT NULL COMMENT '维护图片',
  `c_username` varchar(500) DEFAULT NULL COMMENT '创建人',
  `remark` varchar(500) DEFAULT NULL COMMENT '备注',
  `created_at` datetime DEFAULT NULL COMMENT '创建时间',
  `c_uid` int(11) DEFAULT NULL COMMENT '创建人',
  `updated_at` datetime DEFAULT NULL COMMENT '更新时间',
  `u_uid` int(11) DEFAULT NULL COMMENT '更新人',
  PRIMARY KEY (`id`)
) ENGINE=InnoDB AUTO_INCREMENT=2 DEFAULT CHARSET=utf8;
/*!40101 SET character_set_client = @saved_cs_client */;

--
-- Dumping data for table `wy_bse_inspection_record`
--

LOCK TABLES `wy_bse_inspection_record` WRITE;
/*!40000 ALTER TABLE `wy_bse_inspection_record` DISABLE KEYS */;
INSERT INTO `wy_bse_inspection_record` VALUES (1,1,1,1,1,'正常','','薛伟',NULL,'2021-05-17 23:22:48',1,'2021-05-17 23:22:48',NULL);
/*!40000 ALTER TABLE `wy_bse_inspection_record` ENABLE KEYS */;
UNLOCK TABLES;

--
-- Table structure for table `wy_bse_maintain`
--

DROP TABLE IF EXISTS `wy_bse_maintain`;
/*!40101 SET @saved_cs_client     = @@character_set_client */;
/*!40101 SET character_set_client = utf8 */;
CREATE TABLE `wy_bse_maintain` (
  `id` int(11) NOT NULL AUTO_INCREMENT,
  `company_id` int(11) NOT NULL DEFAULT '0' COMMENT '系统ID',
  `parent_id` int(11) NOT NULL DEFAULT '0' COMMENT '父ID',
  `parent_type` tinyint(4) NOT NULL DEFAULT '0' COMMENT '1 channel 2 客户 3 供应商 4 政府关系 5 租户',
  `maintain_date` date DEFAULT NULL COMMENT '维护时间',
  `maintain_user` varchar(64) DEFAULT NULL COMMENT '维护人',
  `maintain_type` varchar(32) NOT NULL COMMENT '维护类型',
  `maintain_record` varchar(1024) NOT NULL COMMENT '维护记录',
  `maintain_feedback` varchar(1024) DEFAULT NULL COMMENT '反馈',
  `maintain_depart` varchar(64) DEFAULT NULL COMMENT '维护部门',
  `c_username` varchar(128) DEFAULT NULL COMMENT '维护用户',
  `c_uid` int(11) NOT NULL DEFAULT '0' COMMENT '创建用户ID',
  `u_uid` int(11) NOT NULL DEFAULT '0' COMMENT '更新用户ID',
  `created_at` datetime DEFAULT NULL COMMENT '创建时间',
  `updated_at` datetime DEFAULT NULL COMMENT '更新时间',
  `deleted_at` datetime DEFAULT NULL COMMENT '删除时间',
  PRIMARY KEY (`id`),
  KEY `channel_id` (`parent_id`,`parent_type`),
  KEY `idx_maintainDate` (`company_id`,`maintain_date`)
) ENGINE=InnoDB AUTO_INCREMENT=6 DEFAULT CHARSET=utf8;
/*!40101 SET character_set_client = @saved_cs_client */;

--
-- Dumping data for table `wy_bse_maintain`
--

LOCK TABLES `wy_bse_maintain` WRITE;
/*!40000 ALTER TABLE `wy_bse_maintain` DISABLE KEYS */;
INSERT INTO `wy_bse_maintain` VALUES (1,1,2,2,'2020-07-18',NULL,'日常','日常接触','',NULL,'李振华',2,0,'2020-07-18 11:24:14','2020-07-18 11:24:14',NULL),(2,1,1,1,'2020-07-20','陈先生','来访','沟通房源事宜','',NULL,'薛伟',1,0,'2020-07-20 09:48:42','2020-07-20 09:48:42',NULL),(3,1,6,1,'2021-03-13','白','日常','喝咖啡','',NULL,'薛伟',1,0,'2021-03-12 16:43:59','2021-03-12 16:43:59',NULL),(4,1,6,1,'2021-05-17','但是','来访','沟通10号楼房源','',NULL,'薛伟',1,0,'2021-05-17 10:00:59','2021-05-17 10:00:59',NULL),(5,1,5,5,'2021-05-19','1221','日常','1212','','','薛伟',1,0,'2021-05-19 10:59:49','2021-05-19 10:59:49',NULL);
/*!40000 ALTER TABLE `wy_bse_maintain` ENABLE KEYS */;
UNLOCK TABLES;

--
-- Table structure for table `wy_bse_maintain_equipment`
--

DROP TABLE IF EXISTS `wy_bse_maintain_equipment`;
/*!40101 SET @saved_cs_client     = @@character_set_client */;
/*!40101 SET character_set_client = utf8 */;
CREATE TABLE `wy_bse_maintain_equipment` (
  `id` int(11) NOT NULL AUTO_INCREMENT,
  `company_id` int(11) NOT NULL DEFAULT '0' COMMENT '公司id',
  `proj_id` int(11) NOT NULL DEFAULT '0' COMMENT '项目ID',
  `equipment_id` int(11) DEFAULT '0' COMMENT '设备Id',
  `equipment_type` varchar(50) DEFAULT NULL COMMENT '工程/秩序',
  `device_name` varchar(255) DEFAULT NULL COMMENT '设备名称',
  `model` varchar(512) DEFAULT NULL COMMENT '设备型号/参数',
  `major` varchar(128) DEFAULT NULL COMMENT '专业',
  `position` varchar(255) DEFAULT NULL COMMENT '位置',
  `maintain_period` varchar(255) DEFAULT NULL COMMENT '维保周期',
  `maintain_content` varchar(8000) DEFAULT NULL COMMENT '维保内容',
  `maintain_date` date DEFAULT NULL COMMENT '维保时间',
  `maintain_person` varchar(64) DEFAULT NULL COMMENT '维护人',
  `quantity` int(11) DEFAULT NULL COMMENT '数量',
  `maintain_type` varchar(20) DEFAULT NULL COMMENT '维护类型1 部分维保2 全部维保',
  `c_username` varchar(64) DEFAULT NULL COMMENT '录入人',
  `c_uid` int(11) DEFAULT NULL COMMENT '创建人',
  `u_uid` int(11) DEFAULT NULL COMMENT '更新人',
  `created_at` datetime DEFAULT NULL COMMENT '创建时间',
  `updated_at` datetime DEFAULT NULL COMMENT '更新时间',
  PRIMARY KEY (`id`),
  KEY `company_id` (`company_id`,`proj_id`)
) ENGINE=InnoDB DEFAULT CHARSET=utf8;
/*!40101 SET character_set_client = @saved_cs_client */;

--
-- Dumping data for table `wy_bse_maintain_equipment`
--

LOCK TABLES `wy_bse_maintain_equipment` WRITE;
/*!40000 ALTER TABLE `wy_bse_maintain_equipment` DISABLE KEYS */;
/*!40000 ALTER TABLE `wy_bse_maintain_equipment` ENABLE KEYS */;
UNLOCK TABLES;

--
-- Table structure for table `wy_bse_meter`
--

DROP TABLE IF EXISTS `wy_bse_meter`;
/*!40101 SET @saved_cs_client     = @@character_set_client */;
/*!40101 SET character_set_client = utf8 */;
CREATE TABLE `wy_bse_meter` (
  `id` int(11) NOT NULL AUTO_INCREMENT,
  `company_id` int(11) NOT NULL DEFAULT '0' COMMENT '公司ID',
  `proj_id` int(11) NOT NULL DEFAULT '0' COMMENT '项目ID',
  `parent_id` int(11) DEFAULT '0' COMMENT '物理表ID,0 物理表',
  `meter_no` varchar(32) DEFAULT NULL COMMENT '表编号',
  `qrcode_path` varchar(256) DEFAULT NULL COMMENT '二维码地址',
  `type` tinyint(4) NOT NULL DEFAULT '1' COMMENT '类型：1 电表,2 水表',
  `cus_id` int(11) NOT NULL DEFAULT '0' COMMENT '租户ID, 0公区',
  `build_no` varchar(32) DEFAULT NULL COMMENT '楼号',
  `floor_no` varchar(16) DEFAULT NULL COMMENT '层号',
  `room_no` varchar(32) DEFAULT NULL COMMENT '房间号',
  `position` varchar(128) DEFAULT NULL COMMENT '物理位置',
  `multiple` smallint(6) DEFAULT '1' COMMENT '倍数',
  `is_vaild` tinyint(2) NOT NULL DEFAULT '1' COMMENT '状态：1 有效；0弃用',
  `master_slave` varchar(8) DEFAULT NULL COMMENT '总表 字表 master|slave',
  `c_uid` int(11) NOT NULL DEFAULT '0' COMMENT '创建用户ID',
  `u_uid` int(11) NOT NULL DEFAULT '0' COMMENT '更新用户ID',
  `created_at` datetime DEFAULT NULL COMMENT '创建时间',
  `updated_at` datetime DEFAULT NULL COMMENT '更新时间',
  `deleted_at` datetime DEFAULT NULL COMMENT '删除时间',
  PRIMARY KEY (`id`),
  UNIQUE KEY `uniqe_no_type` (`type`,`meter_no`),
  KEY `company_id` (`company_id`,`meter_no`)
) ENGINE=InnoDB AUTO_INCREMENT=8 DEFAULT CHARSET=utf8;
/*!40101 SET character_set_client = @saved_cs_client */;

--
-- Dumping data for table `wy_bse_meter`
--

LOCK TABLES `wy_bse_meter` WRITE;
/*!40000 ALTER TABLE `wy_bse_meter` DISABLE KEYS */;
INSERT INTO `wy_bse_meter` VALUES (4,1,7,0,'20013',NULL,1,9,'','','','',10,1,'master',2,2,'2020-06-30 18:59:56','2020-06-30 22:06:31',NULL),(5,1,7,0,'20010',NULL,1,0,'','','','',10,1,'master',2,0,'2020-06-30 19:01:28','2020-06-30 19:01:28',NULL),(7,1,7,0,'20014',NULL,1,0,'','','','',10,1,'master',2,0,'2020-06-30 21:15:00','2020-06-30 21:15:00',NULL);
/*!40000 ALTER TABLE `wy_bse_meter` ENABLE KEYS */;
UNLOCK TABLES;

--
-- Table structure for table `wy_bse_meter_history`
--

DROP TABLE IF EXISTS `wy_bse_meter_history`;
/*!40101 SET @saved_cs_client     = @@character_set_client */;
/*!40101 SET character_set_client = utf8 */;
CREATE TABLE `wy_bse_meter_history` (
  `id` int(11) NOT NULL AUTO_INCREMENT,
  `company_id` int(11) NOT NULL DEFAULT '0' COMMENT '公司ID',
  `proj_id` int(11) NOT NULL DEFAULT '0' COMMENT '项目ID',
  `meter_no` varchar(32) DEFAULT NULL COMMENT '表编号',
  `type` tinyint(4) NOT NULL DEFAULT '1' COMMENT '类型：1 电表,2 水表',
  `tenant_id` int(11) NOT NULL DEFAULT '0' COMMENT '租户ID, 0公区',
  `build_no` varchar(32) NOT NULL DEFAULT '' COMMENT '楼号',
  `floor_no` varchar(16) NOT NULL DEFAULT '' COMMENT '层号',
  `room_no` varchar(32) NOT NULL DEFAULT '' COMMENT '房间号',
  `position` varchar(128) DEFAULT NULL COMMENT '物理位置',
  `multiple` smallint(6) DEFAULT '1' COMMENT '倍数',
  `is_vaild` varchar(2) DEFAULT NULL COMMENT '状态：1 有效；0弃用',
  `master_slave` varchar(8) DEFAULT NULL COMMENT '总表 字表 master|slave',
  `meter_type` tinyint(4) DEFAULT NULL COMMENT '表类型 1 实际表 2虚拟表',
  `c_uid` int(11) NOT NULL DEFAULT '0' COMMENT '创建用户ID',
  `u_uid` int(11) NOT NULL DEFAULT '0' COMMENT '更新用户ID',
  `created_at` datetime DEFAULT NULL COMMENT '创建时间',
  `updated_at` datetime DEFAULT NULL COMMENT '更新时间',
  `deleted_at` datetime DEFAULT NULL COMMENT '删除时间',
  PRIMARY KEY (`id`),
  KEY `company_id` (`company_id`,`meter_no`)
) ENGINE=InnoDB DEFAULT CHARSET=utf8;
/*!40101 SET character_set_client = @saved_cs_client */;

--
-- Dumping data for table `wy_bse_meter_history`
--

LOCK TABLES `wy_bse_meter_history` WRITE;
/*!40000 ALTER TABLE `wy_bse_meter_history` DISABLE KEYS */;
/*!40000 ALTER TABLE `wy_bse_meter_history` ENABLE KEYS */;
UNLOCK TABLES;

--
-- Table structure for table `wy_bse_meter_log`
--

DROP TABLE IF EXISTS `wy_bse_meter_log`;
/*!40101 SET @saved_cs_client     = @@character_set_client */;
/*!40101 SET character_set_client = utf8 */;
CREATE TABLE `wy_bse_meter_log` (
  `id` int(11) NOT NULL AUTO_INCREMENT,
  `meter_id` int(11) NOT NULL DEFAULT '0' COMMENT '表id',
  `cus_id` int(11) NOT NULL DEFAULT '0' COMMENT '租户ID, 0公区',
  `cus_name` varchar(128) DEFAULT NULL COMMENT '客户名字',
  `meter_value` int(11) DEFAULT '0' COMMENT '表数',
  `remark` varchar(128) DEFAULT NULL COMMENT '备注',
  `c_username` varchar(32) DEFAULT NULL COMMENT '写入用户ID',
  `c_uid` int(11) DEFAULT '0' COMMENT '用户ID',
  `created_at` datetime DEFAULT NULL COMMENT '创建时间',
  `updated_at` datetime DEFAULT NULL COMMENT '更新时间',
  `deleted_at` datetime DEFAULT NULL COMMENT '删除时间',
  PRIMARY KEY (`id`),
  KEY `company_id` (`meter_id`)
) ENGINE=InnoDB AUTO_INCREMENT=20 DEFAULT CHARSET=utf8;
/*!40101 SET character_set_client = @saved_cs_client */;

--
-- Dumping data for table `wy_bse_meter_log`
--

LOCK TABLES `wy_bse_meter_log` WRITE;
/*!40000 ALTER TABLE `wy_bse_meter_log` DISABLE KEYS */;
INSERT INTO `wy_bse_meter_log` VALUES (6,4,3,NULL,1000,'0','0',0,'2020-06-30 21:37:01','2020-06-30 21:37:01',NULL),(7,4,3,NULL,1000,'0','0',0,'2020-06-30 21:37:38','2020-06-30 21:37:38',NULL),(8,4,9,'北京中软星图信息技术有限公司',1000,'0','0',0,'2020-06-30 21:38:17','2020-06-30 21:38:17',NULL),(9,4,9,'公区',1000,'0','0',0,'2020-06-30 21:41:56','2020-06-30 21:41:56',NULL),(10,4,9,'北京中软星图信息技术有限公司',1000,'0','0',0,'2020-06-30 21:42:44','2020-06-30 21:42:44',NULL),(11,4,9,'北京玄墨科技有限公司',1000,'0','0',0,'2020-06-30 21:43:05','2020-06-30 21:43:05',NULL),(12,4,1,'北京玄墨科技有限公司',1000,'0',NULL,0,'2020-06-30 21:43:45','2020-06-30 21:43:45',NULL),(13,4,1,'北京中软星图信息技术有限公司',1000,'0',NULL,2,'2020-06-30 21:45:52','2020-06-30 21:45:52',NULL),(14,4,9,'北京玄墨科技有限公司',1000,'0',NULL,2,'2020-06-30 21:46:24','2020-06-30 21:46:24',NULL),(15,4,9,'北京中软星图信息技术有限公司',1000,'0','李振华',2,'2020-06-30 21:48:11','2020-06-30 21:48:11',NULL),(16,4,1,'北京玄墨科技有限公司',1000,'0','李振华',2,'2020-06-30 21:48:24','2020-06-30 21:48:24',NULL),(17,4,1,'北京玄墨科技有限公司',1000,NULL,'李振华',2,'2020-06-30 21:48:47','2020-06-30 21:48:47',NULL),(18,4,1,'北京玄墨科技有限公司',1000,NULL,'李振华',2,'2020-06-30 22:06:06','2020-06-30 22:06:06',NULL),(19,4,0,'公区',1000,NULL,'李振华',2,'2020-06-30 22:06:31','2020-06-30 22:06:31',NULL);
/*!40000 ALTER TABLE `wy_bse_meter_log` ENABLE KEYS */;
UNLOCK TABLES;

--
-- Table structure for table `wy_bse_meter_record`
--

DROP TABLE IF EXISTS `wy_bse_meter_record`;
/*!40101 SET @saved_cs_client     = @@character_set_client */;
/*!40101 SET character_set_client = utf8 */;
CREATE TABLE `wy_bse_meter_record` (
  `id` int(11) NOT NULL AUTO_INCREMENT,
  `company_id` int(11) NOT NULL DEFAULT '0',
  `meter_id` int(11) NOT NULL DEFAULT '0' COMMENT '表ID',
  `cus_id` int(11) DEFAULT '0' COMMENT '租户ID, 为空是公区',
  `cus_name` varchar(64) DEFAULT NULL COMMENT '客户名称',
  `pre_value` decimal(10,2) DEFAULT '0.00' COMMENT '上次读数',
  `pre_used_value` decimal(10,2) DEFAULT '0.00' COMMENT '上月用量',
  `pre_date` date DEFAULT NULL COMMENT '上次抄表月份',
  `meter_value` decimal(10,2) DEFAULT '0.00' COMMENT '表读数',
  `used_value` decimal(10,2) DEFAULT '0.00' COMMENT '使用量',
  `record_date` date NOT NULL COMMENT '抄表月份',
  `pic` varchar(1024) DEFAULT NULL COMMENT '抄表图片',
  `audit_user` varchar(32) DEFAULT NULL COMMENT '核准人',
  `remark` varchar(512) DEFAULT NULL COMMENT '备注',
  `c_username` varchar(32) DEFAULT NULL COMMENT '抄表人',
  `c_uid` int(11) NOT NULL DEFAULT '0' COMMENT '创建人',
  `u_uid` int(11) NOT NULL DEFAULT '0' COMMENT '创建人',
  `created_at` datetime DEFAULT NULL COMMENT '创建时间',
  `updated_at` datetime DEFAULT NULL COMMENT '更新时间',
  `deleted_at` datetime DEFAULT NULL,
  PRIMARY KEY (`id`)
) ENGINE=InnoDB AUTO_INCREMENT=8 DEFAULT CHARSET=utf8 COMMENT='抄表记录';
/*!40101 SET character_set_client = @saved_cs_client */;

--
-- Dumping data for table `wy_bse_meter_record`
--

LOCK TABLES `wy_bse_meter_record` WRITE;
/*!40000 ALTER TABLE `wy_bse_meter_record` DISABLE KEYS */;
INSERT INTO `wy_bse_meter_record` VALUES (2,1,4,0,NULL,0.00,0.00,NULL,1000.00,0.00,'2020-06-30','','','','李振华',2,0,'2020-06-30 18:59:56','2020-06-30 18:59:56',NULL),(3,1,5,0,NULL,0.00,0.00,NULL,1000.00,0.00,'2020-06-30','','','2020-06-30初始化','李振华',2,0,'2020-06-30 19:01:28','2020-06-30 19:01:28',NULL),(4,1,7,0,NULL,0.00,0.00,NULL,2000.00,0.00,'2020-06-30','','','2020-06-30初始化','李振华',2,0,'2020-06-30 21:15:00','2020-06-30 21:15:00',NULL),(5,1,4,0,'公区',1000.00,0.00,'2020-06-30',1200.00,2000.00,'2020-07-01','',NULL,'',NULL,0,0,'2020-07-01 14:19:47','2020-07-01 14:19:47',NULL),(6,1,4,0,'公区',1200.00,10.00,'2020-07-01',1210.00,100.00,'2020-07-02','',NULL,'',NULL,2,0,'2020-07-01 14:21:53','2020-07-01 14:21:53',NULL),(7,1,4,0,'公区',1210.00,0.00,'2020-07-02',1221.95,119.50,'2020-07-03','',NULL,'','李振华',2,0,'2020-07-01 14:29:50','2020-07-01 14:43:42',NULL);
/*!40000 ALTER TABLE `wy_bse_meter_record` ENABLE KEYS */;
UNLOCK TABLES;

--
-- Table structure for table `wy_bse_parking_lot`
--

DROP TABLE IF EXISTS `wy_bse_parking_lot`;
/*!40101 SET @saved_cs_client     = @@character_set_client */;
/*!40101 SET character_set_client = utf8 */;
CREATE TABLE `wy_bse_parking_lot` (
  `id` int(11) NOT NULL AUTO_INCREMENT,
  `company_id` int(11) NOT NULL DEFAULT '0' COMMENT '公司id',
  `proj_id` int(11) NOT NULL DEFAULT '0' COMMENT '项目ID',
  `parking_name` varchar(128) DEFAULT NULL COMMENT '停车场名称',
  `lot_no` varchar(255) DEFAULT NULL COMMENT '车位编号',
  `tenant_id` int(11) DEFAULT NULL COMMENT '租户ID',
  `tenant_name` varchar(255) DEFAULT NULL COMMENT '商（租）户名称',
  `rent_start` date DEFAULT NULL COMMENT '起租时间',
  `rent_end` date DEFAULT NULL COMMENT '退租时间',
  `rent_type` varchar(50) DEFAULT NULL COMMENT '租赁类型 新租/续租',
  `month_price` decimal(10,2) DEFAULT NULL COMMENT '月费率',
  `renter_name` varchar(255) DEFAULT NULL COMMENT '车主姓名',
  `renter_phone` varchar(50) DEFAULT NULL COMMENT '联系电话',
  `car_no` varchar(256) DEFAULT NULL COMMENT '车牌号',
  `charge_date` date DEFAULT NULL COMMENT '缴费日期',
  `rent_month` smallint(11) DEFAULT NULL COMMENT '租赁时长/月',
  `amount` decimal(10,2) DEFAULT NULL COMMENT '金额',
  `remark` varchar(500) DEFAULT NULL COMMENT '备注',
  `created_at` datetime DEFAULT NULL COMMENT '创建时间',
  `c_uid` int(11) DEFAULT NULL COMMENT '创建人',
  `updated_at` datetime DEFAULT NULL COMMENT '更新时间',
  `u_uid` int(11) DEFAULT NULL COMMENT '更新人',
  PRIMARY KEY (`id`),
  KEY `company_id` (`company_id`,`proj_id`),
  KEY `company_id_2` (`company_id`,`tenant_name`)
) ENGINE=InnoDB AUTO_INCREMENT=2 DEFAULT CHARSET=utf8 COMMENT='车位';
/*!40101 SET character_set_client = @saved_cs_client */;

--
-- Dumping data for table `wy_bse_parking_lot`
--

LOCK TABLES `wy_bse_parking_lot` WRITE;
/*!40000 ALTER TABLE `wy_bse_parking_lot` DISABLE KEYS */;
INSERT INTO `wy_bse_parking_lot` VALUES (1,1,1,'','',1,'','2021-05-01','2022-04-30','新租',100.00,'ceshi','13811100001','京A45678','2019-01-01',12,0.00,'','0000-00-00 00:00:00',0,'2021-05-18 00:26:51',1);
/*!40000 ALTER TABLE `wy_bse_parking_lot` ENABLE KEYS */;
UNLOCK TABLES;

--
-- Table structure for table `wy_bse_project`
--

DROP TABLE IF EXISTS `wy_bse_project`;
/*!40101 SET @saved_cs_client     = @@character_set_client */;
/*!40101 SET character_set_client = utf8 */;
CREATE TABLE `wy_bse_project` (
  `id` int(11) NOT NULL AUTO_INCREMENT,
  `company_id` int(11) NOT NULL DEFAULT '0' COMMENT '公司ID',
  `proj_type` varchar(32) NOT NULL DEFAULT '' COMMENT '创意园区,办公园区',
  `proj_name` varchar(32) NOT NULL DEFAULT '' COMMENT '项目名称',
  `proj_logo` varchar(128) DEFAULT NULL COMMENT '项目LOGO',
  `proj_province_id` int(11) DEFAULT '0' COMMENT '项目省份',
  `proj_province` varchar(64) DEFAULT NULL COMMENT '省份',
  `proj_city_id` int(11) DEFAULT NULL COMMENT '项目城市',
  `proj_city` varchar(64) DEFAULT NULL COMMENT '城市',
  `proj_district_id` int(11) DEFAULT NULL COMMENT '项目区',
  `proj_district` varchar(64) DEFAULT NULL COMMENT '区域',
  `proj_addr` varchar(256) DEFAULT NULL COMMENT '项目地址',
  `proj_occupy` int(11) DEFAULT '0' COMMENT '项目占地面积',
  `proj_buildarea` int(11) DEFAULT '0' COMMENT '项目建筑面积',
  `proj_usablearea` int(11) DEFAULT '0' COMMENT '项目使用面积',
  `proj_far` varchar(16) DEFAULT NULL COMMENT '项目容积率',
  `proj_pic` varchar(1024) DEFAULT NULL COMMENT '项目图片',
  `is_vaild` tinyint(4) NOT NULL DEFAULT '1' COMMENT '1启用，0禁用',
  `c_uid` int(11) NOT NULL DEFAULT '0' COMMENT '创建用户ID',
  `u_uid` int(11) NOT NULL DEFAULT '0' COMMENT '更新用户ID',
  `created_at` datetime DEFAULT NULL COMMENT '创建时间',
  `updated_at` datetime DEFAULT NULL COMMENT '更新时间',
  `deleted_at` datetime DEFAULT NULL COMMENT '删除时间',
  PRIMARY KEY (`id`),
  KEY `company_id` (`company_id`,`proj_name`)
) ENGINE=InnoDB AUTO_INCREMENT=6 DEFAULT CHARSET=utf8;
/*!40101 SET character_set_client = @saved_cs_client */;

--
-- Dumping data for table `wy_bse_project`
--

LOCK TABLES `wy_bse_project` WRITE;
/*!40000 ALTER TABLE `wy_bse_project` DISABLE KEYS */;
INSERT INTO `wy_bse_project` VALUES (1,1,'创意园区','智慧园区','',0,NULL,NULL,NULL,NULL,NULL,'',0,0,0,'','',1,2,0,'2020-07-15 09:36:30','2020-07-15 09:36:30',NULL),(2,1,'办公园区','CBD广场','',2,'北京市',36,'北京城区',39,'朝阳区','国贸附近',24000,28000,25000,'1.2','1/business/20210517/c6Cp4zeqAlBhblLATI0lJA7srhg62wexbhVzaopp.jpeg',1,2,2,'2020-07-15 15:02:04','2021-05-17 18:59:21',NULL),(3,1,'创意园区','XXX','',2,'北京市',36,'北京城区',37,'东城区','干干干',0,0,0,'','',1,2,1,'2020-07-15 16:06:13','2020-11-23 18:21:45',NULL),(5,2,'办公园区','默认项目','',2,'北京市',36,'北京城区',38,'西城区','',10000,10000,8000,'','2/business/20200720/2ScaC1MsiGWEm9P62najZDVMAGocYFoKABwTwLst.jpeg',1,0,12,'2020-07-20 09:31:02','2020-07-20 10:11:32',NULL);
/*!40000 ALTER TABLE `wy_bse_project` ENABLE KEYS */;
UNLOCK TABLES;

--
-- Table structure for table `wy_bse_project_policy`
--

DROP TABLE IF EXISTS `wy_bse_project_policy`;
/*!40101 SET @saved_cs_client     = @@character_set_client */;
/*!40101 SET character_set_client = utf8 */;
CREATE TABLE `wy_bse_project_policy` (
  `id` int(11) NOT NULL AUTO_INCREMENT,
  `company_id` int(11) NOT NULL DEFAULT '0' COMMENT '系统ID',
  `proj_id` int(11) NOT NULL DEFAULT '0' COMMENT '项目ID',
  `proj_join_policy` text NOT NULL COMMENT '招商政策',
  `remark` varchar(512) NOT NULL DEFAULT '' COMMENT '备注',
  `c_uid` int(11) NOT NULL DEFAULT '0' COMMENT '创建用户ID',
  `u_uid` int(11) NOT NULL DEFAULT '0' COMMENT '更新用户ID',
  `created_at` datetime DEFAULT NULL COMMENT '创建时间',
  `updated_at` datetime DEFAULT NULL COMMENT '更新时间',
  `deleted_at` datetime DEFAULT NULL COMMENT '删除时间',
  PRIMARY KEY (`id`),
  KEY `company_id` (`company_id`,`proj_id`)
) ENGINE=InnoDB DEFAULT CHARSET=utf8;
/*!40101 SET character_set_client = @saved_cs_client */;

--
-- Dumping data for table `wy_bse_project_policy`
--

LOCK TABLES `wy_bse_project_policy` WRITE;
/*!40000 ALTER TABLE `wy_bse_project_policy` DISABLE KEYS */;
/*!40000 ALTER TABLE `wy_bse_project_policy` ENABLE KEYS */;
UNLOCK TABLES;

--
-- Table structure for table `wy_bse_sequence`
--

DROP TABLE IF EXISTS `wy_bse_sequence`;
/*!40101 SET @saved_cs_client     = @@character_set_client */;
/*!40101 SET character_set_client = utf8 */;
CREATE TABLE `wy_bse_sequence` (
  `company_id` int(11) NOT NULL,
  `no` bigint(20) unsigned NOT NULL DEFAULT '1',
  `no_prefix` varchar(4) DEFAULT NULL COMMENT '客户编号前缀',
  `created_at` datetime DEFAULT NULL,
  `updated_at` timestamp NULL DEFAULT NULL,
  PRIMARY KEY (`company_id`)
) ENGINE=InnoDB DEFAULT CHARSET=utf8;
/*!40101 SET character_set_client = @saved_cs_client */;

--
-- Dumping data for table `wy_bse_sequence`
--

LOCK TABLES `wy_bse_sequence` WRITE;
/*!40000 ALTER TABLE `wy_bse_sequence` DISABLE KEYS */;
INSERT INTO `wy_bse_sequence` VALUES (1,13,'CUS','2020-06-06 10:41:07','2020-06-16 09:11:25'),(2,8,'',NULL,NULL),(3,4,'',NULL,NULL),(9,1,'CUS','2020-06-06 11:10:27','2020-06-06 03:10:27');
/*!40000 ALTER TABLE `wy_bse_sequence` ENABLE KEYS */;
UNLOCK TABLES;

--
-- Table structure for table `wy_bse_skyeye_log`
--

DROP TABLE IF EXISTS `wy_bse_skyeye_log`;
/*!40101 SET @saved_cs_client     = @@character_set_client */;
/*!40101 SET character_set_client = utf8 */;
CREATE TABLE `wy_bse_skyeye_log` (
  `id` int(11) NOT NULL AUTO_INCREMENT,
  `company_id` int(11) NOT NULL DEFAULT '0' COMMENT '公司ID',
  `search_name` varchar(128) NOT NULL DEFAULT '' COMMENT '查询公司名',
  `search_result` text COMMENT '查询结果',
  `c_uid` int(11) NOT NULL DEFAULT '0' COMMENT '查询人',
  `created_at` datetime DEFAULT NULL,
  `updated_at` datetime DEFAULT NULL,
  PRIMARY KEY (`id`),
  KEY `company_id` (`company_id`)
) ENGINE=InnoDB AUTO_INCREMENT=6 DEFAULT CHARSET=utf8;
/*!40101 SET character_set_client = @saved_cs_client */;

--
-- Dumping data for table `wy_bse_skyeye_log`
--

LOCK TABLES `wy_bse_skyeye_log` WRITE;
/*!40000 ALTER TABLE `wy_bse_skyeye_log` DISABLE KEYS */;
INSERT INTO `wy_bse_skyeye_log` VALUES (1,1,'河北尚博房地产开发有限公司','{\"historyNames\":null,\"regStatus\":\"\\u5b58\\u7eed\",\"cancelDate\":null,\"regCapital\":\"500\\u4e07\\u4eba\\u6c11\\u5e01\",\"staffNumRange\":\"\\u5c0f\\u4e8e50\\u4eba\",\"industry\":\"\\u623f\\u5730\\u4ea7\\u4e1a\",\"bondNum\":null,\"type\":1,\"bondName\":null,\"revokeDate\":null,\"legalPersonName\":\"\\u5f20\\u5c0f\\u5149\",\"revokeReason\":null,\"regNumber\":\"130100000415755\",\"creditCode\":\"91130100052675667A\",\"property3\":null,\"usedBondName\":null,\"fromTime\":1346083200000,\"approvedTime\":1589904000000,\"socialStaffNum\":3,\"alias\":\"\\u5c1a\\u535a\",\"companyOrgType\":\"\\u6709\\u9650\\u8d23\\u4efb\\u516c\\u53f8(\\u81ea\\u7136\\u4eba\\u6295\\u8d44\\u6216\\u63a7\\u80a1)\",\"actualCapitalCurrency\":null,\"id\":1637102406,\"orgNumber\":\"052675667\",\"cancelReason\":null,\"toTime\":null,\"actualCapital\":\"500\\u4e07\\u4eba\\u6c11\\u5e01\",\"estiblishTime\":1346083200000,\"regInstitute\":\"\\u6865\\u897f\\u533a\\u5e02\\u573a\\u76d1\\u7763\\u7ba1\\u7406\\u5c40\",\"taxNumber\":\"91130100052675667A\",\"businessScope\":\"\\u623f\\u5730\\u4ea7\\u5f00\\u53d1\\u4e0e\\u7ecf\\u8425\\u3002\\uff08\\u4ee5\\u4e0a\\u5168\\u90e8\\u8303\\u56f4\\u6cd5\\u5f8b\\u3001\\u6cd5\\u89c4\\u53ca\\u56fd\\u52a1\\u9662\\u51b3\\u5b9a\\u7981\\u6b62\\u6216\\u8005\\u9650\\u5236\\u7684\\u4e8b\\u9879\\uff0c\\u4e0d\\u5f97\\u7ecf\\u8425\\uff1b\\u9700\\u5176\\u5b83\\u90e8\\u95e8\\u5ba1\\u6279\\u7684\\u4e8b\\u9879\\uff0c\\u5f85\\u6279\\u51c6\\u540e\\uff0c\\u65b9\\u53ef\\u7ecf\\u8425\\uff09\",\"regLocation\":\"\\u6cb3\\u5317\\u7701\\u77f3\\u5bb6\\u5e84\\u5e02\\u6865\\u897f\\u533a\\u4e2d\\u5c71\\u897f\\u8def486\\u53f7\\u91d1\\u57ce\\u5546\\u52a1A\\u5ea7410\\u5ba4\",\"regCapitalCurrency\":null,\"tags\":null,\"name\":\"\\u6cb3\\u5317\\u5c1a\\u535a\\u623f\\u5730\\u4ea7\\u5f00\\u53d1\\u6709\\u9650\\u516c\\u53f8\",\"bondType\":null,\"percentileScore\":6115,\"industryAll\":{\"categoryMiddle\":\"  \\u623f\\u5730\\u4ea7\\u5f00\\u53d1\\u7ecf\\u8425\",\"categoryBig\":\"\\u623f\\u5730\\u4ea7\\u4e1a\",\"category\":\"\\u623f\\u5730\\u4ea7\\u4e1a\",\"categorySmall\":\"\"},\"isMicroEnt\":1,\"base\":\"heb\"}',2,'2020-07-04 22:29:23','2020-07-04 22:29:23'),(2,1,'北京合智互联信息技术有限公司','{\"historyNames\":null,\"regStatus\":\"\\u5728\\u4e1a\",\"cancelDate\":null,\"regCapital\":\"12000\\u4e07\\u4eba\\u6c11\\u5e01\",\"staffNumRange\":\"\\u5c0f\\u4e8e50\\u4eba\",\"industry\":\"\\u8f6f\\u4ef6\\u548c\\u4fe1\\u606f\\u6280\\u672f\\u670d\\u52a1\\u4e1a\",\"bondNum\":null,\"type\":1,\"bondName\":null,\"revokeDate\":null,\"legalPersonName\":\"\\u90ed\\u5927\\u9f99\",\"revokeReason\":null,\"regNumber\":\"110117018256895\",\"creditCode\":\"91110117318198811H\",\"property3\":null,\"usedBondName\":null,\"fromTime\":1417363200000,\"approvedTime\":1579449600000,\"socialStaffNum\":15,\"alias\":\"\\u5408\\u667a\\u4e92\\u8054\",\"companyOrgType\":\"\\u6709\\u9650\\u8d23\\u4efb\\u516c\\u53f8(\\u81ea\\u7136\\u4eba\\u6295\\u8d44\\u6216\\u63a7\\u80a1)\",\"actualCapitalCurrency\":null,\"id\":24987005,\"orgNumber\":\"318198811\",\"cancelReason\":null,\"toTime\":2048428800000,\"actualCapital\":\"113.79\\u4e07\\u4eba\\u6c11\\u5e01\",\"estiblishTime\":1417363200000,\"regInstitute\":\"\\u5317\\u4eac\\u5e02\\u5de5\\u5546\\u884c\\u653f\\u7ba1\\u7406\\u5c40\\u5317\\u4eac\\u7ecf\\u6d4e\\u6280\\u672f\\u5f00\\u53d1\\u533a\\u5206\\u5c40\",\"taxNumber\":\"91110117318198811H\",\"businessScope\":\"\\u6280\\u672f\\u5f00\\u53d1\\u3001\\u6280\\u672f\\u8f6c\\u8ba9\\u3001\\u6280\\u672f\\u63a8\\u5e7f\\u3001\\u6280\\u672f\\u670d\\u52a1\\uff1b\\u8ba1\\u7b97\\u673a\\u7cfb\\u7edf\\u7684\\u8bbe\\u8ba1\\u3001\\u96c6\\u6210\\u3001\\u5b89\\u88c5\\u3001\\u8c03\\u8bd5\\u53ca\\u7ba1\\u7406\\uff1b\\u6559\\u80b2\\u54a8\\u8be2\\uff1b\\u4f01\\u4e1a\\u7ba1\\u7406\\u54a8\\u8be2\\uff1b\\u7ecf\\u6d4e\\u8d38\\u6613\\u54a8\\u8be2\\uff1b\\u8f6f\\u4ef6\\u5f00\\u53d1\\uff1b\\u5e02\\u573a\\u8c03\\u67e5\\uff1b\\u4f1a\\u8bae\\u670d\\u52a1\\uff1b\\u4f01\\u4e1a\\u5f62\\u8c61\\u7b56\\u5212\\uff1b\\u8bbe\\u8ba1\\u3001\\u5236\\u4f5c\\u3001\\u4ee3\\u7406\\u3001\\u53d1\\u5e03\\u5e7f\\u544a\\uff1b\\u5546\\u6807\\u4ee3\\u7406\\uff1b\\u7248\\u6743\\u4ee3\\u7406\\uff1b\\u627f\\u529e\\u5c55\\u89c8\\u5c55\\u793a\\u6d3b\\u52a8\\uff1b\\u7ec4\\u7ec7\\u6587\\u5316\\u827a\\u672f\\u4ea4\\u6d41\\u6d3b\\u52a8\\uff08\\u6f14\\u51fa\\u3001\\u68cb\\u724c\\u9664\\u5916\\uff09\\uff1b\\u9500\\u552e\\u6c7d\\u8f66\\u3001\\u6c7d\\u8f66\\u914d\\u4ef6\\u3001\\u65e5\\u7528\\u54c1\\u3001\\u8ba1\\u7b97\\u673a\\u3001\\u8f6f\\u4ef6\\u53ca\\u8f85\\u52a9\\u8bbe\\u5907\\u3002\\uff08\\u4f01\\u4e1a\\u4f9d\\u6cd5\\u81ea\\u4e3b\\u9009\\u62e9\\u7ecf\\u8425\\u9879\\u76ee\\uff0c\\u5f00\\u5c55\\u7ecf\\u8425\\u6d3b\\u52a8\\uff1b\\u4f9d\\u6cd5\\u987b\\u7ecf\\u6279\\u51c6\\u7684\\u9879\\u76ee\\uff0c\\u7ecf\\u76f8\\u5173\\u90e8\\u95e8\\u6279\\u51c6\\u540e\\u4f9d\\u6279\\u51c6\\u7684\\u5185\\u5bb9\\u5f00\\u5c55\\u7ecf\\u8425\\u6d3b\\u52a8\\uff1b\\u4e0d\\u5f97\\u4ece\\u4e8b\\u672c\\u5e02\\u4ea7\\u4e1a\\u653f\\u7b56\\u7981\\u6b62\\u548c\\u9650\\u5236\\u7c7b\\u9879\\u76ee\\u7684\\u7ecf\\u8425\\u6d3b\\u52a8\\u3002\\uff09\",\"regLocation\":\"\\u5317\\u4eac\\u5e02\\u5317\\u4eac\\u7ecf\\u6d4e\\u6280\\u672f\\u5f00\\u53d1\\u533a\\u7ecf\\u60e0\\u4e1c\\u8def5\\u53f7\\u96624\\u53f7\\u697c3\\u5c42303\",\"regCapitalCurrency\":null,\"tags\":null,\"name\":\"\\u5317\\u4eac\\u5408\\u667a\\u4e92\\u8054\\u4fe1\\u606f\\u6280\\u672f\\u6709\\u9650\\u516c\\u53f8\",\"bondType\":null,\"percentileScore\":5928,\"industryAll\":{\"categoryMiddle\":\"  \\u5176\\u4ed6\\u4fe1\\u606f\\u6280\\u672f\\u670d\\u52a1\\u4e1a\",\"categoryBig\":\"\\u8f6f\\u4ef6\\u548c\\u4fe1\\u606f\\u6280\\u672f\\u670d\\u52a1\\u4e1a\",\"category\":\"\\u4fe1\\u606f\\u4f20\\u8f93\\u3001\\u8f6f\\u4ef6\\u548c\\u4fe1\\u606f\\u6280\\u672f\\u670d\\u52a1\\u4e1a\",\"categorySmall\":\"\"},\"isMicroEnt\":1,\"base\":\"bj\"}',2,'2020-07-06 21:56:10','2020-07-06 21:56:10'),(3,1,'北京中软星图信息技术有限公司','{\"historyNames\":null,\"regStatus\":\"\\u5728\\u4e1a\",\"cancelDate\":null,\"regCapital\":\"200\\u4e07\\u4eba\\u6c11\\u5e01\",\"staffNumRange\":null,\"industry\":\"\\u79d1\\u6280\\u63a8\\u5e7f\\u548c\\u5e94\\u7528\\u670d\\u52a1\\u4e1a\",\"bondNum\":null,\"type\":1,\"bondName\":null,\"revokeDate\":null,\"legalPersonName\":\"\\u674e\\u7d20\\u6770\",\"revokeReason\":null,\"regNumber\":null,\"creditCode\":\"91110112MA01RGEN6K\",\"property3\":null,\"usedBondName\":null,\"fromTime\":1590336000000,\"approvedTime\":1590336000000,\"socialStaffNum\":null,\"alias\":\"\\u4e2d\\u8f6f\\u661f\\u56fe\",\"actualCapitalCurrency\":\"\\u4eba\\u6c11\\u5e01\",\"companyOrgType\":\"\\u6709\\u9650\\u8d23\\u4efb\\u516c\\u53f8(\\u81ea\\u7136\\u4eba\\u6295\\u8d44\\u6216\\u63a7\\u80a1)\",\"id\":3439341237,\"orgNumber\":\"MA01RGEN6\",\"cancelReason\":null,\"toTime\":2221401600000,\"actualCapital\":\"\",\"estiblishTime\":1590336000000,\"regInstitute\":\"\\u5317\\u4eac\\u5e02\\u5de5\\u5546\\u884c\\u653f\\u7ba1\\u7406\\u5c40\\u901a\\u5dde\\u5206\\u5c40\",\"taxNumber\":\"91110112MA01RGEN6K\",\"businessScope\":\"\\u6280\\u672f\\u63a8\\u5e7f\\u3001\\u6280\\u672f\\u5f00\\u53d1\\u3001\\u6280\\u672f\\u8f6c\\u8ba9\\u3001\\u6280\\u672f\\u670d\\u52a1\\u3001\\u6280\\u672f\\u54a8\\u8be2\\uff1b\\u8f6f\\u4ef6\\u5f00\\u53d1\\uff1b\\u57fa\\u7840\\u8f6f\\u4ef6\\u670d\\u52a1\\uff1b\\u5e94\\u7528\\u8f6f\\u4ef6\\u670d\\u52a1\\uff1b\\u8ba1\\u7b97\\u673a\\u7cfb\\u7edf\\u670d\\u52a1\\uff1b\\u9500\\u552e\\u8ba1\\u7b97\\u673a\\u8f6f\\u4ef6\\u53ca\\u8f85\\u52a9\\u8bbe\\u5907\\u3001\\u7535\\u5b50\\u4ea7\\u54c1\\u3001\\u673a\\u68b0\\u8bbe\\u5907\\uff1b\\u8bbe\\u8ba1\\u3001\\u5236\\u4f5c\\u3001\\u4ee3\\u7406\\u3001\\u53d1\\u5e03\\u5e7f\\u544a\\u3002\\uff08\\u5e02\\u573a\\u4e3b\\u4f53\\u4f9d\\u6cd5\\u81ea\\u4e3b\\u9009\\u62e9\\u7ecf\\u8425\\u9879\\u76ee\\uff0c\\u5f00\\u5c55\\u7ecf\\u8425\\u6d3b\\u52a8\\uff1b\\u4f9d\\u6cd5\\u987b\\u7ecf\\u6279\\u51c6\\u7684\\u9879\\u76ee\\uff0c\\u7ecf\\u76f8\\u5173\\u90e8\\u95e8\\u6279\\u51c6\\u540e\\u4f9d\\u6279\\u51c6\\u7684\\u5185\\u5bb9\\u5f00\\u5c55\\u7ecf\\u8425\\u6d3b\\u52a8\\uff1b\\u4e0d\\u5f97\\u4ece\\u4e8b\\u56fd\\u5bb6\\u548c\\u672c\\u533a\\u4ea7\\u4e1a\\u653f\\u7b56\\u7981\\u6b62\\u548c\\u9650\\u5236\\u7c7b\\u9879\\u76ee\\u7684\\u7ecf\\u8425\\u6d3b\\u52a8\\u3002\\uff09\",\"regLocation\":\"\\u5317\\u4eac\\u5e02\\u901a\\u5dde\\u533a\\u5f20\\u5bb6\\u6e7e\\u9547\\u5317\\u5927\\u5316\\u6751116\\u53f79\\u5e62\\u4e8c\\u5c421578\",\"regCapitalCurrency\":null,\"tags\":null,\"name\":\"\\u5317\\u4eac\\u4e2d\\u8f6f\\u661f\\u56fe\\u4fe1\\u606f\\u6280\\u672f\\u6709\\u9650\\u516c\\u53f8\",\"bondType\":null,\"percentileScore\":6150,\"industryAll\":{\"categoryMiddle\":\"  \\u6280\\u672f\\u63a8\\u5e7f\\u670d\\u52a1\",\"categoryBig\":\"\\u79d1\\u6280\\u63a8\\u5e7f\\u548c\\u5e94\\u7528\\u670d\\u52a1\\u4e1a\",\"category\":\"\\u79d1\\u5b66\\u7814\\u7a76\\u548c\\u6280\\u672f\\u670d\\u52a1\\u4e1a\",\"categorySmall\":\"\"},\"isMicroEnt\":0,\"base\":\"bj\"}',2,'2020-07-15 10:52:54','2020-07-15 10:52:54'),(4,1,'北京玄墨科技有限公司','{\"historyNames\":null,\"regStatus\":\"\\u5728\\u4e1a\",\"cancelDate\":null,\"regCapital\":\"100\\u4e07\\u4eba\\u6c11\\u5e01\",\"staffNumRange\":\"\\u5c0f\\u4e8e50\\u4eba\",\"industry\":\"\\u79d1\\u6280\\u63a8\\u5e7f\\u548c\\u5e94\\u7528\\u670d\\u52a1\\u4e1a\",\"bondNum\":null,\"type\":1,\"bondName\":null,\"revokeDate\":null,\"legalPersonName\":\"\\u5f20\\u65ed\\u8f89\",\"revokeReason\":null,\"regNumber\":\"110105024732985\",\"creditCode\":\"91110105MA019YFL7F\",\"property3\":null,\"usedBondName\":null,\"fromTime\":1516204800000,\"approvedTime\":1546876800000,\"socialStaffNum\":1,\"alias\":\"\\u7384\\u58a8\\u79d1\\u6280\",\"companyOrgType\":\"\\u6709\\u9650\\u8d23\\u4efb\\u516c\\u53f8(\\u81ea\\u7136\\u4eba\\u6295\\u8d44\\u6216\\u63a7\\u80a1)\",\"actualCapitalCurrency\":null,\"id\":3149659315,\"orgNumber\":\"MA019YFL7\",\"cancelReason\":null,\"toTime\":2462803200000,\"actualCapital\":\"-\",\"estiblishTime\":1516204800000,\"regInstitute\":\"\\u5317\\u4eac\\u5e02\\u5de5\\u5546\\u884c\\u653f\\u7ba1\\u7406\\u5c40\\u6d77\\u6dc0\\u5206\\u5c40\",\"taxNumber\":\"91110105MA019YFL7F\",\"businessScope\":\"\\u6280\\u672f\\u5f00\\u53d1\\u3001\\u6280\\u672f\\u63a8\\u5e7f\\u3001\\u6280\\u672f\\u8f6c\\u8ba9\\u3001\\u6280\\u672f\\u54a8\\u8be2\\u3001\\u6280\\u672f\\u670d\\u52a1\\uff1b\\u9500\\u552e\\u81ea\\u884c\\u5f00\\u53d1\\u540e\\u7684\\u4ea7\\u54c1\\uff1b\\u8ba1\\u7b97\\u673a\\u7cfb\\u7edf\\u670d\\u52a1\\uff1b\\u57fa\\u7840\\u8f6f\\u4ef6\\u670d\\u52a1\\u3001\\u5e94\\u7528\\u8f6f\\u4ef6\\u670d\\u52a1\\uff1b\\u8f6f\\u4ef6\\u5f00\\u53d1\\uff1b\\u8f6f\\u4ef6\\u54a8\\u8be2\\uff1b\\u4ea7\\u54c1\\u8bbe\\u8ba1\\uff1b\\u6a21\\u578b\\u8bbe\\u8ba1\\uff1b\\u5305\\u88c5\\u88c5\\u6f62\\u8bbe\\u8ba1\\uff1b\\u6559\\u80b2\\u54a8\\u8be2\\uff08\\u4e2d\\u4ecb\\u670d\\u52a1\\u9664\\u5916\\uff09\\uff1b\\u7ecf\\u6d4e\\u8d38\\u6613\\u54a8\\u8be2\\uff1b\\u6587\\u5316\\u54a8\\u8be2\\uff1b\\u4f53\\u80b2\\u54a8\\u8be2\\uff1b\\u516c\\u5171\\u5173\\u7cfb\\u670d\\u52a1\\uff1b\\u4f1a\\u8bae\\u670d\\u52a1\\uff1b\\u5de5\\u827a\\u7f8e\\u672f\\u8bbe\\u8ba1\\uff1b\\u7535\\u8111\\u52a8\\u753b\\u8bbe\\u8ba1\\uff1b\\u4f01\\u4e1a\\u7b56\\u5212\\u3001\\u8bbe\\u8ba1\\uff1b\\u8bbe\\u8ba1\\u3001\\u5236\\u4f5c\\u3001\\u4ee3\\u7406\\u3001\\u53d1\\u5e03\\u5e7f\\u544a\\uff1b\\u5e02\\u573a\\u8c03\\u67e5\\uff1b\\u4f01\\u4e1a\\u7ba1\\u7406\\u54a8\\u8be2\\uff1b\\u7ffb\\u8bd1\\u670d\\u52a1\\uff1b\\u6570\\u636e\\u5904\\u7406\\uff08\\u6570\\u636e\\u5904\\u7406\\u4e2d\\u7684\\u94f6\\u884c\\u5361\\u4e2d\\u5fc3\\u3001PUE\\u503c\\u57281.4\\u4ee5\\u4e0a\\u7684\\u4e91\\u8ba1\\u7b97\\u6570\\u636e\\u4e2d\\u5fc3\\u9664\\u5916\\uff09\\u3002\\uff08\\u4f01\\u4e1a\\u4f9d\\u6cd5\\u81ea\\u4e3b\\u9009\\u62e9\\u7ecf\\u8425\\u9879\\u76ee\\uff0c\\u5f00\\u5c55\\u7ecf\\u8425\\u6d3b\\u52a8\\uff1b\\u4ee5\\u53ca\\u4f9d\\u6cd5\\u987b\\u7ecf\\u6279\\u51c6\\u7684\\u9879\\u76ee\\uff0c\\u7ecf\\u76f8\\u5173\\u90e8\\u95e8\\u6279\\u51c6\\u540e\\u4f9d\\u6279\\u51c6\\u7684\\u5185\\u5bb9\\u5f00\\u5c55\\u7ecf\\u8425\\u6d3b\\u52a8\\uff1b\\u4e0d\\u5f97\\u4ece\\u4e8b\\u672c\\u5e02\\u4ea7\\u4e1a\\u653f\\u7b56\\u7981\\u6b62\\u548c\\u9650\\u5236\\u7c7b\\u9879\\u76ee\\u7684\\u7ecf\\u8425\\u6d3b\\u52a8\\u3002\\uff09\",\"regLocation\":\"\\u5317\\u4eac\\u5e02\\u6d77\\u6dc0\\u533a\\u6c38\\u6f84\\u5317\\u8def2\\u53f7\\u96621\\u53f7\\u697cC\\u5ea7\\u4e09\\u5c423006-327\\u53f7\",\"regCapitalCurrency\":null,\"tags\":null,\"name\":\"\\u5317\\u4eac\\u7384\\u58a8\\u79d1\\u6280\\u6709\\u9650\\u516c\\u53f8\",\"bondType\":null,\"percentileScore\":5839,\"industryAll\":{\"categoryMiddle\":\"  \\u6280\\u672f\\u63a8\\u5e7f\\u670d\\u52a1\",\"categoryBig\":\"\\u79d1\\u6280\\u63a8\\u5e7f\\u548c\\u5e94\\u7528\\u670d\\u52a1\\u4e1a\",\"category\":\"\\u79d1\\u5b66\\u7814\\u7a76\\u548c\\u6280\\u672f\\u670d\\u52a1\\u4e1a\",\"categorySmall\":\"\"},\"isMicroEnt\":1,\"base\":\"bj\"}',2,'2020-07-15 11:28:38','2020-07-15 11:28:38'),(5,1,'红鑫','{\"historyNames\":null,\"regStatus\":\"\\u6ce8\\u9500\",\"bondNum\":null,\"type\":1,\"bondName\":null,\"revokeReason\":null,\"property3\":null,\"usedBondName\":null,\"approvedTime\":1466956800000,\"id\":743316161,\"orgNumber\":null,\"businessScope\":\"\\u5316\\u7ea4\\u3002\\u6279\\u96f6\",\"taxNumber\":\"\",\"regCapitalCurrency\":\"\\u4eba\\u6c11\\u5e01\",\"tags\":null,\"district\":\"\\u987a\\u5e86\\u533a\",\"name\":\"\\u7ea2\\u946b\",\"percentileScore\":2137,\"industryAll\":{\"categoryMiddle\":\"\\u7eba\\u7ec7\\u3001\\u670d\\u88c5\\u53ca\\u5bb6\\u5ead\\u7528\\u54c1\\u6279\\u53d1\",\"categoryBig\":\"\\u6279\\u53d1\\u4e1a\",\"category\":\"\\u6279\\u53d1\\u548c\\u96f6\\u552e\\u4e1a\",\"categorySmall\":\"\"},\"isMicroEnt\":0,\"cancelDate\":null,\"regCapital\":\"2\\u4eba\\u6c11\\u5e01\",\"city\":\"\\u5357\\u5145\\u5e02\",\"staffNumRange\":null,\"industry\":\"\\u6279\\u53d1\\u4e1a\",\"historyNameList\":null,\"updateTimes\":1611768044000,\"revokeDate\":null,\"legalPersonName\":\"\\u8d75\\u8273\\u7ea2\",\"regNumber\":\"511302600300613\",\"creditCode\":null,\"fromTime\":null,\"socialStaffNum\":null,\"actualCapitalCurrency\":\"\\u4eba\\u6c11\\u5e01\",\"alias\":\"\\u7ea2\\u946b\",\"companyOrgType\":\"\\u4e2a\\u4f53\\u5de5\\u5546\\u6237\",\"cancelReason\":null,\"toTime\":null,\"actualCapital\":null,\"estiblishTime\":1081180800000,\"regInstitute\":\"\\u5357\\u5145\\u5e02\\u987a\\u5e86\\u533a\\u5de5\\u5546\\u548c\\u8d28\\u91cf\\u6280\\u672f\\u76d1\\u7763\\u5c40\",\"regLocation\":\"\\u897f\\u95e8\\u5e02\\u573a5-3-7\\u53f7\",\"bondType\":null,\"base\":\"sc\"}',1,'2021-03-12 16:47:29','2021-03-12 16:47:29');
/*!40000 ALTER TABLE `wy_bse_skyeye_log` ENABLE KEYS */;
UNLOCK TABLES;

--
-- Table structure for table `wy_bse_supplier`
--

DROP TABLE IF EXISTS `wy_bse_supplier`;
/*!40101 SET @saved_cs_client     = @@character_set_client */;
/*!40101 SET character_set_client = utf8 */;
CREATE TABLE `wy_bse_supplier` (
  `id` int(11) NOT NULL AUTO_INCREMENT,
  `company_id` int(11) NOT NULL DEFAULT '0' COMMENT '公司ID',
  `proj_id` int(11) DEFAULT '0' COMMENT '项目',
  `name` varchar(64) DEFAULT NULL COMMENT '供应商名称',
  `major` varchar(64) DEFAULT NULL COMMENT '专业',
  `department` varchar(64) DEFAULT NULL COMMENT '维护部门',
  `service_content` varchar(4096) DEFAULT NULL COMMENT '服务内容',
  `contract_info` varchar(2048) DEFAULT NULL COMMENT '合同信息',
  `main_business` varchar(1000) DEFAULT NULL COMMENT '主营业务',
  `business_license` varchar(5) DEFAULT NULL COMMENT '营业执照副本',
  `operation_license` varchar(5) DEFAULT NULL COMMENT '生产经营许可证',
  `do_project` varchar(1024) DEFAULT NULL COMMENT '在郎园做过的项目/工程',
  `remark` varchar(512) DEFAULT NULL COMMENT '备注',
  `is_vaild` tinyint(4) DEFAULT '1' COMMENT '状态：1 有效；4 删除',
  `c_uid` int(11) DEFAULT NULL COMMENT '创建人',
  `c_username` int(11) DEFAULT NULL COMMENT '创建人',
  `created_at` datetime DEFAULT NULL COMMENT '创建时间',
  `updated_at` datetime DEFAULT NULL COMMENT '更新时间',
  `deleted_at` datetime DEFAULT NULL COMMENT '删除时间',
  PRIMARY KEY (`id`),
  KEY `company_id` (`company_id`,`name`)
) ENGINE=InnoDB DEFAULT CHARSET=utf8;
/*!40101 SET character_set_client = @saved_cs_client */;

--
-- Dumping data for table `wy_bse_supplier`
--

LOCK TABLES `wy_bse_supplier` WRITE;
/*!40000 ALTER TABLE `wy_bse_supplier` DISABLE KEYS */;
/*!40000 ALTER TABLE `wy_bse_supplier` ENABLE KEYS */;
UNLOCK TABLES;

--
-- Table structure for table `wy_bse_template`
--

DROP TABLE IF EXISTS `wy_bse_template`;
/*!40101 SET @saved_cs_client     = @@character_set_client */;
/*!40101 SET character_set_client = utf8 */;
CREATE TABLE `wy_bse_template` (
  `id` int(11) NOT NULL AUTO_INCREMENT,
  `company_id` int(11) NOT NULL DEFAULT '0' COMMENT '公司ID',
  `type` tinyint(4) NOT NULL DEFAULT '1' COMMENT '1合同 2 账单',
  `name` varchar(64) NOT NULL COMMENT '合同模版名称',
  `file_name` varchar(128) DEFAULT '' COMMENT '合同模版文件名',
  `file_path` varchar(512) NOT NULL COMMENT '合同模版路径',
  `remark` varchar(256) DEFAULT '' COMMENT '备注',
  `c_username` varchar(32) NOT NULL DEFAULT '' COMMENT '添加人',
  `c_uid` int(11) DEFAULT '0' COMMENT '创建用户ID',
  `u_uid` int(11) DEFAULT '0' COMMENT '更新用户ID',
  `created_at` datetime DEFAULT NULL COMMENT '创建时间',
  `updated_at` datetime DEFAULT NULL COMMENT '更新时间',
  `deleted_at` datetime DEFAULT NULL COMMENT '删除时间',
  PRIMARY KEY (`id`),
  KEY `company_id` (`company_id`)
) ENGINE=InnoDB AUTO_INCREMENT=2 DEFAULT CHARSET=utf8;
/*!40101 SET character_set_client = @saved_cs_client */;

--
-- Dumping data for table `wy_bse_template`
--

LOCK TABLES `wy_bse_template` WRITE;
/*!40000 ALTER TABLE `wy_bse_template` DISABLE KEYS */;
INSERT INTO `wy_bse_template` VALUES (1,1,1,'合同模版','','1/business/20210515/MR5unL7WigIiCjtLwAUbOCYEvqF52NvjBHTQZ5SD.zip','','李振华',2,0,'2021-05-15 23:55:30','2021-05-15 23:55:30',NULL);
/*!40000 ALTER TABLE `wy_bse_template` ENABLE KEYS */;
UNLOCK TABLES;

--
-- Table structure for table `wy_bse_template_parm`
--

DROP TABLE IF EXISTS `wy_bse_template_parm`;
/*!40101 SET @saved_cs_client     = @@character_set_client */;
/*!40101 SET character_set_client = utf8 */;
CREATE TABLE `wy_bse_template_parm` (
  `id` int(11) NOT NULL AUTO_INCREMENT,
  `type` tinyint(4) NOT NULL DEFAULT '1' COMMENT '1合同 2 账单',
  `parm_type` varchar(32) NOT NULL DEFAULT '' COMMENT '变量类型',
  `parm_name` varchar(32) NOT NULL DEFAULT '' COMMENT '变量名称',
  `remark` varchar(256) DEFAULT '' COMMENT '备注',
  `created_at` datetime DEFAULT NULL COMMENT '创建时间',
  `updated_at` datetime DEFAULT NULL COMMENT '更新时间',
  `deleted_at` datetime DEFAULT NULL COMMENT '删除时间',
  PRIMARY KEY (`id`),
  UNIQUE KEY `parm_name` (`parm_name`)
) ENGINE=InnoDB AUTO_INCREMENT=48 DEFAULT CHARSET=utf8;
/*!40101 SET character_set_client = @saved_cs_client */;

--
-- Dumping data for table `wy_bse_template_parm`
--

LOCK TABLES `wy_bse_template_parm` WRITE;
/*!40000 ALTER TABLE `wy_bse_template_parm` DISABLE KEYS */;
INSERT INTO `wy_bse_template_parm` VALUES (1,1,'合同','${合同编号}','',NULL,NULL,NULL),(5,1,'合同','${签约年月日}','2020年1月1号',NULL,NULL,NULL),(6,1,'合同','${租赁用途}','办公/商业',NULL,NULL,NULL),(7,1,'合同','${租赁周期月}','24',NULL,NULL,NULL),(8,1,'合同','${租赁开始年月日}','2020年1月1号',NULL,NULL,NULL),(9,1,'合同','${租赁结束年月日}','2020年10月1号',NULL,NULL,NULL),(10,1,'收款账户','${押金收款年月日}','2020年10月1号',NULL,NULL,NULL),(11,1,'租户信息','${租户名称}','',NULL,NULL,NULL),(12,1,'租户信息','${租户法人}','',NULL,NULL,NULL),(13,1,'租户信息','${租户签约人}','',NULL,NULL,NULL),(14,1,'租赁信息','${计租面积}','',NULL,NULL,NULL),(15,1,'租赁信息','${租赁押金金额}','',NULL,NULL,NULL),(16,1,'租赁信息','${租金单价}','',NULL,NULL,NULL),(17,1,'租赁信息','${租金月金额}','',NULL,NULL,NULL),(18,1,'租赁信息','${管理费单价}','',NULL,NULL,NULL),(19,1,'租赁信息','${管理费月金额}','',NULL,NULL,NULL),(20,1,'收款账户','${管理费收款账户}','',NULL,NULL,NULL),(21,1,'收款账户','${管理费收款账户名称}','',NULL,NULL,NULL),(22,1,'收款账户','${管理费收款账户银行}','',NULL,NULL,NULL),(23,1,'收款账户','${租金收款账户}','',NULL,NULL,NULL),(24,1,'收款账户','${租金收款账户名称}','',NULL,NULL,NULL),(25,1,'收款账户','${租金收款账户银行}','',NULL,NULL,NULL),(26,1,'租赁信息','${楼栋信息}','',NULL,NULL,NULL),(27,1,'房间信息','${楼层房号}',NULL,NULL,NULL,NULL),(29,1,'租赁信息','${免租类型}','按月免租 /按天免租',NULL,NULL,NULL),(30,1,'租赁信息','${免租金额}',NULL,NULL,NULL,NULL),(32,1,'租赁信息','${租金月金额大写}','',NULL,NULL,NULL),(33,1,'租赁信息','${管理费月金额大写}','',NULL,NULL,NULL),(34,1,'租赁信息','${免租时间段}','自2020年1月1号起至2020年1月31号结束；',NULL,NULL,NULL),(35,1,'合同','${租赁周期年}','',NULL,NULL,NULL),(36,2,'能耗','${水费金额}','',NULL,NULL,NULL),(37,2,'能耗','${电费金额}','',NULL,NULL,NULL),(38,2,'租金','${租金金额}','',NULL,NULL,NULL),(39,2,'管理费','${管理费金额}','',NULL,NULL,NULL),(40,2,'管理费','${其他费用}','',NULL,NULL,NULL),(41,2,'管理费','${工程维修费}','',NULL,NULL,NULL),(42,2,'能耗','${电费单价}','',NULL,NULL,NULL),(43,2,'能耗','${水费单价}','',NULL,NULL,NULL),(44,2,'能耗','${水用量}','',NULL,NULL,NULL),(45,2,'能耗','${电用量}','',NULL,NULL,NULL),(46,2,'租金','${租金备注}','',NULL,NULL,NULL),(47,2,'管理费','${管理费备注}','',NULL,NULL,NULL);
/*!40000 ALTER TABLE `wy_bse_template_parm` ENABLE KEYS */;
UNLOCK TABLES;

--
-- Table structure for table `wy_bse_tenant`
--

DROP TABLE IF EXISTS `wy_bse_tenant`;
/*!40101 SET @saved_cs_client     = @@character_set_client */;
/*!40101 SET character_set_client = utf8 */;
CREATE TABLE `wy_bse_tenant` (
  `id` int(11) NOT NULL AUTO_INCREMENT,
  `company_id` int(11) NOT NULL DEFAULT '0' COMMENT '公司id',
  `proj_id` int(11) NOT NULL DEFAULT '0' COMMENT '项目ID',
  `tenant_no` varchar(128) NOT NULL DEFAULT '' COMMENT '租户编号',
  `name` varchar(128) NOT NULL COMMENT '租户名称',
  `business_id` int(11) DEFAULT '0' COMMENT '工商信息id',
  `checkin_time` date DEFAULT NULL COMMENT '入住时间',
  `industry` varchar(64) DEFAULT '' COMMENT '行业',
  `level` varchar(32) DEFAULT '' COMMENT '租户级别',
  `on_rent` int(11) DEFAULT '0' COMMENT '是否在租1是0否',
  `nature` varchar(32) DEFAULT '' COMMENT '性质',
  `worker_num` varchar(8) DEFAULT '' COMMENT '员工人数',
  `remark` varchar(1024) DEFAULT '' COMMENT '备注',
  `heating_area` decimal(8,2) DEFAULT '0.00' COMMENT '取暖面积',
  `heating_amount` decimal(11,2) DEFAULT '0.00' COMMENT '取暖金额',
  `pay_method` tinyint(4) NOT NULL DEFAULT '1' COMMENT '支付周期',
  `c_uid` int(11) DEFAULT '0' COMMENT '新增用户ID',
  `u_uid` int(11) DEFAULT '0' COMMENT '更新用户ID',
  `created_at` datetime DEFAULT NULL,
  `updated_at` datetime DEFAULT NULL,
  PRIMARY KEY (`id`),
  KEY `idx_cus_id` (`company_id`,`name`)
) ENGINE=InnoDB AUTO_INCREMENT=6 DEFAULT CHARSET=utf8;
/*!40101 SET character_set_client = @saved_cs_client */;

--
-- Dumping data for table `wy_bse_tenant`
--

LOCK TABLES `wy_bse_tenant` WRITE;
/*!40000 ALTER TABLE `wy_bse_tenant` DISABLE KEYS */;
INSERT INTO `wy_bse_tenant` VALUES (5,1,1,'100032','北京玄墨科技有限公司',2,'0000-00-00','','',1,'','0','',0.00,0.00,0,1,1,'2021-05-19 10:02:04','2021-05-19 10:25:46');
/*!40000 ALTER TABLE `wy_bse_tenant` ENABLE KEYS */;
UNLOCK TABLES;

--
-- Table structure for table `wy_bse_tenant_bill`
--

DROP TABLE IF EXISTS `wy_bse_tenant_bill`;
/*!40101 SET @saved_cs_client     = @@character_set_client */;
/*!40101 SET character_set_client = utf8 */;
CREATE TABLE `wy_bse_tenant_bill` (
  `id` int(11) NOT NULL AUTO_INCREMENT,
  `company_id` int(11) NOT NULL DEFAULT '0' COMMENT '公司ID',
  `cus_id` int(11) NOT NULL DEFAULT '0' COMMENT '客户ID',
  `cus_name` varchar(64) NOT NULL DEFAULT '' COMMENT '租户名称',
  `charge_date` date DEFAULT '0000-00-00' COMMENT '收款时间',
  `charge_amount` decimal(11,2) DEFAULT '0.00' COMMENT '收款金额',
  `bank_id` int(11) NOT NULL DEFAULT '0' COMMENT '租金收款账号ID',
  `audit_user` varchar(32) DEFAULT NULL COMMENT '审核人',
  `audit_uid` int(32) DEFAULT '0' COMMENT '审核人ID',
  `remark` varchar(128) DEFAULT '' COMMENT '备注',
  `c_uid` int(11) DEFAULT '0',
  `u_uid` int(11) DEFAULT '0',
  `created_at` datetime DEFAULT NULL,
  `updated_at` datetime DEFAULT NULL,
  `deleted_at` datetime DEFAULT NULL,
  PRIMARY KEY (`id`),
  KEY `company_id` (`company_id`,`cus_id`)
) ENGINE=InnoDB DEFAULT CHARSET=utf8;
/*!40101 SET character_set_client = @saved_cs_client */;

--
-- Dumping data for table `wy_bse_tenant_bill`
--

LOCK TABLES `wy_bse_tenant_bill` WRITE;
/*!40000 ALTER TABLE `wy_bse_tenant_bill` DISABLE KEYS */;
/*!40000 ALTER TABLE `wy_bse_tenant_bill` ENABLE KEYS */;
UNLOCK TABLES;

--
-- Table structure for table `wy_bse_tenant_bill_detail`
--

DROP TABLE IF EXISTS `wy_bse_tenant_bill_detail`;
/*!40101 SET @saved_cs_client     = @@character_set_client */;
/*!40101 SET character_set_client = utf8 */;
CREATE TABLE `wy_bse_tenant_bill_detail` (
  `id` int(11) NOT NULL AUTO_INCREMENT,
  `company_id` int(11) NOT NULL DEFAULT '0' COMMENT '公司ID',
  `tenant_id` int(11) NOT NULL DEFAULT '0' COMMENT '客户ID',
  `bill_id` int(11) NOT NULL DEFAULT '0' COMMENT '表头id',
  `type` tinyint(4) DEFAULT '1' COMMENT '1收款，2付款',
  `fee_type` varchar(16) NOT NULL DEFAULT '' COMMENT '类型',
  `amount` decimal(11,2) NOT NULL DEFAULT '0.00' COMMENT '金额',
  `receive_date` date DEFAULT NULL COMMENT '收款日期',
  `receive_amount` decimal(11,2) DEFAULT '0.00' COMMENT '收款金额',
  `remark` varchar(256) DEFAULT NULL COMMENT '备注',
  `c_uid` int(11) DEFAULT '0',
  `u_uid` int(11) DEFAULT '0',
  `created_at` datetime DEFAULT NULL,
  `updated_at` datetime DEFAULT NULL,
  `deleted_at` datetime DEFAULT NULL,
  PRIMARY KEY (`id`),
  KEY `company_id` (`company_id`,`tenant_id`),
  KEY `cus_id` (`tenant_id`,`fee_type`)
) ENGINE=InnoDB DEFAULT CHARSET=utf8;
/*!40101 SET character_set_client = @saved_cs_client */;

--
-- Dumping data for table `wy_bse_tenant_bill_detail`
--

LOCK TABLES `wy_bse_tenant_bill_detail` WRITE;
/*!40000 ALTER TABLE `wy_bse_tenant_bill_detail` DISABLE KEYS */;
/*!40000 ALTER TABLE `wy_bse_tenant_bill_detail` ENABLE KEYS */;
UNLOCK TABLES;

--
-- Table structure for table `wy_bse_tenant_invoice`
--

DROP TABLE IF EXISTS `wy_bse_tenant_invoice`;
/*!40101 SET @saved_cs_client     = @@character_set_client */;
/*!40101 SET character_set_client = utf8 */;
CREATE TABLE `wy_bse_tenant_invoice` (
  `id` int(11) NOT NULL AUTO_INCREMENT,
  `tenant_id` int(11) NOT NULL DEFAULT '0' COMMENT '客户ID',
  `title` varchar(128) DEFAULT NULL,
  `bank_name` varchar(128) NOT NULL DEFAULT '' COMMENT '开户行',
  `account_name` varchar(128) NOT NULL DEFAULT '' COMMENT '账户名',
  `tax_number` varchar(64) NOT NULL DEFAULT '' COMMENT '纳税人识别号',
  `addr` varchar(256) DEFAULT '' COMMENT '开票地址',
  `tel_number` varchar(32) DEFAULT '' COMMENT '电话',
  `invoice_type` varchar(32) DEFAULT '' COMMENT '发票类型',
  `c_uid` int(11) NOT NULL DEFAULT '0',
  `u_uid` int(11) NOT NULL DEFAULT '0',
  `created_at` datetime DEFAULT NULL,
  `updated_at` datetime DEFAULT NULL,
  PRIMARY KEY (`id`),
  KEY `cus_id` (`tenant_id`)
) ENGINE=InnoDB AUTO_INCREMENT=2 DEFAULT CHARSET=utf8;
/*!40101 SET character_set_client = @saved_cs_client */;

--
-- Dumping data for table `wy_bse_tenant_invoice`
--

LOCK TABLES `wy_bse_tenant_invoice` WRITE;
/*!40000 ALTER TABLE `wy_bse_tenant_invoice` DISABLE KEYS */;
INSERT INTO `wy_bse_tenant_invoice` VALUES (1,5,'北京玄墨科技有限公司','招商','110002','110002','112222222','010-85868787','增值税专用发票',1,1,NULL,'2021-05-19 10:25:46');
/*!40000 ALTER TABLE `wy_bse_tenant_invoice` ENABLE KEYS */;
UNLOCK TABLES;

--
-- Table structure for table `wy_bse_tenant_leaseback`
--

DROP TABLE IF EXISTS `wy_bse_tenant_leaseback`;
/*!40101 SET @saved_cs_client     = @@character_set_client */;
/*!40101 SET character_set_client = utf8 */;
CREATE TABLE `wy_bse_tenant_leaseback` (
  `id` int(11) NOT NULL AUTO_INCREMENT,
  `tenant_id` int(11) NOT NULL DEFAULT '0' COMMENT '客户ID',
  `contract_id` int(11) NOT NULL DEFAULT '0' COMMENT '合同ID',
  `leaseback_date` date NOT NULL COMMENT '退租日期',
  `regaddr_change_date` date DEFAULT NULL COMMENT '注册地址变更',
  `reason` varchar(128) NOT NULL COMMENT '退租原因',
  `type` tinyint(4) DEFAULT '1' COMMENT '1正常退租，2提前退租',
  `is_settle` tinyint(4) NOT NULL DEFAULT '1' COMMENT '退租时间',
  `rental_deposit_back` decimal(10,2) DEFAULT '0.00' COMMENT '退租金押金',
  `manager_deposit_back` decimal(10,2) DEFAULT '0.00' COMMENT '退管理费押金',
  `remark` varchar(512) DEFAULT '' COMMENT '备注',
  `c_uid` int(11) DEFAULT '0',
  `u_uid` int(11) DEFAULT '0',
  `created_at` datetime DEFAULT NULL,
  `updated_at` datetime DEFAULT NULL,
  `deleted_at` datetime DEFAULT NULL,
  PRIMARY KEY (`id`),
  KEY `contract_id` (`contract_id`)
) ENGINE=InnoDB AUTO_INCREMENT=3 DEFAULT CHARSET=utf8;
/*!40101 SET character_set_client = @saved_cs_client */;

--
-- Dumping data for table `wy_bse_tenant_leaseback`
--

LOCK TABLES `wy_bse_tenant_leaseback` WRITE;
/*!40000 ALTER TABLE `wy_bse_tenant_leaseback` DISABLE KEYS */;
INSERT INTO `wy_bse_tenant_leaseback` VALUES (1,1,1,'2020-07-15','2020-07-15','价格因素',1,1,1000.00,1000.00,'退1000 押金',2,2,NULL,NULL,NULL),(2,5,19,'2020-12-04','2020-12-04','其他',1,0,1.00,1.00,'',14,14,'2020-12-04 15:06:06','2020-12-04 15:06:06',NULL);
/*!40000 ALTER TABLE `wy_bse_tenant_leaseback` ENABLE KEYS */;
UNLOCK TABLES;

--
-- Table structure for table `wy_bse_tenant_share`
--

DROP TABLE IF EXISTS `wy_bse_tenant_share`;
/*!40101 SET @saved_cs_client     = @@character_set_client */;
/*!40101 SET character_set_client = utf8 */;
CREATE TABLE `wy_bse_tenant_share` (
  `id` int(11) NOT NULL AUTO_INCREMENT,
  `tenant_id` int(11) NOT NULL DEFAULT '0' COMMENT '租户id',
  `contract_id` int(11) NOT NULL DEFAULT '0' COMMENT '合同ID',
  `fee_type` tinyint(4) NOT NULL DEFAULT '0' COMMENT '分摊费用类型',
  `share_type` tinyint(4) NOT NULL DEFAULT '1' COMMENT '1面积2比例',
  `share_num` decimal(11,2) NOT NULL DEFAULT '0.00' COMMENT '分摊数量',
  `sign_area` decimal(11,2) NOT NULL DEFAULT '0.00' COMMENT '签约面积',
  `sign_date` datetime DEFAULT NULL COMMENT '签约日期',
  `start_date` datetime DEFAULT NULL COMMENT '开始日期',
  `end_date` datetime DEFAULT NULL COMMENT '结束日期',
  `rental_price` decimal(11,2) NOT NULL DEFAULT '0.00' COMMENT '签约单价',
  `rental_price_type` tinyint(4) NOT NULL DEFAULT '1' COMMENT '1按天2 按月',
  `management_price` decimal(11,2) NOT NULL DEFAULT '0.00' COMMENT '管理费单价',
  `room_type` tinyint(4) NOT NULL DEFAULT '1' COMMENT '1房源2工位',
  `created_at` datetime DEFAULT NULL,
  `updated_at` datetime DEFAULT NULL,
  `deleted_at` datetime DEFAULT NULL,
  `c_uid` int(11) DEFAULT NULL COMMENT '创建人',
  `u_uid` int(11) DEFAULT NULL COMMENT '更新人',
  PRIMARY KEY (`id`),
  KEY `idx_tenant_id` (`tenant_id`),
  KEY `contract_id` (`contract_id`)
) ENGINE=InnoDB AUTO_INCREMENT=2 DEFAULT CHARSET=utf8;
/*!40101 SET character_set_client = @saved_cs_client */;

--
-- Dumping data for table `wy_bse_tenant_share`
--

LOCK TABLES `wy_bse_tenant_share` WRITE;
/*!40000 ALTER TABLE `wy_bse_tenant_share` DISABLE KEYS */;
INSERT INTO `wy_bse_tenant_share` VALUES (1,5,11,0,1,1000.00,1000.00,NULL,NULL,NULL,0.00,1,0.00,1,'2021-05-19 10:02:04','2021-05-19 10:02:04',NULL,NULL,NULL);
/*!40000 ALTER TABLE `wy_bse_tenant_share` ENABLE KEYS */;
UNLOCK TABLES;

--
-- Table structure for table `wy_bse_user_profile`
--

DROP TABLE IF EXISTS `wy_bse_user_profile`;
/*!40101 SET @saved_cs_client     = @@character_set_client */;
/*!40101 SET character_set_client = utf8 */;
CREATE TABLE `wy_bse_user_profile` (
  `user_id` int(11) NOT NULL COMMENT '用户id',
  `default_proj_id` int(11) NOT NULL DEFAULT '0' COMMENT '用户默认选择的项目ID',
  `page_rows` smallint(6) NOT NULL DEFAULT '15' COMMENT '用户每页显示行数',
  `created_at` datetime DEFAULT NULL,
  `updated_at` datetime DEFAULT NULL,
  PRIMARY KEY (`user_id`)
) ENGINE=InnoDB DEFAULT CHARSET=utf8;
/*!40101 SET character_set_client = @saved_cs_client */;

--
-- Dumping data for table `wy_bse_user_profile`
--

LOCK TABLES `wy_bse_user_profile` WRITE;
/*!40000 ALTER TABLE `wy_bse_user_profile` DISABLE KEYS */;
INSERT INTO `wy_bse_user_profile` VALUES (1,1,15,'2020-07-18 13:24:58','2021-05-19 23:50:06'),(2,1,15,'2020-07-18 09:59:35','2021-05-16 14:04:17'),(12,5,15,'2020-07-20 11:39:57','2020-07-20 11:39:57'),(13,1,15,'2020-11-25 15:38:44','2020-11-25 15:38:44'),(14,1,15,'2020-11-25 15:49:23','2020-11-25 15:49:27');
/*!40000 ALTER TABLE `wy_bse_user_profile` ENABLE KEYS */;
UNLOCK TABLES;

--
-- Table structure for table `wy_bse_venue`
--

DROP TABLE IF EXISTS `wy_bse_venue`;
/*!40101 SET @saved_cs_client     = @@character_set_client */;
/*!40101 SET character_set_client = utf8 */;
CREATE TABLE `wy_bse_venue` (
  `id` int(11) NOT NULL AUTO_INCREMENT,
  `company_id` int(11) NOT NULL DEFAULT '0' COMMENT '公司ID',
  `proj_id` int(11) NOT NULL DEFAULT '0' COMMENT '项目ID',
  `proj_name` varchar(128) DEFAULT NULL COMMENT '项目名称',
  `venue_name` varchar(32) NOT NULL DEFAULT '' COMMENT '名称',
  `venue_addr` varchar(256) DEFAULT NULL COMMENT '地址',
  `venue_area` varchar(16) DEFAULT NULL COMMENT '面积',
  `venue_capacity` int(11) DEFAULT '0' COMMENT '容纳人数',
  `venue_price` varchar(16) DEFAULT NULL COMMENT '参考价格 天',
  `venue_content` varchar(4096) DEFAULT NULL COMMENT '内容',
  `venue_facility` varchar(4096) DEFAULT NULL COMMENT '场馆设施',
  `venue_pic` varchar(2048) DEFAULT NULL COMMENT '场馆图片地址',
  `remark` varchar(1024) DEFAULT NULL COMMENT '备注',
  `is_vaild` tinyint(4) DEFAULT '1' COMMENT '0禁用1启用',
  `c_uid` int(11) NOT NULL DEFAULT '0',
  `u_uid` int(11) NOT NULL DEFAULT '0',
  `created_at` timestamp NULL DEFAULT NULL,
  `updated_at` timestamp NULL DEFAULT NULL,
  `deleted_at` timestamp NULL DEFAULT NULL,
  PRIMARY KEY (`id`),
  KEY `company_id` (`company_id`,`venue_name`),
  KEY `idx_projId` (`company_id`,`proj_id`)
) ENGINE=InnoDB AUTO_INCREMENT=2 DEFAULT CHARSET=utf8;
/*!40101 SET character_set_client = @saved_cs_client */;

--
-- Dumping data for table `wy_bse_venue`
--

LOCK TABLES `wy_bse_venue` WRITE;
/*!40000 ALTER TABLE `wy_bse_venue` DISABLE KEYS */;
INSERT INTO `wy_bse_venue` VALUES (1,1,1,'智慧园区','会场',NULL,'1000',500,'1000','','','1/business/20200731/Rj0aaVPK9axcHnmlFy2aqdss52v5Qaiww8BwB7n0.png','',1,2,2,'2020-07-15 02:12:25','2020-07-31 05:52:20',NULL);
/*!40000 ALTER TABLE `wy_bse_venue` ENABLE KEYS */;
UNLOCK TABLES;

--
-- Table structure for table `wy_bse_venue_book`
--

DROP TABLE IF EXISTS `wy_bse_venue_book`;
/*!40101 SET @saved_cs_client     = @@character_set_client */;
/*!40101 SET character_set_client = utf8 */;
CREATE TABLE `wy_bse_venue_book` (
  `id` int(11) NOT NULL AUTO_INCREMENT,
  `company_id` int(11) NOT NULL DEFAULT '0' COMMENT '公司ID',
  `venue_id` int(11) NOT NULL DEFAULT '0' COMMENT '场馆ID',
  `activity_type` varchar(32) NOT NULL DEFAULT '' COMMENT '活动类型',
  `activity_type_id` tinyint(4) NOT NULL DEFAULT '0' COMMENT '活动类型ID',
  `start_date` date DEFAULT NULL COMMENT '预定时间',
  `end_date` date DEFAULT NULL COMMENT '预定时间',
  `person_num` varchar(10) DEFAULT NULL COMMENT '预计活动人数',
  `period` tinyint(4) NOT NULL DEFAULT '0' COMMENT '预定时长天为单位',
  `price` decimal(10,2) NOT NULL DEFAULT '0.00' COMMENT '预定单价',
  `is_deposit` tinyint(4) DEFAULT '0' COMMENT '1缴纳 0 没有缴纳',
  `deposit_amount` decimal(11,2) DEFAULT '0.00' COMMENT '押金金额',
  `cus_id` int(11) DEFAULT '0' COMMENT '预定客户ID',
  `cus_name` varchar(128) DEFAULT NULL COMMENT '预定公司',
  `contact_user` varchar(32) DEFAULT NULL COMMENT '预定人',
  `contact_phone` varchar(32) DEFAULT '' COMMENT '预定人电话',
  `state` tinyint(4) DEFAULT '1' COMMENT '预定状态1预定中2已确定 3已结算，99 取消预定',
  `cancel_reason` varchar(512) DEFAULT NULL COMMENT '预定取消原因',
  `cancel_date` date DEFAULT NULL COMMENT '取消时间',
  `settle_amount` decimal(10,2) DEFAULT NULL COMMENT '结算金额',
  `settle_date` date DEFAULT NULL COMMENT '结算日期',
  `contract` varchar(128) DEFAULT NULL COMMENT '合同名称',
  `settle_username` varchar(16) DEFAULT '' COMMENT '结算人',
  `pic` varchar(1024) DEFAULT NULL COMMENT '活动图片',
  `remark` varchar(512) DEFAULT '' COMMENT '备注',
  `belong_uid` int(11) DEFAULT '0' COMMENT '归属人id',
  `belong_person` varchar(32) DEFAULT NULL COMMENT '归属人',
  `c_uid` int(11) NOT NULL DEFAULT '0',
  `c_username` varchar(64) NOT NULL DEFAULT '' COMMENT '插入人',
  `u_uid` int(11) NOT NULL DEFAULT '0',
  `created_at` datetime DEFAULT NULL,
  `updated_at` datetime DEFAULT NULL,
  PRIMARY KEY (`id`),
  KEY `company_id` (`company_id`,`activity_type`),
  KEY `start_date` (`start_date`,`end_date`)
) ENGINE=InnoDB AUTO_INCREMENT=6 DEFAULT CHARSET=utf8;
/*!40101 SET character_set_client = @saved_cs_client */;

--
-- Dumping data for table `wy_bse_venue_book`
--

LOCK TABLES `wy_bse_venue_book` WRITE;
/*!40000 ALTER TABLE `wy_bse_venue_book` DISABLE KEYS */;
INSERT INTO `wy_bse_venue_book` VALUES (1,1,1,'商业活动',1,'2020-07-20','2020-07-21','200',0,10000.00,1,1000.00,1,'北京中软星图信息技术有限公司','','',2,NULL,NULL,21000.00,'2020-07-15','','李振华','','',2,'李振华',2,'李振华',0,'2020-07-15 10:37:51','2020-07-15 10:38:30'),(2,1,1,'商业活动',1,'2020-07-15','2020-07-17','60',0,5000.00,1,2000.00,4,'常州美好健康管理咨询有限公司','白琦','13245678901',1,NULL,NULL,NULL,NULL,NULL,'',NULL,'',2,'李振华',2,'李振华',0,'2020-07-15 15:15:56','2020-07-15 15:15:56'),(3,1,1,'商业活动',1,'2020-07-16','2020-07-17','343',0,1214.00,1,1211213.00,1,'北京中软星图信息技术有限公司','','',1,NULL,NULL,NULL,NULL,NULL,'',NULL,'',2,'李振华',2,'李振华',0,'2020-07-15 15:16:21','2020-07-15 15:16:21'),(4,1,1,'商业活动',1,'2020-07-14','2020-08-11','23123',0,1213.00,1,123123.00,1,'北京中软星图信息技术有限公司','','',1,NULL,NULL,NULL,NULL,NULL,'',NULL,'',2,'李振华',2,'李振华',0,'2020-07-15 15:16:59','2020-07-15 15:16:59'),(5,1,1,'商业活动',1,'2021-05-17','2021-05-20','500',0,10000.00,1,10000.00,1,'北京中软星图信息技术有限公司','lizhenhua','18500387771',2,NULL,NULL,11000.00,'2021-05-17','','薛伟','','',2,'李振华',2,'李振华',0,'2021-05-16 13:43:09','2021-05-17 22:22:10');
/*!40000 ALTER TABLE `wy_bse_venue_book` ENABLE KEYS */;
UNLOCK TABLES;

--
-- Table structure for table `wy_bse_venue_settle`
--

DROP TABLE IF EXISTS `wy_bse_venue_settle`;
/*!40101 SET @saved_cs_client     = @@character_set_client */;
/*!40101 SET character_set_client = utf8 */;
CREATE TABLE `wy_bse_venue_settle` (
  `id` int(11) NOT NULL AUTO_INCREMENT,
  `cus_id` int(11) NOT NULL DEFAULT '0' COMMENT '客户id',
  `venue_id` int(11) NOT NULL DEFAULT '0' COMMENT '场馆ID',
  `book_id` int(11) NOT NULL DEFAULT '0' COMMENT '场馆预定ID',
  `fee_type` varchar(32) NOT NULL DEFAULT '' COMMENT '费用类型',
  `amount` decimal(11,2) DEFAULT '0.00' COMMENT '费用金额',
  `remark` varchar(512) DEFAULT '' COMMENT '备注',
  `created_at` datetime DEFAULT NULL,
  `updated_at` datetime DEFAULT NULL,
  PRIMARY KEY (`id`),
  KEY `cus_id` (`cus_id`),
  KEY `venue_id` (`venue_id`),
  KEY `book_id` (`book_id`)
) ENGINE=InnoDB AUTO_INCREMENT=5 DEFAULT CHARSET=utf8;
/*!40101 SET character_set_client = @saved_cs_client */;

--
-- Dumping data for table `wy_bse_venue_settle`
--

LOCK TABLES `wy_bse_venue_settle` WRITE;
/*!40000 ALTER TABLE `wy_bse_venue_settle` DISABLE KEYS */;
INSERT INTO `wy_bse_venue_settle` VALUES (1,1,1,1,'租金',20000.00,'一天1w','2020-07-15 10:38:30',NULL),(2,1,1,1,'其他',1000.00,'','2020-07-15 10:38:30',NULL),(3,1,1,5,'租金',10000.00,'','2021-05-17 22:22:10',NULL),(4,1,1,5,'水费',1000.00,'','2021-05-17 22:22:10',NULL);
/*!40000 ALTER TABLE `wy_bse_venue_settle` ENABLE KEYS */;
UNLOCK TABLES;

--
-- Table structure for table `wy_bse_work_order`
--

DROP TABLE IF EXISTS `wy_bse_work_order`;
/*!40101 SET @saved_cs_client     = @@character_set_client */;
/*!40101 SET character_set_client = utf8 */;
CREATE TABLE `wy_bse_work_order` (
  `id` int(11) NOT NULL AUTO_INCREMENT,
  `order_no` varchar(64) DEFAULT NULL COMMENT '单号',
  `company_id` int(11) NOT NULL DEFAULT '0' COMMENT '公司id',
  `proj_id` int(11) NOT NULL DEFAULT '0' COMMENT '项目id',
  `open_time` datetime DEFAULT NULL COMMENT '开单日期',
  `tenant_id` int(11) NOT NULL DEFAULT '0' COMMENT '租户ID',
  `tenant_name` varchar(128) DEFAULT NULL COMMENT '商（租）户名称',
  `building_floor_room` varchar(256) DEFAULT NULL COMMENT '楼号',
  `position` varchar(128) DEFAULT NULL COMMENT '维修区域',
  `open_person` varchar(32) DEFAULT NULL COMMENT '报修人',
  `open_phone` varchar(32) DEFAULT NULL COMMENT '报修人手机号',
  `repair_goods` varchar(256) DEFAULT NULL COMMENT '报修物品',
  `repair_content` varchar(2048) DEFAULT NULL COMMENT '报修内容',
  `pic` varchar(1024) DEFAULT NULL COMMENT '报修图片',
  `order_time` datetime DEFAULT NULL COMMENT '接单时间',
  `order_person` varchar(32) DEFAULT NULL COMMENT '接单人',
  `process_result` varchar(1024) DEFAULT NULL COMMENT '处理结果',
  `maintenance_pic` varchar(1024) DEFAULT NULL COMMENT '维修图片',
  `return_time` datetime DEFAULT NULL COMMENT '返单时间',
  `time_used` varchar(8) DEFAULT NULL COMMENT '所用时长小时',
  `charge_amount` decimal(8,2) NOT NULL DEFAULT '0.00' COMMENT '收费金额',
  `engineering_type` varchar(50) DEFAULT NULL COMMENT '工程专业分类',
  `order_source` varchar(50) DEFAULT NULL COMMENT '单据来源；微信小程序 微信 电话',
  `remark` varchar(512) DEFAULT NULL COMMENT '备注',
  `status` tinyint(4) DEFAULT '1' COMMENT '状态： 1开单 2 接单  3 完成 4 关闭',
  `is_vaild` tinyint(4) DEFAULT '1' COMMENT '状态：1 有效；0撤单',
  `is_notice` varchar(10) DEFAULT NULL COMMENT '是否短信通知',
  `feedback` varchar(1000) DEFAULT NULL COMMENT '保修人反馈',
  `feedback_rate` smallint(6) DEFAULT '0' COMMENT '保修人评分',
  `c_uid` int(11) NOT NULL DEFAULT '0',
  `u_uid` int(11) NOT NULL DEFAULT '0',
  `created_at` datetime DEFAULT NULL COMMENT '创建时间',
  `updated_at` datetime DEFAULT NULL COMMENT '更新时间',
  `order_uid` int(11) DEFAULT NULL COMMENT '接单人ID',
  PRIMARY KEY (`id`),
  KEY `idx_com_cus_id` (`company_id`,`tenant_id`)
) ENGINE=InnoDB AUTO_INCREMENT=2 DEFAULT CHARSET=utf8 COMMENT='工单';
/*!40101 SET character_set_client = @saved_cs_client */;

--
-- Dumping data for table `wy_bse_work_order`
--

LOCK TABLES `wy_bse_work_order` WRITE;
/*!40000 ALTER TABLE `wy_bse_work_order` DISABLE KEYS */;
INSERT INTO `wy_bse_work_order` VALUES (1,'2020071517551157',1,1,'2021-05-17 23:53:58',0,'公区','','12122121','','',NULL,'路灯坏啦','','2021-05-18 00:00:00','薛伟',NULL,NULL,NULL,NULL,0.00,NULL,'微信',NULL,99,1,NULL,NULL,0,2,1,'2020-07-15 17:55:11','2021-05-18 00:08:45',1);
/*!40000 ALTER TABLE `wy_bse_work_order` ENABLE KEYS */;
UNLOCK TABLES;

--
-- Table structure for table `wy_bse_workorder_log`
--

DROP TABLE IF EXISTS `wy_bse_workorder_log`;
/*!40101 SET @saved_cs_client     = @@character_set_client */;
/*!40101 SET character_set_client = utf8 */;
CREATE TABLE `wy_bse_workorder_log` (
  `id` int(11) NOT NULL AUTO_INCREMENT,
  `workorder_id` int(11) NOT NULL,
  `status` int(11) DEFAULT NULL,
  `c_username` varchar(128) DEFAULT '' COMMENT '处理人',
  `remark` varchar(500) DEFAULT NULL COMMENT '备注',
  `created_at` datetime DEFAULT NULL COMMENT '创建时间',
  `c_uid` int(11) DEFAULT NULL COMMENT '创建人',
  `updated_at` datetime DEFAULT NULL COMMENT '更新时间',
  `u_uid` int(11) DEFAULT NULL COMMENT '更新人',
  PRIMARY KEY (`id`)
) ENGINE=InnoDB AUTO_INCREMENT=9 DEFAULT CHARSET=utf8;
/*!40101 SET character_set_client = @saved_cs_client */;

--
-- Dumping data for table `wy_bse_workorder_log`
--

LOCK TABLES `wy_bse_workorder_log` WRITE;
/*!40000 ALTER TABLE `wy_bse_workorder_log` DISABLE KEYS */;
INSERT INTO `wy_bse_workorder_log` VALUES (1,1,0,'薛伟',NULL,'2021-05-17 23:53:58',1,'2021-05-17 23:53:58',NULL),(2,1,0,'薛伟',NULL,'2021-05-17 23:55:14',1,'2021-05-17 23:55:14',NULL),(3,1,0,'薛伟',NULL,'2021-05-18 00:00:12',1,'2021-05-18 00:00:12',NULL),(4,1,0,'薛伟',NULL,'2021-05-18 00:01:04',1,'2021-05-18 00:01:04',NULL),(5,1,0,'薛伟',NULL,'2021-05-18 00:02:00',1,'2021-05-18 00:02:00',NULL),(6,1,0,'薛伟',NULL,'2021-05-18 00:04:26',1,'2021-05-18 00:04:26',NULL),(7,1,1,'薛伟',NULL,'2021-05-18 00:06:32',1,'2021-05-18 00:06:32',NULL),(8,1,99,'薛伟',NULL,'2021-05-18 00:08:45',1,'2021-05-18 00:08:45',NULL);
/*!40000 ALTER TABLE `wy_bse_workorder_log` ENABLE KEYS */;
UNLOCK TABLES;

--
-- Table structure for table `wy_failed_jobs`
--

DROP TABLE IF EXISTS `wy_failed_jobs`;
/*!40101 SET @saved_cs_client     = @@character_set_client */;
/*!40101 SET character_set_client = utf8 */;
CREATE TABLE `wy_failed_jobs` (
  `id` bigint(20) unsigned NOT NULL AUTO_INCREMENT,
  `connection` text COLLATE utf8_unicode_ci NOT NULL,
  `queue` text COLLATE utf8_unicode_ci NOT NULL,
  `payload` longtext COLLATE utf8_unicode_ci NOT NULL,
  `exception` longtext COLLATE utf8_unicode_ci NOT NULL,
  `failed_at` timestamp NOT NULL DEFAULT CURRENT_TIMESTAMP,
  PRIMARY KEY (`id`)
) ENGINE=InnoDB DEFAULT CHARSET=utf8 COLLATE=utf8_unicode_ci;
/*!40101 SET character_set_client = @saved_cs_client */;

--
-- Dumping data for table `wy_failed_jobs`
--

LOCK TABLES `wy_failed_jobs` WRITE;
/*!40000 ALTER TABLE `wy_failed_jobs` DISABLE KEYS */;
/*!40000 ALTER TABLE `wy_failed_jobs` ENABLE KEYS */;
UNLOCK TABLES;

--
-- Table structure for table `wy_migrations`
--

DROP TABLE IF EXISTS `wy_migrations`;
/*!40101 SET @saved_cs_client     = @@character_set_client */;
/*!40101 SET character_set_client = utf8 */;
CREATE TABLE `wy_migrations` (
  `id` int(10) unsigned NOT NULL AUTO_INCREMENT,
  `migration` varchar(255) COLLATE utf8_unicode_ci NOT NULL,
  `batch` int(11) NOT NULL,
  PRIMARY KEY (`id`)
) ENGINE=InnoDB AUTO_INCREMENT=10 DEFAULT CHARSET=utf8 COLLATE=utf8_unicode_ci;
/*!40101 SET character_set_client = @saved_cs_client */;

--
-- Dumping data for table `wy_migrations`
--

LOCK TABLES `wy_migrations` WRITE;
/*!40000 ALTER TABLE `wy_migrations` DISABLE KEYS */;
INSERT INTO `wy_migrations` VALUES (1,'2014_10_12_000000_create_users_table',1),(2,'2014_10_12_100000_create_password_resets_table',1),(3,'2016_01_04_173148_create_admin_tables',1),(4,'2019_08_19_000000_create_failed_jobs_table',1),(5,'2017_07_17_040159_create_config_table',2),(6,'2020_05_08_204234_create_admin_config_table',3),(7,'2020_05_10_103247_create_help_docs_table',4),(8,'2020_05_10_103324_create__help_work_table',4),(9,'2020_05_10_111740_create_wy_customer_log_table',5);
/*!40000 ALTER TABLE `wy_migrations` ENABLE KEYS */;
UNLOCK TABLES;

--
-- Table structure for table `wy_password_resets`
--

DROP TABLE IF EXISTS `wy_password_resets`;
/*!40101 SET @saved_cs_client     = @@character_set_client */;
/*!40101 SET character_set_client = utf8 */;
CREATE TABLE `wy_password_resets` (
  `email` varchar(255) COLLATE utf8_unicode_ci NOT NULL,
  `token` varchar(255) COLLATE utf8_unicode_ci NOT NULL,
  `created_at` timestamp NULL DEFAULT NULL,
  KEY `password_resets_email_index` (`email`)
) ENGINE=InnoDB DEFAULT CHARSET=utf8 COLLATE=utf8_unicode_ci;
/*!40101 SET character_set_client = @saved_cs_client */;

--
-- Dumping data for table `wy_password_resets`
--

LOCK TABLES `wy_password_resets` WRITE;
/*!40000 ALTER TABLE `wy_password_resets` DISABLE KEYS */;
/*!40000 ALTER TABLE `wy_password_resets` ENABLE KEYS */;
UNLOCK TABLES;

--
-- Table structure for table `wy_public_message`
--

DROP TABLE IF EXISTS `wy_public_message`;
/*!40101 SET @saved_cs_client     = @@character_set_client */;
/*!40101 SET character_set_client = utf8 */;
CREATE TABLE `wy_public_message` (
  `id` bigint(20) unsigned NOT NULL AUTO_INCREMENT,
  `type` tinyint(4) DEFAULT NULL COMMENT '消息类别',
  `title` varchar(200) COLLATE utf8_unicode_ci NOT NULL DEFAULT '' COMMENT '标题',
  `content` text COLLATE utf8_unicode_ci COMMENT '消息内容',
  `company_id` int(11) NOT NULL DEFAULT '0' COMMENT '公司id',
  `role_id` int(11) DEFAULT '1' COMMENT '角色id',
  `receive_uid` varchar(128) COLLATE utf8_unicode_ci DEFAULT NULL COMMENT '接收人ID',
  `sender_uid` int(11) DEFAULT NULL COMMENT '发送人id',
  `sender_username` varchar(20) CHARACTER SET utf8 DEFAULT NULL COMMENT '发送人名字',
  `created_at` timestamp NULL DEFAULT NULL,
  `updated_at` timestamp NULL DEFAULT NULL,
  `deleted_at` timestamp NULL DEFAULT NULL,
  PRIMARY KEY (`id`),
  KEY `idx_company_id_receive` (`company_id`,`receive_uid`),
  KEY `idx_sender` (`sender_uid`)
) ENGINE=InnoDB AUTO_INCREMENT=58 DEFAULT CHARSET=utf8 COLLATE=utf8_unicode_ci;
/*!40101 SET character_set_client = @saved_cs_client */;

--
-- Dumping data for table `wy_public_message`
--

LOCK TABLES `wy_public_message` WRITE;
/*!40000 ALTER TABLE `wy_public_message` DISABLE KEYS */;
INSERT INTO `wy_public_message` VALUES (1,1,'鞍山市','速度速度速度速度速度速度',1,1,'1,2,3,4',1,'2','2020-06-26 14:03:38','2020-06-26 14:03:38',NULL),(2,1,'鞍山市','速度速度速度速度速度速度',1,1,'-1',1,'1','2020-06-26 14:03:38','2020-06-26 14:03:38',NULL),(6,1,'系统通知','消息通知',0,1,'-1',2,'李振华','2020-06-26 14:03:38','2020-06-26 14:03:38',NULL),(9,1,'消息通知','消息通知24',1,1,NULL,2,'李振华','2020-06-26 14:03:47','2020-06-26 14:03:47',NULL),(10,1,'消息通知','消息通知27',1,1,NULL,2,'李振华','2020-06-26 14:03:50','2020-06-26 14:03:50',NULL),(11,1,'消息通知','消息通知28',1,1,NULL,2,'李振华','2020-06-26 14:03:54','2020-06-26 14:03:54',NULL),(12,1,'消息通知','消息通知29',1,1,NULL,2,'李振华','2020-06-26 14:03:57','2020-06-26 14:03:57',NULL),(13,2,'租户退租','北京中软星图信息技术有限公司在2020-06-27完成退租',1,1,'-1',-1,'系统消息','2020-06-27 05:34:42','2020-06-27 05:34:42',NULL),(15,2,'待办','新租户入住',1,1,'2,3,1',2,'李振华','2020-07-02 08:31:37','2020-07-02 08:31:37',NULL),(16,1,'通知消息','消息通知',1,1,'1,2,9,10,11',2,'李振华','2020-07-03 03:06:17','2020-07-03 03:06:17',NULL),(17,1,'全员培训通知','<p>全员培训通知：</p><p>    	本月全员培训,全员务必参加</p>',1,1,'1,2,8,9,10,11',1,'薛伟','2020-07-03 03:43:54','2020-07-03 03:43:54',NULL),(18,1,'通知消息','xiaoxi',1,1,'-1',1,'薛伟','2020-07-03 06:32:44','2020-07-03 06:32:44',NULL),(19,1,'test','<p>test</p>',1,1,'1,2,9,10,11',1,'薛伟','2020-07-03 08:03:34','2020-07-03 08:03:34',NULL),(20,1,'发送消息','<p>消息测试</p><p>消息发送</p>',1,1,'1,2,9,10,11',2,'李振华','2020-07-03 08:43:32','2020-07-03 08:43:32',NULL),(21,1,'新租户入住','<p>新租户入住 ，协助</p>',1,1,'1,2,9,10,11',2,'李振华','2020-07-03 08:48:39','2020-07-03 08:48:39',NULL),(22,1,'asdfasdfds','<p>asdfasdf</p>',1,1,'-1',1,'薛伟','2020-07-03 09:47:35','2020-07-03 09:47:35',NULL),(23,1,'测试消息','<p>sdfsf</p>',1,1,'1,2,8,9,10,11',1,'薛伟','2020-07-03 09:49:42','2020-07-03 09:49:42',NULL),(24,1,'test','<p>asdfsadf</p>',1,1,'-1',1,'薛伟','2020-07-03 09:50:23','2020-07-03 09:50:23',NULL),(25,1,'test','<p>sdfsdfsdfsdfsdfsadf</p>',1,1,'-1',1,'薛伟','2020-07-03 13:29:16','2020-07-03 13:29:16',NULL),(26,1,'test','<p>asdfsfsdsdfsfd</p>',1,1,'-1',1,'薛伟','2020-07-03 13:29:26','2020-07-03 13:29:26',NULL),(27,1,'合同审核','河北尚博房地产开发有限公司已被李振华在2020-07-05 09:21:09退回修改！',1,1,'-1',-1,'系统通知','2020-07-05 01:21:10','2020-07-05 01:21:10',NULL),(28,1,'合同审核','北京中软星图信息技术有限公司已被李振华在2020-07-05 09:32:55审核完成。',1,1,'-1',-1,'系统通知','2020-07-05 01:32:55','2020-07-05 01:32:55',NULL),(29,1,'合同审核通过','天津客户已被李振华在2020-07-05 23:51:04审核完成。</br>通过',1,1,'-1',-1,'系统通知','2020-07-05 15:51:04','2020-07-05 15:51:04',NULL),(30,1,'北京何止互联 新租户入住','<p>新租户入住，各部门协助入住</p>',1,1,'-1',2,'李振华','2020-07-05 15:57:59','2020-07-05 15:57:59',NULL),(31,1,'合同审核不通过','河北尚博房地产开发有限公司已被李振华在2020-07-06 23:29:21退回修改！</br>管理费不正确',1,1,'-1',-1,'系统通知','2020-07-06 15:29:21','2020-07-06 15:29:21',NULL),(32,1,'合同审核不通过','河北尚博房地产开发有限公司已被李振华在2020-07-07 00:26:10退回修改！</br>不通过',1,1,'-1',-1,'系统通知','2020-07-06 16:26:11','2020-07-06 16:26:11',NULL),(33,1,'合同审核通过','河北尚博房地产开发有限公司已被李振华在2020-07-07 09:15:28审核完成。</br>审核通过',1,1,'-1',-1,'系统通知','2020-07-07 01:15:29','2020-07-07 01:15:29',NULL),(35,1,'消息通知','<p>消息通知</p>',1,1,'-1',2,'李振华','2020-07-08 04:22:15','2020-07-08 04:22:15',NULL),(36,1,'合同审核通过','北京中软星图信息技术有限公司已被李振华在2020-07-13 18:17:10审核完成。</br>通过',1,1,'-1',-1,'系统通知','2020-07-13 10:17:10','2020-07-13 10:17:10',NULL),(37,1,'合同审核通过','北京中软星图信息技术有限公司已被李振华在2020-07-13 18:22:21审核完成。</br>通过',1,1,'-1',-1,'系统通知','2020-07-13 10:22:21','2020-07-13 10:22:21',NULL),(38,1,'合同审核通过','北京中软星图信息技术有限公司已被李振华在2020-07-13 22:47:30审核完成。</br>通过',1,1,'-1',-1,'系统通知','2020-07-13 14:47:30','2020-07-13 14:47:30',NULL),(39,1,'合同审核通过','北京中软星图信息技术有限公司已被李振华在2020-07-13 22:53:46审核完成。</br>tongguo',1,1,'-1',-1,'系统通知','2020-07-13 14:53:46','2020-07-13 14:53:46',NULL),(40,1,'合同审核通过','北京中软星图信息技术有限公司已被李振华在2020-07-13 22:55:16审核完成。</br>通过',1,1,'-1',-1,'系统通知','2020-07-13 14:55:16','2020-07-13 14:55:16',NULL),(41,1,'合同审核通过','北京中软星图信息技术有限公司已被李振华在2020-07-13 22:56:42审核完成。</br>tongguo',1,1,'-1',-1,'系统通知','2020-07-13 14:56:42','2020-07-13 14:56:42',NULL),(42,1,'合同审核通过','北京中软星图信息技术有限公司已被李振华在2020-07-15 11:19:21审核完成。</br>北京中软星图信息技术有限公司已被李振华在2020-07-15 11:19:21审核完成。',1,1,'-1',-1,'系统通知','2020-07-15 03:19:21','2020-07-15 03:19:21',NULL),(43,1,'合同审核不通过','北京玄墨科技有限公司-已被-李振华 在 2020-07-15 11:36:13退回修改！</br>不通过北京玄墨科技有限公司-已被-李振华 在 2020-07-15 11:36:13退回修改！',1,1,'-1',-1,'系统通知','2020-07-15 03:36:13','2020-07-15 03:36:13',NULL),(44,1,'合同审核通过','北京玄墨科技有限公司-已被-李振华 在 2020-07-15 13:53:55审核完成。</br>北京玄墨科技有限公司-已被-李振华 在 2020-07-15 13:53:55审核完成。',1,1,'-1',-1,'系统通知','2020-07-15 05:53:55','2020-07-15 05:53:55',NULL),(45,2,'待处理消息','2020-07-15 18:06:13提交了一个报修工单',1,1,'-1',2,'李振华','2020-07-15 10:06:13','2020-07-15 10:06:13',NULL),(46,2,'待处理消息','2020-07-15 18:06:31提交了一个报修工单',1,1,'-1',2,'李振华','2020-07-15 10:06:31','2020-07-15 10:06:31',NULL),(47,2,'待处理消息','2020-07-15 18:07:01提交了一个报修工单',1,1,'-1',2,'李振华','2020-07-15 10:07:01','2020-07-15 10:07:01',NULL),(48,2,'待处理消息','2020-07-15 18:09:11提交了一个报修工单',1,1,'-1',2,'李振华','2020-07-15 10:09:11','2020-07-15 10:09:11',NULL),(49,2,'待处理消息','2020-07-15 18:09:27提交了一个报修工单',1,1,'-1',2,'李振华','2020-07-15 10:09:27','2020-07-15 10:09:27',NULL),(50,2,'待处理消息','2020-07-15 18:10:15提交了一个报修工单',1,1,'-1',2,'李振华','2020-07-15 10:10:15','2020-07-15 10:10:15',NULL),(51,2,'待处理消息','2020-07-15 18:11:16提交了一个报修工单',1,1,'-1',2,'李振华','2020-07-15 10:11:16','2020-07-15 10:11:16',NULL),(52,1,'test','<p>asdfsfd</p>',1,1,'-1',1,'薛伟','2020-07-15 11:41:39','2020-07-15 11:41:39',NULL),(53,1,'合同审核通过','首创郎园-已被-薛伟 在 2020-11-30 17:16:18审核完成。</br>首创郎园-已被-薛伟 在 2020-11-30 17:16:18审核完成。',1,1,'-1',-1,'系统通知','2020-11-30 09:16:18','2020-11-30 09:16:18',NULL),(54,1,'租户退租','首创郎园在2020-12-04完成退租',1,1,'-1',-1,'系统通知','2020-12-04 07:06:06','2020-12-04 07:06:06',NULL),(55,1,'合同审核通过','北京中软星图信息技术有限公司-已被-薛伟 在 2021-05-12 08:56:45审核完成。</br>北京中软星图信息技术有限公司-已被-薛伟 在 2021-05-12 08:56:45审核完成。',1,1,'-1',-1,'系统通知','2021-05-12 00:56:45','2021-05-12 00:56:45',NULL),(56,2,'报修',' 2021-05-17 23:53:58 提交了一个报修工单,请及时处理！',1,1,'-1',1,'薛伟','2021-05-17 15:53:58','2021-05-17 15:53:58',NULL),(57,1,'合同审核通过','北京玄墨科技有限公司-已被-薛伟 在 2021-05-19 10:02:04审核完成。</br>北京玄墨科技有限公司-已被-薛伟 在 2021-05-19 10:02:04审核完成。',1,1,'-1',-1,'系统通知','2021-05-19 02:02:04','2021-05-19 02:02:04',NULL);
/*!40000 ALTER TABLE `wy_public_message` ENABLE KEYS */;
UNLOCK TABLES;

--
-- Table structure for table `wy_public_message_read`
--

DROP TABLE IF EXISTS `wy_public_message_read`;
/*!40101 SET @saved_cs_client     = @@character_set_client */;
/*!40101 SET character_set_client = utf8 */;
CREATE TABLE `wy_public_message_read` (
  `id` bigint(20) unsigned NOT NULL AUTO_INCREMENT,
  `msg_id` int(11) NOT NULL DEFAULT '0' COMMENT '消息id',
  `uid` int(11) DEFAULT NULL COMMENT '人员id',
  `is_delete` tinyint(4) DEFAULT '0' COMMENT '0 未删除1 删除',
  `created_at` datetime DEFAULT NULL,
  `updated_at` datetime DEFAULT NULL,
  PRIMARY KEY (`id`),
  UNIQUE KEY `uniq_msgid_uid` (`msg_id`,`uid`)
) ENGINE=InnoDB AUTO_INCREMENT=176 DEFAULT CHARSET=utf8 COLLATE=utf8_unicode_ci;
/*!40101 SET character_set_client = @saved_cs_client */;

--
-- Dumping data for table `wy_public_message_read`
--

LOCK TABLES `wy_public_message_read` WRITE;
/*!40000 ALTER TABLE `wy_public_message_read` DISABLE KEYS */;
INSERT INTO `wy_public_message_read` VALUES (4,1,1,0,'2020-07-02 21:14:01',NULL),(7,2,2,1,'2020-07-03 00:08:28','2020-07-03 00:08:28'),(10,15,1,1,'2020-07-03 00:18:03','2020-07-03 00:18:03'),(12,2,1,0,'2020-07-03 00:19:38','2020-07-03 00:19:38'),(14,18,1,0,'2020-07-03 15:41:53','2020-07-03 15:41:53'),(15,16,1,0,'2020-07-03 15:45:55','2020-07-03 15:45:55'),(17,17,1,0,'2020-07-03 15:47:39','2020-07-03 15:47:39'),(18,6,1,0,'2020-07-03 15:50:11','2020-07-03 15:50:11'),(19,19,1,0,'2020-07-03 16:03:50','2020-07-03 16:03:50'),(20,19,2,1,'2020-07-03 16:41:26','2020-07-14 22:59:08'),(21,6,2,1,'2020-07-03 16:41:39','2020-07-14 22:59:08'),(22,1,2,1,'2020-07-03 16:43:50','2020-07-03 16:43:50'),(23,15,2,1,'2020-07-03 16:43:52','2020-07-03 16:43:52'),(24,20,2,0,'2020-07-03 16:46:10','2020-07-03 16:46:10'),(25,18,2,1,'2020-07-03 16:46:13','2020-07-14 22:59:08'),(26,17,2,1,'2020-07-03 16:46:16','2020-07-07 21:29:38'),(27,16,2,1,'2020-07-03 16:46:18','2020-07-07 21:29:38'),(28,21,2,0,'2020-07-03 16:48:45','2020-07-03 16:48:45'),(29,21,1,0,'2020-07-03 16:56:30','2020-07-03 16:56:30'),(30,24,1,0,'2020-07-03 20:52:46','2020-07-03 20:52:46'),(31,23,1,0,'2020-07-03 21:26:40','2020-07-03 21:26:40'),(32,22,1,0,'2020-07-03 21:26:40','2020-07-03 21:26:40'),(33,20,1,0,'2020-07-03 21:26:40','2020-07-03 21:26:40'),(34,26,2,1,'2020-07-03 22:52:46','2020-07-04 11:40:26'),(35,25,2,1,'2020-07-04 11:40:09','2020-07-04 11:40:26'),(36,24,2,1,'2020-07-04 11:40:26','2020-07-04 11:40:26'),(37,23,2,1,'2020-07-04 11:40:26','2020-07-04 11:40:26'),(38,22,2,1,'2020-07-04 11:40:29','2020-07-12 18:00:34'),(39,13,2,1,'2020-07-04 11:40:29','2020-07-07 21:29:38'),(40,26,1,0,'2020-07-04 11:54:15','2020-07-04 11:54:15'),(41,28,2,0,'2020-07-05 09:33:55','2020-07-05 09:33:55'),(42,27,2,0,'2020-07-05 09:34:03','2020-07-05 09:34:03'),(43,29,2,0,'2020-07-05 23:57:07','2020-07-05 23:57:07'),(44,30,2,1,'2020-07-06 10:51:41','2020-07-12 18:00:24'),(45,28,1,0,'2020-07-06 23:49:14','2020-07-06 23:49:14'),(46,29,1,0,'2020-07-06 23:49:14','2020-07-06 23:49:14'),(47,30,1,0,'2020-07-06 23:49:14','2020-07-06 23:49:14'),(48,31,1,0,'2020-07-06 23:49:32','2020-07-06 23:49:32'),(49,13,1,0,'2020-07-06 23:49:51','2020-07-06 23:49:51'),(50,33,2,0,'2020-07-07 21:29:10','2020-07-07 21:29:10'),(51,32,2,0,'2020-07-07 21:29:16','2020-07-07 21:29:16'),(52,31,2,0,'2020-07-07 21:29:21','2020-07-07 21:29:21'),(53,33,1,0,'2020-07-07 22:23:04','2020-07-07 22:23:04'),(54,32,1,0,'2020-07-07 22:23:11','2020-07-07 22:23:11'),(55,25,1,0,'2020-07-08 09:29:59','2020-07-08 09:29:59'),(56,27,1,0,'2020-07-08 22:52:34','2020-07-08 22:52:34'),(57,35,1,0,'2020-07-09 09:37:05','2020-07-09 09:37:05'),(58,35,2,1,'2020-07-11 20:42:31','2020-07-14 22:59:00'),(59,41,2,1,'2020-07-13 23:17:04','2020-07-14 22:59:00'),(60,40,2,0,'2020-07-13 23:17:04','2020-07-13 23:17:04'),(61,39,2,0,'2020-07-13 23:17:04','2020-07-13 23:17:04'),(62,38,2,0,'2020-07-13 23:17:04','2020-07-13 23:17:04'),(63,37,2,0,'2020-07-13 23:17:04','2020-07-13 23:17:04'),(64,36,2,0,'2020-07-13 23:17:04','2020-07-13 23:17:04'),(65,41,1,0,'2020-07-14 00:30:39','2020-07-14 00:30:39'),(66,44,2,0,'2020-07-15 14:57:56','2020-07-15 14:57:56'),(67,43,2,0,'2020-07-15 14:57:56','2020-07-15 14:57:56'),(68,42,2,0,'2020-07-15 14:57:56','2020-07-15 14:57:56'),(69,52,2,1,'2020-07-16 10:50:11','2021-05-15 23:51:50'),(70,52,1,0,'2020-07-17 17:33:15','2020-07-17 17:33:15'),(71,44,1,0,'2020-07-17 17:33:15','2020-07-17 17:33:15'),(72,43,1,0,'2020-07-17 17:33:15','2020-07-17 17:33:15'),(73,42,1,0,'2020-07-17 17:33:15','2020-07-17 17:33:15'),(74,40,1,0,'2020-07-17 17:33:15','2020-07-17 17:33:15'),(75,39,1,0,'2020-07-17 17:33:15','2020-07-17 17:33:15'),(76,38,1,0,'2020-07-17 17:33:15','2020-07-17 17:33:15'),(77,37,1,0,'2020-07-17 17:33:15','2020-07-17 17:33:15'),(78,36,1,0,'2020-07-17 17:33:24','2020-07-17 17:33:24'),(79,51,1,0,'2020-07-18 22:26:27','2020-07-18 22:26:27'),(82,50,1,0,'2020-07-18 22:26:27','2020-07-18 22:26:27'),(84,49,1,0,'2020-07-18 22:26:27','2020-07-18 22:26:27'),(85,48,1,0,'2020-07-18 22:26:27','2020-07-18 22:26:27'),(86,47,1,0,'2020-07-18 22:26:27','2020-07-18 22:26:27'),(87,46,1,0,'2020-07-18 22:26:27','2020-07-18 22:26:27'),(88,45,1,0,'2020-07-18 22:26:27','2020-07-18 22:26:27'),(89,51,2,0,'2020-07-19 12:45:18','2020-07-19 12:45:18'),(90,50,2,0,'2020-07-19 12:45:18','2020-07-19 12:45:18'),(91,49,2,0,'2020-07-19 12:45:19','2020-07-19 12:45:19'),(92,48,2,0,'2020-07-19 12:45:19','2020-07-19 12:45:19'),(93,47,2,0,'2020-07-19 12:45:19','2020-07-19 12:45:19'),(94,46,2,0,'2020-07-19 12:45:19','2020-07-19 12:45:19'),(95,45,2,0,'2020-07-19 12:45:19','2020-07-19 12:45:19'),(96,52,13,0,'2020-11-25 15:39:06','2020-11-25 15:39:06'),(97,44,13,0,'2020-11-25 15:39:06','2020-11-25 15:39:06'),(98,43,13,0,'2020-11-25 15:39:06','2020-11-25 15:39:06'),(99,42,13,0,'2020-11-25 15:39:06','2020-11-25 15:39:06'),(100,41,13,0,'2020-11-25 15:39:06','2020-11-25 15:39:06'),(101,40,13,0,'2020-11-25 15:39:06','2020-11-25 15:39:06'),(102,39,13,0,'2020-11-25 15:39:06','2020-11-25 15:39:06'),(103,38,13,0,'2020-11-25 15:39:06','2020-11-25 15:39:06'),(104,37,13,0,'2020-11-25 15:39:09','2020-11-25 15:39:09'),(105,36,13,0,'2020-11-25 15:39:09','2020-11-25 15:39:09'),(106,35,13,0,'2020-11-25 15:39:09','2020-11-25 15:39:09'),(107,33,13,0,'2020-11-25 15:39:09','2020-11-25 15:39:09'),(108,32,13,0,'2020-11-25 15:39:09','2020-11-25 15:39:09'),(109,31,13,0,'2020-11-25 15:39:09','2020-11-25 15:39:09'),(110,30,13,0,'2020-11-25 15:39:09','2020-11-25 15:39:09'),(111,29,13,0,'2020-11-25 15:39:09','2020-11-25 15:39:09'),(112,28,13,0,'2020-11-25 15:39:11','2020-11-25 15:39:11'),(113,27,13,0,'2020-11-25 15:39:11','2020-11-25 15:39:11'),(114,26,13,0,'2020-11-25 15:39:11','2020-11-25 15:39:11'),(115,25,13,0,'2020-11-25 15:39:11','2020-11-25 15:39:11'),(116,24,13,0,'2020-11-25 15:39:11','2020-11-25 15:39:11'),(117,22,13,0,'2020-11-25 15:39:11','2020-11-25 15:39:11'),(118,18,13,0,'2020-11-25 15:39:11','2020-11-25 15:39:11'),(119,6,13,0,'2020-11-25 15:45:34','2020-11-25 15:45:34'),(120,2,13,0,'2020-11-25 15:45:34','2020-11-25 15:45:34'),(121,51,13,0,'2020-11-26 10:10:00','2020-11-26 10:10:00'),(122,50,13,0,'2020-11-26 10:10:00','2020-11-26 10:10:00'),(123,49,13,0,'2020-11-26 10:10:00','2020-11-26 10:10:00'),(124,48,13,0,'2020-11-26 10:10:00','2020-11-26 10:10:00'),(125,47,13,0,'2020-11-26 10:10:00','2020-11-26 10:10:00'),(126,46,13,0,'2020-11-26 10:10:00','2020-11-26 10:10:00'),(127,45,13,0,'2020-11-26 10:10:00','2020-11-26 10:10:00'),(128,13,13,0,'2020-11-26 10:10:00','2020-11-26 10:10:00'),(129,53,14,0,'2020-11-30 17:46:09','2020-11-30 17:46:09'),(130,52,14,0,'2020-11-30 17:46:09','2020-11-30 17:46:09'),(131,44,14,0,'2020-11-30 17:46:09','2020-11-30 17:46:09'),(132,43,14,0,'2020-11-30 17:46:09','2020-11-30 17:46:09'),(133,42,14,0,'2020-11-30 17:46:09','2020-11-30 17:46:09'),(134,41,14,0,'2020-11-30 17:46:09','2020-11-30 17:46:09'),(135,40,14,0,'2020-11-30 17:46:09','2020-11-30 17:46:09'),(136,39,14,0,'2020-11-30 17:46:09','2020-11-30 17:46:09'),(137,38,14,0,'2020-11-30 17:46:10','2020-11-30 17:46:10'),(138,37,14,0,'2020-11-30 17:46:10','2020-11-30 17:46:10'),(139,36,14,0,'2020-11-30 17:46:10','2020-11-30 17:46:10'),(140,35,14,0,'2020-11-30 17:46:10','2020-11-30 17:46:10'),(141,33,14,0,'2020-11-30 17:46:10','2020-11-30 17:46:10'),(142,32,14,0,'2020-11-30 17:46:10','2020-11-30 17:46:10'),(143,31,14,0,'2020-11-30 17:46:10','2020-11-30 17:46:10'),(144,30,14,0,'2020-11-30 17:46:10','2020-11-30 17:46:10'),(145,29,14,0,'2020-11-30 17:46:11','2020-11-30 17:46:11'),(146,28,14,0,'2020-11-30 17:46:11','2020-11-30 17:46:11'),(147,27,14,0,'2020-11-30 17:46:11','2020-11-30 17:46:11'),(148,26,14,0,'2020-11-30 17:46:11','2020-11-30 17:46:11'),(149,25,14,0,'2020-11-30 17:46:11','2020-11-30 17:46:11'),(150,24,14,0,'2020-11-30 17:46:11','2020-11-30 17:46:11'),(151,22,14,0,'2020-11-30 17:46:11','2020-11-30 17:46:11'),(152,18,14,0,'2020-11-30 17:46:11','2020-11-30 17:46:11'),(153,6,14,0,'2020-11-30 17:46:15','2020-11-30 17:46:15'),(154,2,14,0,'2020-11-30 17:46:15','2020-11-30 17:46:15'),(155,51,14,0,'2020-11-30 17:46:19','2020-11-30 17:46:19'),(156,50,14,0,'2020-11-30 17:46:19','2020-11-30 17:46:19'),(157,49,14,0,'2020-11-30 17:46:19','2020-11-30 17:46:19'),(158,48,14,0,'2020-11-30 17:46:19','2020-11-30 17:46:19'),(159,47,14,0,'2020-11-30 17:46:19','2020-11-30 17:46:19'),(160,46,14,0,'2020-11-30 17:46:19','2020-11-30 17:46:19'),(161,45,14,0,'2020-11-30 17:46:19','2020-11-30 17:46:19'),(162,13,14,0,'2020-11-30 17:46:19','2020-11-30 17:46:19'),(163,54,14,0,'2020-12-04 15:35:21','2020-12-04 15:35:21'),(164,54,1,0,'2020-12-09 17:08:23','2020-12-09 17:08:23'),(165,53,1,0,'2020-12-09 17:08:23','2020-12-09 17:08:23'),(166,54,13,0,'2020-12-10 11:52:46','2020-12-10 11:52:46'),(167,53,13,0,'2020-12-10 11:52:46','2020-12-10 11:52:46'),(168,55,1,0,'2021-05-12 09:14:21','2021-05-12 09:14:21'),(169,55,2,0,'2021-05-15 10:51:37','2021-05-15 10:51:37'),(170,54,2,0,'2021-05-15 10:51:37','2021-05-15 10:51:37'),(171,53,2,0,'2021-05-15 10:51:37','2021-05-15 10:51:37'),(172,56,1,0,'2021-05-18 00:08:58','2021-05-18 00:08:58'),(173,57,1,0,'2021-05-19 13:07:49','2021-05-19 13:07:49'),(174,56,2,0,'2021-05-20 09:59:41','2021-05-20 09:59:41'),(175,57,2,0,'2021-05-20 09:59:42','2021-05-20 09:59:42');
/*!40000 ALTER TABLE `wy_public_message_read` ENABLE KEYS */;
UNLOCK TABLES;

--
-- Table structure for table `wy_sys_area`
--

DROP TABLE IF EXISTS `wy_sys_area`;
/*!40101 SET @saved_cs_client     = @@character_set_client */;
/*!40101 SET character_set_client = utf8 */;
CREATE TABLE `wy_sys_area` (
  `id` int(11) NOT NULL AUTO_INCREMENT,
  `parent_id` int(11) NOT NULL DEFAULT '0',
  `code` varchar(10) NOT NULL,
  `name` varchar(191) NOT NULL,
  `created_at` timestamp NULL DEFAULT NULL,
  `updated_at` timestamp NULL DEFAULT NULL,
  PRIMARY KEY (`id`)
) ENGINE=InnoDB AUTO_INCREMENT=110120 DEFAULT CHARSET=utf8;
/*!40101 SET character_set_client = @saved_cs_client */;

--
-- Dumping data for table `wy_sys_area`
--

LOCK TABLES `wy_sys_area` WRITE;
/*!40000 ALTER TABLE `wy_sys_area` DISABLE KEYS */;
INSERT INTO `wy_sys_area` VALUES (1,0,'100000','中华人民共和国','2018-11-20 02:55:56','2018-11-20 02:55:56'),(2,1,'110000','北京市','2018-11-20 02:55:56','2018-11-20 02:55:56'),(3,1,'120000','天津市','2018-11-20 02:55:56','2018-11-20 02:55:56'),(4,1,'130000','河北省','2018-11-20 02:55:56','2018-11-20 02:55:56'),(5,1,'140000','山西省','2018-11-20 02:55:56','2018-11-20 02:55:56'),(6,1,'150000','内蒙古自治区','2018-11-20 02:55:56','2018-11-20 02:55:56'),(7,1,'210000','辽宁省','2018-11-20 02:55:56','2018-11-20 02:55:56'),(8,1,'220000','吉林省','2018-11-20 02:55:56','2018-11-20 02:55:56'),(9,1,'230000','黑龙江省','2018-11-20 02:55:56','2018-11-20 02:55:56'),(10,1,'310000','上海市','2018-11-20 02:55:56','2018-11-20 02:55:56'),(11,1,'320000','江苏省','2018-11-20 02:55:56','2018-11-20 02:55:56'),(12,1,'330000','浙江省','2018-11-20 02:55:56','2018-11-20 02:55:56'),(13,1,'340000','安徽省','2018-11-20 02:55:56','2018-11-20 02:55:56'),(14,1,'350000','福建省','2018-11-20 02:55:56','2018-11-20 02:55:56'),(15,1,'360000','江西省','2018-11-20 02:55:56','2018-11-20 02:55:56'),(16,1,'370000','山东省','2018-11-20 02:55:56','2018-11-20 02:55:56'),(17,1,'410000','河南省','2018-11-20 02:55:56','2018-11-20 02:55:56'),(18,1,'420000','湖北省','2018-11-20 02:55:56','2018-11-20 02:55:56'),(19,1,'430000','湖南省','2018-11-20 02:55:56','2018-11-20 02:55:56'),(20,1,'440000','广东省','2018-11-20 02:55:56','2018-11-20 02:55:56'),(21,1,'450000','广西壮族自治区','2018-11-20 02:55:56','2018-11-20 02:55:56'),(22,1,'460000','海南省','2018-11-20 02:55:56','2018-11-20 02:55:56'),(23,1,'500000','重庆市','2018-11-20 02:55:56','2018-11-20 02:55:56'),(24,1,'510000','四川省','2018-11-20 02:55:56','2018-11-20 02:55:56'),(25,1,'520000','贵州省','2018-11-20 02:55:56','2018-11-20 02:55:56'),(26,1,'530000','云南省','2018-11-20 02:55:56','2018-11-20 02:55:56'),(27,1,'540000','西藏自治区','2018-11-20 02:55:56','2018-11-20 02:55:56'),(28,1,'610000','陕西省','2018-11-20 02:55:56','2018-11-20 02:55:56'),(29,1,'620000','甘肃省','2018-11-20 02:55:56','2018-11-20 02:55:56'),(30,1,'630000','青海省','2018-11-20 02:55:56','2018-11-20 02:55:56'),(31,1,'640000','宁夏回族自治区','2018-11-20 02:55:56','2018-11-20 02:55:56'),(32,1,'650000','新疆维吾尔自治区','2018-11-20 02:55:56','2018-11-20 02:55:56'),(33,1,'710000','台湾省','2018-11-20 02:55:56','2018-11-20 02:55:56'),(34,1,'810000','香港特别行政区','2018-11-20 02:55:56','2018-11-20 02:55:56'),(35,1,'820000','澳门特别行政区','2018-11-20 02:55:56','2018-11-20 02:55:56'),(36,2,'110100','北京城区','2018-11-20 02:55:56','2018-11-20 02:55:56'),(37,36,'110101','东城区','2018-11-20 02:55:56','2018-11-20 02:55:56'),(38,36,'110102','西城区','2018-11-20 02:55:56','2018-11-20 02:55:56'),(39,36,'110105','朝阳区','2018-11-20 02:55:56','2018-11-20 02:55:56'),(40,36,'110106','丰台区','2018-11-20 02:55:56','2018-11-20 02:55:56'),(41,36,'110107','石景山区','2018-11-20 02:55:56','2018-11-20 02:55:56'),(42,36,'110108','海淀区','2018-11-20 02:55:56','2018-11-20 02:55:56'),(43,36,'110109','门头沟区','2018-11-20 02:55:56','2018-11-20 02:55:56'),(44,36,'110111','房山区','2018-11-20 02:55:56','2018-11-20 02:55:56'),(45,36,'110112','通州区','2018-11-20 02:55:56','2018-11-20 02:55:56'),(46,36,'110113','顺义区','2018-11-20 02:55:56','2018-11-20 02:55:56'),(47,36,'110114','昌平区','2018-11-20 02:55:56','2018-11-20 02:55:56'),(48,36,'110115','大兴区','2018-11-20 02:55:56','2018-11-20 02:55:56'),(49,36,'110116','怀柔区','2018-11-20 02:55:56','2018-11-20 02:55:56'),(50,36,'110117','平谷区','2018-11-20 02:55:56','2018-11-20 02:55:56'),(51,36,'110118','密云区','2018-11-20 02:55:56','2018-11-20 02:55:56'),(52,36,'110119','延庆区','2018-11-20 02:55:56','2018-11-20 02:55:56'),(53,3,'120100','天津城区','2018-11-20 02:55:56','2018-11-20 02:55:56'),(54,53,'120101','和平区','2018-11-20 02:55:56','2018-11-20 02:55:56'),(55,53,'120102','河东区','2018-11-20 02:55:56','2018-11-20 02:55:56'),(56,53,'120103','河西区','2018-11-20 02:55:56','2018-11-20 02:55:56'),(57,53,'120104','南开区','2018-11-20 02:55:56','2018-11-20 02:55:56'),(58,53,'120105','河北区','2018-11-20 02:55:56','2018-11-20 02:55:56'),(59,53,'120106','红桥区','2018-11-20 02:55:56','2018-11-20 02:55:56'),(60,53,'120110','东丽区','2018-11-20 02:55:56','2018-11-20 02:55:56'),(61,53,'120111','西青区','2018-11-20 02:55:56','2018-11-20 02:55:56'),(62,53,'120112','津南区','2018-11-20 02:55:56','2018-11-20 02:55:56'),(63,53,'120113','北辰区','2018-11-20 02:55:56','2018-11-20 02:55:56'),(64,53,'120114','武清区','2018-11-20 02:55:56','2018-11-20 02:55:56'),(65,53,'120115','宝坻区','2018-11-20 02:55:56','2018-11-20 02:55:56'),(66,53,'120116','滨海新区','2018-11-20 02:55:56','2018-11-20 02:55:56'),(67,53,'120117','宁河区','2018-11-20 02:55:56','2018-11-20 02:55:56'),(68,53,'120118','静海区','2018-11-20 02:55:56','2018-11-20 02:55:56'),(69,53,'120119','蓟州区','2018-11-20 02:55:56','2018-11-20 02:55:56'),(70,4,'130100','石家庄市','2018-11-20 02:55:56','2018-11-20 02:55:56'),(71,4,'130200','唐山市','2018-11-20 02:55:56','2018-11-20 02:55:56'),(72,4,'130300','秦皇岛市','2018-11-20 02:55:56','2018-11-20 02:55:56'),(73,4,'130400','邯郸市','2018-11-20 02:55:56','2018-11-20 02:55:56'),(74,4,'130500','邢台市','2018-11-20 02:55:56','2018-11-20 02:55:56'),(75,4,'130600','保定市','2018-11-20 02:55:56','2018-11-20 02:55:56'),(76,4,'130700','张家口市','2018-11-20 02:55:56','2018-11-20 02:55:56'),(77,4,'130800','承德市','2018-11-20 02:55:56','2018-11-20 02:55:56'),(78,4,'130900','沧州市','2018-11-20 02:55:56','2018-11-20 02:55:56'),(79,4,'131000','廊坊市','2018-11-20 02:55:56','2018-11-20 02:55:56'),(80,4,'131100','衡水市','2018-11-20 02:55:56','2018-11-20 02:55:56'),(81,70,'130102','长安区','2018-11-20 02:55:56','2018-11-20 02:55:56'),(82,70,'130104','桥西区','2018-11-20 02:55:56','2018-11-20 02:55:56'),(83,70,'130105','新华区','2018-11-20 02:55:56','2018-11-20 02:55:56'),(84,70,'130107','井陉矿区','2018-11-20 02:55:56','2018-11-20 02:55:56'),(85,70,'130108','裕华区','2018-11-20 02:55:56','2018-11-20 02:55:56'),(86,70,'130109','藁城区','2018-11-20 02:55:56','2018-11-20 02:55:56'),(87,70,'130110','鹿泉区','2018-11-20 02:55:56','2018-11-20 02:55:56'),(88,70,'130111','栾城区','2018-11-20 02:55:56','2018-11-20 02:55:56'),(89,70,'130121','井陉县','2018-11-20 02:55:56','2018-11-20 02:55:56'),(90,70,'130123','正定县','2018-11-20 02:55:56','2018-11-20 02:55:56'),(91,70,'130125','行唐县','2018-11-20 02:55:56','2018-11-20 02:55:56'),(92,70,'130126','灵寿县','2018-11-20 02:55:56','2018-11-20 02:55:56'),(93,70,'130127','高邑县','2018-11-20 02:55:56','2018-11-20 02:55:56'),(94,70,'130128','深泽县','2018-11-20 02:55:56','2018-11-20 02:55:56'),(95,70,'130129','赞皇县','2018-11-20 02:55:56','2018-11-20 02:55:56'),(96,70,'130130','无极县','2018-11-20 02:55:56','2018-11-20 02:55:56'),(97,70,'130131','平山县','2018-11-20 02:55:56','2018-11-20 02:55:56'),(98,70,'130132','元氏县','2018-11-20 02:55:56','2018-11-20 02:55:56'),(99,70,'130133','赵县','2018-11-20 02:55:56','2018-11-20 02:55:56'),(100,70,'130181','辛集市','2018-11-20 02:55:56','2018-11-20 02:55:56'),(101,70,'130183','晋州市','2018-11-20 02:55:56','2018-11-20 02:55:56'),(102,70,'130184','新乐市','2018-11-20 02:55:56','2018-11-20 02:55:56'),(103,71,'130202','路南区','2018-11-20 02:55:56','2018-11-20 02:55:56'),(104,71,'130203','路北区','2018-11-20 02:55:56','2018-11-20 02:55:56'),(105,71,'130204','古冶区','2018-11-20 02:55:56','2018-11-20 02:55:56'),(106,71,'130205','开平区','2018-11-20 02:55:56','2018-11-20 02:55:56'),(107,71,'130207','丰南区','2018-11-20 02:55:56','2018-11-20 02:55:56'),(108,71,'130208','丰润区','2018-11-20 02:55:56','2018-11-20 02:55:56'),(109,71,'130209','曹妃甸区','2018-11-20 02:55:56','2018-11-20 02:55:56'),(110,71,'130223','滦县','2018-11-20 02:55:56','2018-11-20 02:55:56'),(111,71,'130224','滦南县','2018-11-20 02:55:56','2018-11-20 02:55:56'),(112,71,'130225','乐亭县','2018-11-20 02:55:56','2018-11-20 02:55:56'),(113,71,'130227','迁西县','2018-11-20 02:55:56','2018-11-20 02:55:56'),(114,71,'130229','玉田县','2018-11-20 02:55:56','2018-11-20 02:55:56'),(115,71,'130281','遵化市','2018-11-20 02:55:56','2018-11-20 02:55:56'),(116,71,'130283','迁安市','2018-11-20 02:55:56','2018-11-20 02:55:56'),(117,72,'130302','海港区','2018-11-20 02:55:56','2018-11-20 02:55:56'),(118,72,'130303','山海关区','2018-11-20 02:55:56','2018-11-20 02:55:56'),(119,72,'130304','北戴河区','2018-11-20 02:55:56','2018-11-20 02:55:56'),(120,72,'130306','抚宁区','2018-11-20 02:55:56','2018-11-20 02:55:56'),(121,72,'130321','青龙满族自治县','2018-11-20 02:55:56','2018-11-20 02:55:56'),(122,72,'130322','昌黎县','2018-11-20 02:55:56','2018-11-20 02:55:56'),(123,72,'130324','卢龙县','2018-11-20 02:55:56','2018-11-20 02:55:56'),(124,73,'130402','邯山区','2018-11-20 02:55:56','2018-11-20 02:55:56'),(125,73,'130403','丛台区','2018-11-20 02:55:56','2018-11-20 02:55:56'),(126,73,'130404','复兴区','2018-11-20 02:55:56','2018-11-20 02:55:56'),(127,73,'130406','峰峰矿区','2018-11-20 02:55:56','2018-11-20 02:55:56'),(128,73,'130407','肥乡区','2018-11-20 02:55:56','2018-11-20 02:55:56'),(129,73,'130408','永年区','2018-11-20 02:55:56','2018-11-20 02:55:56'),(130,73,'130423','临漳县','2018-11-20 02:55:56','2018-11-20 02:55:56'),(131,73,'130424','成安县','2018-11-20 02:55:56','2018-11-20 02:55:56'),(132,73,'130425','大名县','2018-11-20 02:55:56','2018-11-20 02:55:56'),(133,73,'130426','涉县','2018-11-20 02:55:56','2018-11-20 02:55:56'),(134,73,'130427','磁县','2018-11-20 02:55:56','2018-11-20 02:55:56'),(135,73,'130430','邱县','2018-11-20 02:55:56','2018-11-20 02:55:56'),(136,73,'130431','鸡泽县','2018-11-20 02:55:56','2018-11-20 02:55:56'),(137,73,'130432','广平县','2018-11-20 02:55:56','2018-11-20 02:55:56'),(138,73,'130433','馆陶县','2018-11-20 02:55:56','2018-11-20 02:55:56'),(139,73,'130434','魏县','2018-11-20 02:55:56','2018-11-20 02:55:56'),(140,73,'130435','曲周县','2018-11-20 02:55:56','2018-11-20 02:55:56'),(141,73,'130481','武安市','2018-11-20 02:55:56','2018-11-20 02:55:56'),(142,74,'130502','桥东区','2018-11-20 02:55:56','2018-11-20 02:55:56'),(143,74,'130503','桥西区','2018-11-20 02:55:56','2018-11-20 02:55:56'),(144,74,'130521','邢台县','2018-11-20 02:55:56','2018-11-20 02:55:56'),(145,74,'130522','临城县','2018-11-20 02:55:56','2018-11-20 02:55:56'),(146,74,'130523','内丘县','2018-11-20 02:55:56','2018-11-20 02:55:56'),(147,74,'130524','柏乡县','2018-11-20 02:55:56','2018-11-20 02:55:56'),(148,74,'130525','隆尧县','2018-11-20 02:55:56','2018-11-20 02:55:56'),(149,74,'130526','任县','2018-11-20 02:55:56','2018-11-20 02:55:56'),(150,74,'130527','南和县','2018-11-20 02:55:56','2018-11-20 02:55:56'),(151,74,'130528','宁晋县','2018-11-20 02:55:56','2018-11-20 02:55:56'),(152,74,'130529','巨鹿县','2018-11-20 02:55:56','2018-11-20 02:55:56'),(153,74,'130530','新河县','2018-11-20 02:55:56','2018-11-20 02:55:56'),(154,74,'130531','广宗县','2018-11-20 02:55:56','2018-11-20 02:55:56'),(155,74,'130532','平乡县','2018-11-20 02:55:56','2018-11-20 02:55:56'),(156,74,'130533','威县','2018-11-20 02:55:56','2018-11-20 02:55:56'),(157,74,'130534','清河县','2018-11-20 02:55:56','2018-11-20 02:55:56'),(158,74,'130535','临西县','2018-11-20 02:55:56','2018-11-20 02:55:56'),(159,74,'130581','南宫市','2018-11-20 02:55:56','2018-11-20 02:55:56'),(160,74,'130582','沙河市','2018-11-20 02:55:56','2018-11-20 02:55:56'),(161,75,'130602','竞秀区','2018-11-20 02:55:56','2018-11-20 02:55:56'),(162,75,'130606','莲池区','2018-11-20 02:55:56','2018-11-20 02:55:56'),(163,75,'130607','满城区','2018-11-20 02:55:56','2018-11-20 02:55:56'),(164,75,'130608','清苑区','2018-11-20 02:55:56','2018-11-20 02:55:56'),(165,75,'130609','徐水区','2018-11-20 02:55:56','2018-11-20 02:55:56'),(166,75,'130623','涞水县','2018-11-20 02:55:56','2018-11-20 02:55:56'),(167,75,'130624','阜平县','2018-11-20 02:55:56','2018-11-20 02:55:56'),(168,75,'130626','定兴县','2018-11-20 02:55:56','2018-11-20 02:55:56'),(169,75,'130627','唐县','2018-11-20 02:55:56','2018-11-20 02:55:56'),(170,75,'130628','高阳县','2018-11-20 02:55:56','2018-11-20 02:55:56'),(171,75,'130629','容城县','2018-11-20 02:55:56','2018-11-20 02:55:56'),(172,75,'130630','涞源县','2018-11-20 02:55:56','2018-11-20 02:55:56'),(173,75,'130631','望都县','2018-11-20 02:55:56','2018-11-20 02:55:56'),(174,75,'130632','安新县','2018-11-20 02:55:56','2018-11-20 02:55:56'),(175,75,'130633','易县','2018-11-20 02:55:56','2018-11-20 02:55:56'),(176,75,'130634','曲阳县','2018-11-20 02:55:56','2018-11-20 02:55:56'),(177,75,'130635','蠡县','2018-11-20 02:55:56','2018-11-20 02:55:56'),(178,75,'130636','顺平县','2018-11-20 02:55:56','2018-11-20 02:55:56'),(179,75,'130637','博野县','2018-11-20 02:55:56','2018-11-20 02:55:56'),(180,75,'130638','雄县','2018-11-20 02:55:56','2018-11-20 02:55:56'),(181,75,'130681','涿州市','2018-11-20 02:55:56','2018-11-20 02:55:56'),(182,75,'130682','定州市','2018-11-20 02:55:56','2018-11-20 02:55:56'),(183,75,'130683','安国市','2018-11-20 02:55:56','2018-11-20 02:55:56'),(184,75,'130684','高碑店市','2018-11-20 02:55:56','2018-11-20 02:55:56'),(185,76,'130702','桥东区','2018-11-20 02:55:56','2018-11-20 02:55:56'),(186,76,'130703','桥西区','2018-11-20 02:55:56','2018-11-20 02:55:56'),(187,76,'130705','宣化区','2018-11-20 02:55:56','2018-11-20 02:55:56'),(188,76,'130706','下花园区','2018-11-20 02:55:56','2018-11-20 02:55:56'),(189,76,'130708','万全区','2018-11-20 02:55:56','2018-11-20 02:55:56'),(190,76,'130709','崇礼区','2018-11-20 02:55:56','2018-11-20 02:55:56'),(191,76,'130722','张北县','2018-11-20 02:55:56','2018-11-20 02:55:56'),(192,76,'130723','康保县','2018-11-20 02:55:56','2018-11-20 02:55:56'),(193,76,'130724','沽源县','2018-11-20 02:55:56','2018-11-20 02:55:56'),(194,76,'130725','尚义县','2018-11-20 02:55:56','2018-11-20 02:55:56'),(195,76,'130726','蔚县','2018-11-20 02:55:56','2018-11-20 02:55:56'),(196,76,'130727','阳原县','2018-11-20 02:55:56','2018-11-20 02:55:56'),(197,76,'130728','怀安县','2018-11-20 02:55:56','2018-11-20 02:55:56'),(198,76,'130730','怀来县','2018-11-20 02:55:56','2018-11-20 02:55:56'),(199,76,'130731','涿鹿县','2018-11-20 02:55:56','2018-11-20 02:55:56'),(200,76,'130732','赤城县','2018-11-20 02:55:56','2018-11-20 02:55:56'),(201,77,'130802','双桥区','2018-11-20 02:55:56','2018-11-20 02:55:56'),(202,77,'130803','双滦区','2018-11-20 02:55:56','2018-11-20 02:55:56'),(203,77,'130804','鹰手营子矿区','2018-11-20 02:55:56','2018-11-20 02:55:56'),(204,77,'130821','承德县','2018-11-20 02:55:56','2018-11-20 02:55:56'),(205,77,'130822','兴隆县','2018-11-20 02:55:56','2018-11-20 02:55:56'),(206,77,'130824','滦平县','2018-11-20 02:55:56','2018-11-20 02:55:56'),(207,77,'130825','隆化县','2018-11-20 02:55:56','2018-11-20 02:55:56'),(208,77,'130826','丰宁满族自治县','2018-11-20 02:55:56','2018-11-20 02:55:56'),(209,77,'130827','宽城满族自治县','2018-11-20 02:55:56','2018-11-20 02:55:56'),(210,77,'130828','围场满族蒙古族自治县','2018-11-20 02:55:56','2018-11-20 02:55:56'),(211,77,'130881','平泉市','2018-11-20 02:55:56','2018-11-20 02:55:56'),(212,78,'130902','新华区','2018-11-20 02:55:56','2018-11-20 02:55:56'),(213,78,'130903','运河区','2018-11-20 02:55:56','2018-11-20 02:55:56'),(214,78,'130921','沧县','2018-11-20 02:55:56','2018-11-20 02:55:56'),(215,78,'130922','青县','2018-11-20 02:55:56','2018-11-20 02:55:56'),(216,78,'130923','东光县','2018-11-20 02:55:56','2018-11-20 02:55:56'),(217,78,'130924','海兴县','2018-11-20 02:55:56','2018-11-20 02:55:56'),(218,78,'130925','盐山县','2018-11-20 02:55:56','2018-11-20 02:55:56'),(219,78,'130926','肃宁县','2018-11-20 02:55:56','2018-11-20 02:55:56'),(220,78,'130927','南皮县','2018-11-20 02:55:56','2018-11-20 02:55:56'),(221,78,'130928','吴桥县','2018-11-20 02:55:56','2018-11-20 02:55:56'),(222,78,'130929','献县','2018-11-20 02:55:56','2018-11-20 02:55:56'),(223,78,'130930','孟村回族自治县','2018-11-20 02:55:56','2018-11-20 02:55:56'),(224,78,'130981','泊头市','2018-11-20 02:55:56','2018-11-20 02:55:56'),(225,78,'130982','任丘市','2018-11-20 02:55:56','2018-11-20 02:55:56'),(226,78,'130983','黄骅市','2018-11-20 02:55:56','2018-11-20 02:55:56'),(227,78,'130984','河间市','2018-11-20 02:55:56','2018-11-20 02:55:56'),(228,79,'131002','安次区','2018-11-20 02:55:56','2018-11-20 02:55:56'),(229,79,'131003','广阳区','2018-11-20 02:55:56','2018-11-20 02:55:56'),(230,79,'131022','固安县','2018-11-20 02:55:56','2018-11-20 02:55:56'),(231,79,'131023','永清县','2018-11-20 02:55:56','2018-11-20 02:55:56'),(232,79,'131024','香河县','2018-11-20 02:55:56','2018-11-20 02:55:56'),(233,79,'131025','大城县','2018-11-20 02:55:56','2018-11-20 02:55:56'),(234,79,'131026','文安县','2018-11-20 02:55:56','2018-11-20 02:55:56'),(235,79,'131028','大厂回族自治县','2018-11-20 02:55:56','2018-11-20 02:55:56'),(236,79,'131081','霸州市','2018-11-20 02:55:56','2018-11-20 02:55:56'),(237,79,'131082','三河市','2018-11-20 02:55:56','2018-11-20 02:55:56'),(238,80,'131102','桃城区','2018-11-20 02:55:56','2018-11-20 02:55:56'),(239,80,'131103','冀州区','2018-11-20 02:55:56','2018-11-20 02:55:56'),(240,80,'131121','枣强县','2018-11-20 02:55:56','2018-11-20 02:55:56'),(241,80,'131122','武邑县','2018-11-20 02:55:56','2018-11-20 02:55:56'),(242,80,'131123','武强县','2018-11-20 02:55:56','2018-11-20 02:55:56'),(243,80,'131124','饶阳县','2018-11-20 02:55:56','2018-11-20 02:55:56'),(244,80,'131125','安平县','2018-11-20 02:55:56','2018-11-20 02:55:56'),(245,80,'131126','故城县','2018-11-20 02:55:56','2018-11-20 02:55:56'),(246,80,'131127','景县','2018-11-20 02:55:56','2018-11-20 02:55:56'),(247,80,'131128','阜城县','2018-11-20 02:55:56','2018-11-20 02:55:56'),(248,80,'131182','深州市','2018-11-20 02:55:56','2018-11-20 02:55:56'),(249,5,'140100','太原市','2018-11-20 02:55:56','2018-11-20 02:55:56'),(250,5,'140200','大同市','2018-11-20 02:55:56','2018-11-20 02:55:56'),(251,5,'140300','阳泉市','2018-11-20 02:55:56','2018-11-20 02:55:56'),(252,5,'140400','长治市','2018-11-20 02:55:56','2018-11-20 02:55:56'),(253,5,'140500','晋城市','2018-11-20 02:55:56','2018-11-20 02:55:56'),(254,5,'140600','朔州市','2018-11-20 02:55:56','2018-11-20 02:55:56'),(255,5,'140700','晋中市','2018-11-20 02:55:56','2018-11-20 02:55:56'),(256,5,'140800','运城市','2018-11-20 02:55:56','2018-11-20 02:55:56'),(257,5,'140900','忻州市','2018-11-20 02:55:56','2018-11-20 02:55:56'),(258,5,'141000','临汾市','2018-11-20 02:55:56','2018-11-20 02:55:56'),(259,5,'141100','吕梁市','2018-11-20 02:55:56','2018-11-20 02:55:56'),(260,249,'140105','小店区','2018-11-20 02:55:56','2018-11-20 02:55:56'),(261,249,'140106','迎泽区','2018-11-20 02:55:56','2018-11-20 02:55:56'),(262,249,'140107','杏花岭区','2018-11-20 02:55:56','2018-11-20 02:55:56'),(263,249,'140108','尖草坪区','2018-11-20 02:55:56','2018-11-20 02:55:56'),(264,249,'140109','万柏林区','2018-11-20 02:55:56','2018-11-20 02:55:56'),(265,249,'140110','晋源区','2018-11-20 02:55:56','2018-11-20 02:55:56'),(266,249,'140121','清徐县','2018-11-20 02:55:56','2018-11-20 02:55:56'),(267,249,'140122','阳曲县','2018-11-20 02:55:56','2018-11-20 02:55:56'),(268,249,'140123','娄烦县','2018-11-20 02:55:56','2018-11-20 02:55:56'),(269,249,'140181','古交市','2018-11-20 02:55:56','2018-11-20 02:55:56'),(270,250,'140202','城区','2018-11-20 02:55:56','2018-11-20 02:55:56'),(271,250,'140203','矿区','2018-11-20 02:55:56','2018-11-20 02:55:56'),(272,250,'140211','南郊区','2018-11-20 02:55:56','2018-11-20 02:55:56'),(273,250,'140212','新荣区','2018-11-20 02:55:56','2018-11-20 02:55:56'),(274,250,'140221','阳高县','2018-11-20 02:55:56','2018-11-20 02:55:56'),(275,250,'140222','天镇县','2018-11-20 02:55:56','2018-11-20 02:55:56'),(276,250,'140223','广灵县','2018-11-20 02:55:56','2018-11-20 02:55:56'),(277,250,'140224','灵丘县','2018-11-20 02:55:56','2018-11-20 02:55:56'),(278,250,'140225','浑源县','2018-11-20 02:55:56','2018-11-20 02:55:56'),(279,250,'140226','左云县','2018-11-20 02:55:56','2018-11-20 02:55:56'),(280,250,'140227','大同县','2018-11-20 02:55:56','2018-11-20 02:55:56'),(281,251,'140302','城区','2018-11-20 02:55:56','2018-11-20 02:55:56'),(282,251,'140303','矿区','2018-11-20 02:55:56','2018-11-20 02:55:56'),(283,251,'140311','郊区','2018-11-20 02:55:56','2018-11-20 02:55:56'),(284,251,'140321','平定县','2018-11-20 02:55:56','2018-11-20 02:55:56'),(285,251,'140322','盂县','2018-11-20 02:55:56','2018-11-20 02:55:56'),(286,252,'140402','城区','2018-11-20 02:55:56','2018-11-20 02:55:56'),(287,252,'140411','郊区','2018-11-20 02:55:56','2018-11-20 02:55:56'),(288,252,'140421','长治县','2018-11-20 02:55:56','2018-11-20 02:55:56'),(289,252,'140423','襄垣县','2018-11-20 02:55:56','2018-11-20 02:55:56'),(290,252,'140424','屯留县','2018-11-20 02:55:56','2018-11-20 02:55:56'),(291,252,'140425','平顺县','2018-11-20 02:55:56','2018-11-20 02:55:56'),(292,252,'140426','黎城县','2018-11-20 02:55:56','2018-11-20 02:55:56'),(293,252,'140427','壶关县','2018-11-20 02:55:56','2018-11-20 02:55:56'),(294,252,'140428','长子县','2018-11-20 02:55:56','2018-11-20 02:55:56'),(295,252,'140429','武乡县','2018-11-20 02:55:56','2018-11-20 02:55:56'),(296,252,'140430','沁县','2018-11-20 02:55:56','2018-11-20 02:55:56'),(297,252,'140431','沁源县','2018-11-20 02:55:56','2018-11-20 02:55:56'),(298,252,'140481','潞城市','2018-11-20 02:55:56','2018-11-20 02:55:56'),(299,253,'140502','城区','2018-11-20 02:55:56','2018-11-20 02:55:56'),(300,253,'140521','沁水县','2018-11-20 02:55:56','2018-11-20 02:55:56'),(301,253,'140522','阳城县','2018-11-20 02:55:56','2018-11-20 02:55:56'),(302,253,'140524','陵川县','2018-11-20 02:55:56','2018-11-20 02:55:56'),(303,253,'140525','泽州县','2018-11-20 02:55:56','2018-11-20 02:55:56'),(304,253,'140581','高平市','2018-11-20 02:55:56','2018-11-20 02:55:56'),(305,254,'140602','朔城区','2018-11-20 02:55:56','2018-11-20 02:55:56'),(306,254,'140603','平鲁区','2018-11-20 02:55:56','2018-11-20 02:55:56'),(307,254,'140621','山阴县','2018-11-20 02:55:56','2018-11-20 02:55:56'),(308,254,'140622','应县','2018-11-20 02:55:56','2018-11-20 02:55:56'),(309,254,'140623','右玉县','2018-11-20 02:55:56','2018-11-20 02:55:56'),(310,254,'140624','怀仁县','2018-11-20 02:55:56','2018-11-20 02:55:56'),(311,255,'140702','榆次区','2018-11-20 02:55:56','2018-11-20 02:55:56'),(312,255,'140721','榆社县','2018-11-20 02:55:56','2018-11-20 02:55:56'),(313,255,'140722','左权县','2018-11-20 02:55:56','2018-11-20 02:55:56'),(314,255,'140723','和顺县','2018-11-20 02:55:56','2018-11-20 02:55:56'),(315,255,'140724','昔阳县','2018-11-20 02:55:56','2018-11-20 02:55:56'),(316,255,'140725','寿阳县','2018-11-20 02:55:56','2018-11-20 02:55:56'),(317,255,'140726','太谷县','2018-11-20 02:55:56','2018-11-20 02:55:56'),(318,255,'140727','祁县','2018-11-20 02:55:56','2018-11-20 02:55:56'),(319,255,'140728','平遥县','2018-11-20 02:55:56','2018-11-20 02:55:56'),(320,255,'140729','灵石县','2018-11-20 02:55:56','2018-11-20 02:55:56'),(321,255,'140781','介休市','2018-11-20 02:55:56','2018-11-20 02:55:56'),(322,256,'140802','盐湖区','2018-11-20 02:55:56','2018-11-20 02:55:56'),(323,256,'140821','临猗县','2018-11-20 02:55:56','2018-11-20 02:55:56'),(324,256,'140822','万荣县','2018-11-20 02:55:56','2018-11-20 02:55:56'),(325,256,'140823','闻喜县','2018-11-20 02:55:56','2018-11-20 02:55:56'),(326,256,'140824','稷山县','2018-11-20 02:55:56','2018-11-20 02:55:56'),(327,256,'140825','新绛县','2018-11-20 02:55:56','2018-11-20 02:55:56'),(328,256,'140826','绛县','2018-11-20 02:55:56','2018-11-20 02:55:56'),(329,256,'140827','垣曲县','2018-11-20 02:55:56','2018-11-20 02:55:56'),(330,256,'140828','夏县','2018-11-20 02:55:56','2018-11-20 02:55:56'),(331,256,'140829','平陆县','2018-11-20 02:55:56','2018-11-20 02:55:56'),(332,256,'140830','芮城县','2018-11-20 02:55:56','2018-11-20 02:55:56'),(333,256,'140881','永济市','2018-11-20 02:55:56','2018-11-20 02:55:56'),(334,256,'140882','河津市','2018-11-20 02:55:56','2018-11-20 02:55:56'),(335,257,'140902','忻府区','2018-11-20 02:55:56','2018-11-20 02:55:56'),(336,257,'140921','定襄县','2018-11-20 02:55:56','2018-11-20 02:55:56'),(337,257,'140922','五台县','2018-11-20 02:55:56','2018-11-20 02:55:56'),(338,257,'140923','代县','2018-11-20 02:55:56','2018-11-20 02:55:56'),(339,257,'140924','繁峙县','2018-11-20 02:55:56','2018-11-20 02:55:56'),(340,257,'140925','宁武县','2018-11-20 02:55:56','2018-11-20 02:55:56'),(341,257,'140926','静乐县','2018-11-20 02:55:56','2018-11-20 02:55:56'),(342,257,'140927','神池县','2018-11-20 02:55:56','2018-11-20 02:55:56'),(343,257,'140928','五寨县','2018-11-20 02:55:56','2018-11-20 02:55:56'),(344,257,'140929','岢岚县','2018-11-20 02:55:56','2018-11-20 02:55:56'),(345,257,'140930','河曲县','2018-11-20 02:55:56','2018-11-20 02:55:56'),(346,257,'140931','保德县','2018-11-20 02:55:56','2018-11-20 02:55:56'),(347,257,'140932','偏关县','2018-11-20 02:55:56','2018-11-20 02:55:56'),(348,257,'140981','原平市','2018-11-20 02:55:56','2018-11-20 02:55:56'),(349,258,'141002','尧都区','2018-11-20 02:55:56','2018-11-20 02:55:56'),(350,258,'141021','曲沃县','2018-11-20 02:55:56','2018-11-20 02:55:56'),(351,258,'141022','翼城县','2018-11-20 02:55:56','2018-11-20 02:55:56'),(352,258,'141023','襄汾县','2018-11-20 02:55:56','2018-11-20 02:55:56'),(353,258,'141024','洪洞县','2018-11-20 02:55:56','2018-11-20 02:55:56'),(354,258,'141025','古县','2018-11-20 02:55:56','2018-11-20 02:55:56'),(355,258,'141026','安泽县','2018-11-20 02:55:56','2018-11-20 02:55:56'),(356,258,'141027','浮山县','2018-11-20 02:55:56','2018-11-20 02:55:56'),(357,258,'141028','吉县','2018-11-20 02:55:56','2018-11-20 02:55:56'),(358,258,'141029','乡宁县','2018-11-20 02:55:56','2018-11-20 02:55:56'),(359,258,'141030','大宁县','2018-11-20 02:55:56','2018-11-20 02:55:56'),(360,258,'141031','隰县','2018-11-20 02:55:56','2018-11-20 02:55:56'),(361,258,'141032','永和县','2018-11-20 02:55:56','2018-11-20 02:55:56'),(362,258,'141033','蒲县','2018-11-20 02:55:56','2018-11-20 02:55:56'),(363,258,'141034','汾西县','2018-11-20 02:55:56','2018-11-20 02:55:56'),(364,258,'141081','侯马市','2018-11-20 02:55:56','2018-11-20 02:55:56'),(365,258,'141082','霍州市','2018-11-20 02:55:56','2018-11-20 02:55:56'),(366,259,'141102','离石区','2018-11-20 02:55:56','2018-11-20 02:55:56'),(367,259,'141121','文水县','2018-11-20 02:55:56','2018-11-20 02:55:56'),(368,259,'141122','交城县','2018-11-20 02:55:56','2018-11-20 02:55:56'),(369,259,'141123','兴县','2018-11-20 02:55:56','2018-11-20 02:55:56'),(370,259,'141124','临县','2018-11-20 02:55:56','2018-11-20 02:55:56'),(371,259,'141125','柳林县','2018-11-20 02:55:56','2018-11-20 02:55:56'),(372,259,'141126','石楼县','2018-11-20 02:55:56','2018-11-20 02:55:56'),(373,259,'141127','岚县','2018-11-20 02:55:56','2018-11-20 02:55:56'),(374,259,'141128','方山县','2018-11-20 02:55:56','2018-11-20 02:55:56'),(375,259,'141129','中阳县','2018-11-20 02:55:56','2018-11-20 02:55:56'),(376,259,'141130','交口县','2018-11-20 02:55:56','2018-11-20 02:55:56'),(377,259,'141181','孝义市','2018-11-20 02:55:56','2018-11-20 02:55:56'),(378,259,'141182','汾阳市','2018-11-20 02:55:56','2018-11-20 02:55:56'),(379,6,'150100','呼和浩特市','2018-11-20 02:55:56','2018-11-20 02:55:56'),(380,6,'150200','包头市','2018-11-20 02:55:56','2018-11-20 02:55:56'),(381,6,'150300','乌海市','2018-11-20 02:55:56','2018-11-20 02:55:56'),(382,6,'150400','赤峰市','2018-11-20 02:55:56','2018-11-20 02:55:56'),(383,6,'150500','通辽市','2018-11-20 02:55:56','2018-11-20 02:55:56'),(384,6,'150600','鄂尔多斯市','2018-11-20 02:55:56','2018-11-20 02:55:56'),(385,6,'150700','呼伦贝尔市','2018-11-20 02:55:56','2018-11-20 02:55:56'),(386,6,'150800','巴彦淖尔市','2018-11-20 02:55:56','2018-11-20 02:55:56'),(387,6,'150900','乌兰察布市','2018-11-20 02:55:56','2018-11-20 02:55:56'),(388,6,'152200','兴安盟','2018-11-20 02:55:56','2018-11-20 02:55:56'),(389,6,'152500','锡林郭勒盟','2018-11-20 02:55:56','2018-11-20 02:55:56'),(390,6,'152900','阿拉善盟','2018-11-20 02:55:56','2018-11-20 02:55:56'),(391,379,'150102','新城区','2018-11-20 02:55:56','2018-11-20 02:55:56'),(392,379,'150103','回民区','2018-11-20 02:55:56','2018-11-20 02:55:56'),(393,379,'150104','玉泉区','2018-11-20 02:55:56','2018-11-20 02:55:56'),(394,379,'150105','赛罕区','2018-11-20 02:55:56','2018-11-20 02:55:56'),(395,379,'150121','土默特左旗','2018-11-20 02:55:56','2018-11-20 02:55:56'),(396,379,'150122','托克托县','2018-11-20 02:55:56','2018-11-20 02:55:56'),(397,379,'150123','和林格尔县','2018-11-20 02:55:56','2018-11-20 02:55:56'),(398,379,'150124','清水河县','2018-11-20 02:55:56','2018-11-20 02:55:56'),(399,379,'150125','武川县','2018-11-20 02:55:56','2018-11-20 02:55:56'),(400,380,'150202','东河区','2018-11-20 02:55:56','2018-11-20 02:55:56'),(401,380,'150203','昆都仑区','2018-11-20 02:55:56','2018-11-20 02:55:56'),(402,380,'150204','青山区','2018-11-20 02:55:56','2018-11-20 02:55:56'),(403,380,'150205','石拐区','2018-11-20 02:55:56','2018-11-20 02:55:56'),(404,380,'150206','白云鄂博矿区','2018-11-20 02:55:56','2018-11-20 02:55:56'),(405,380,'150207','九原区','2018-11-20 02:55:56','2018-11-20 02:55:56'),(406,380,'150221','土默特右旗','2018-11-20 02:55:56','2018-11-20 02:55:56'),(407,380,'150222','固阳县','2018-11-20 02:55:56','2018-11-20 02:55:56'),(408,380,'150223','达尔罕茂明安联合旗','2018-11-20 02:55:56','2018-11-20 02:55:56'),(409,381,'150302','海勃湾区','2018-11-20 02:55:56','2018-11-20 02:55:56'),(410,381,'150303','海南区','2018-11-20 02:55:56','2018-11-20 02:55:56'),(411,381,'150304','乌达区','2018-11-20 02:55:56','2018-11-20 02:55:56'),(412,382,'150402','红山区','2018-11-20 02:55:56','2018-11-20 02:55:56'),(413,382,'150403','元宝山区','2018-11-20 02:55:56','2018-11-20 02:55:56'),(414,382,'150404','松山区','2018-11-20 02:55:56','2018-11-20 02:55:56'),(415,382,'150421','阿鲁科尔沁旗','2018-11-20 02:55:56','2018-11-20 02:55:56'),(416,382,'150422','巴林左旗','2018-11-20 02:55:56','2018-11-20 02:55:56'),(417,382,'150423','巴林右旗','2018-11-20 02:55:56','2018-11-20 02:55:56'),(418,382,'150424','林西县','2018-11-20 02:55:56','2018-11-20 02:55:56'),(419,382,'150425','克什克腾旗','2018-11-20 02:55:56','2018-11-20 02:55:56'),(420,382,'150426','翁牛特旗','2018-11-20 02:55:56','2018-11-20 02:55:56'),(421,382,'150428','喀喇沁旗','2018-11-20 02:55:56','2018-11-20 02:55:56'),(422,382,'150429','宁城县','2018-11-20 02:55:56','2018-11-20 02:55:56'),(423,382,'150430','敖汉旗','2018-11-20 02:55:56','2018-11-20 02:55:56'),(424,383,'150502','科尔沁区','2018-11-20 02:55:56','2018-11-20 02:55:56'),(425,383,'150521','科尔沁左翼中旗','2018-11-20 02:55:56','2018-11-20 02:55:56'),(426,383,'150522','科尔沁左翼后旗','2018-11-20 02:55:56','2018-11-20 02:55:56'),(427,383,'150523','开鲁县','2018-11-20 02:55:56','2018-11-20 02:55:56'),(428,383,'150524','库伦旗','2018-11-20 02:55:56','2018-11-20 02:55:56'),(429,383,'150525','奈曼旗','2018-11-20 02:55:56','2018-11-20 02:55:56'),(430,383,'150526','扎鲁特旗','2018-11-20 02:55:56','2018-11-20 02:55:56'),(431,383,'150581','霍林郭勒市','2018-11-20 02:55:56','2018-11-20 02:55:56'),(432,384,'150602','东胜区','2018-11-20 02:55:56','2018-11-20 02:55:56'),(433,384,'150603','康巴什区','2018-11-20 02:55:56','2018-11-20 02:55:56'),(434,384,'150621','达拉特旗','2018-11-20 02:55:56','2018-11-20 02:55:56'),(435,384,'150622','准格尔旗','2018-11-20 02:55:56','2018-11-20 02:55:56'),(436,384,'150623','鄂托克前旗','2018-11-20 02:55:56','2018-11-20 02:55:56'),(437,384,'150624','鄂托克旗','2018-11-20 02:55:56','2018-11-20 02:55:56'),(438,384,'150625','杭锦旗','2018-11-20 02:55:56','2018-11-20 02:55:56'),(439,384,'150626','乌审旗','2018-11-20 02:55:56','2018-11-20 02:55:56'),(440,384,'150627','伊金霍洛旗','2018-11-20 02:55:56','2018-11-20 02:55:56'),(441,385,'150702','海拉尔区','2018-11-20 02:55:56','2018-11-20 02:55:56'),(442,385,'150703','扎赉诺尔区','2018-11-20 02:55:56','2018-11-20 02:55:56'),(443,385,'150721','阿荣旗','2018-11-20 02:55:56','2018-11-20 02:55:56'),(444,385,'150722','莫力达瓦达斡尔族自治旗','2018-11-20 02:55:56','2018-11-20 02:55:56'),(445,385,'150723','鄂伦春自治旗','2018-11-20 02:55:56','2018-11-20 02:55:56'),(446,385,'150724','鄂温克族自治旗','2018-11-20 02:55:56','2018-11-20 02:55:56'),(447,385,'150725','陈巴尔虎旗','2018-11-20 02:55:56','2018-11-20 02:55:56'),(448,385,'150726','新巴尔虎左旗','2018-11-20 02:55:56','2018-11-20 02:55:56'),(449,385,'150727','新巴尔虎右旗','2018-11-20 02:55:56','2018-11-20 02:55:56'),(450,385,'150781','满洲里市','2018-11-20 02:55:56','2018-11-20 02:55:56'),(451,385,'150782','牙克石市','2018-11-20 02:55:56','2018-11-20 02:55:56'),(452,385,'150783','扎兰屯市','2018-11-20 02:55:56','2018-11-20 02:55:56'),(453,385,'150784','额尔古纳市','2018-11-20 02:55:56','2018-11-20 02:55:56'),(454,385,'150785','根河市','2018-11-20 02:55:56','2018-11-20 02:55:56'),(455,386,'150802','临河区','2018-11-20 02:55:56','2018-11-20 02:55:56'),(456,386,'150821','五原县','2018-11-20 02:55:56','2018-11-20 02:55:56'),(457,386,'150822','磴口县','2018-11-20 02:55:56','2018-11-20 02:55:56'),(458,386,'150823','乌拉特前旗','2018-11-20 02:55:56','2018-11-20 02:55:56'),(459,386,'150824','乌拉特中旗','2018-11-20 02:55:56','2018-11-20 02:55:56'),(460,386,'150825','乌拉特后旗','2018-11-20 02:55:56','2018-11-20 02:55:56'),(461,386,'150826','杭锦后旗','2018-11-20 02:55:56','2018-11-20 02:55:56'),(462,387,'150902','集宁区','2018-11-20 02:55:56','2018-11-20 02:55:56'),(463,387,'150921','卓资县','2018-11-20 02:55:56','2018-11-20 02:55:56'),(464,387,'150922','化德县','2018-11-20 02:55:56','2018-11-20 02:55:56'),(465,387,'150923','商都县','2018-11-20 02:55:56','2018-11-20 02:55:56'),(466,387,'150924','兴和县','2018-11-20 02:55:56','2018-11-20 02:55:56'),(467,387,'150925','凉城县','2018-11-20 02:55:56','2018-11-20 02:55:56'),(468,387,'150926','察哈尔右翼前旗','2018-11-20 02:55:56','2018-11-20 02:55:56'),(469,387,'150927','察哈尔右翼中旗','2018-11-20 02:55:56','2018-11-20 02:55:56'),(470,387,'150928','察哈尔右翼后旗','2018-11-20 02:55:56','2018-11-20 02:55:56'),(471,387,'150929','四子王旗','2018-11-20 02:55:56','2018-11-20 02:55:56'),(472,387,'150981','丰镇市','2018-11-20 02:55:56','2018-11-20 02:55:56'),(473,388,'152201','乌兰浩特市','2018-11-20 02:55:56','2018-11-20 02:55:56'),(474,388,'152202','阿尔山市','2018-11-20 02:55:56','2018-11-20 02:55:56'),(475,388,'152221','科尔沁右翼前旗','2018-11-20 02:55:56','2018-11-20 02:55:56'),(476,388,'152222','科尔沁右翼中旗','2018-11-20 02:55:56','2018-11-20 02:55:56'),(477,388,'152223','扎赉特旗','2018-11-20 02:55:56','2018-11-20 02:55:56'),(478,388,'152224','突泉县','2018-11-20 02:55:56','2018-11-20 02:55:56'),(479,389,'152501','二连浩特市','2018-11-20 02:55:56','2018-11-20 02:55:56'),(480,389,'152502','锡林浩特市','2018-11-20 02:55:56','2018-11-20 02:55:56'),(481,389,'152522','阿巴嘎旗','2018-11-20 02:55:56','2018-11-20 02:55:56'),(482,389,'152523','苏尼特左旗','2018-11-20 02:55:56','2018-11-20 02:55:56'),(483,389,'152524','苏尼特右旗','2018-11-20 02:55:56','2018-11-20 02:55:56'),(484,389,'152525','东乌珠穆沁旗','2018-11-20 02:55:56','2018-11-20 02:55:56'),(485,389,'152526','西乌珠穆沁旗','2018-11-20 02:55:56','2018-11-20 02:55:56'),(486,389,'152527','太仆寺旗','2018-11-20 02:55:56','2018-11-20 02:55:56'),(487,389,'152528','镶黄旗','2018-11-20 02:55:56','2018-11-20 02:55:56'),(488,389,'152529','正镶白旗','2018-11-20 02:55:56','2018-11-20 02:55:56'),(489,389,'152530','正蓝旗','2018-11-20 02:55:56','2018-11-20 02:55:56'),(490,389,'152531','多伦县','2018-11-20 02:55:56','2018-11-20 02:55:56'),(491,390,'152921','阿拉善左旗','2018-11-20 02:55:56','2018-11-20 02:55:56'),(492,390,'152922','阿拉善右旗','2018-11-20 02:55:56','2018-11-20 02:55:56'),(493,390,'152923','额济纳旗','2018-11-20 02:55:56','2018-11-20 02:55:56'),(494,7,'210100','沈阳市','2018-11-20 02:55:56','2018-11-20 02:55:56'),(495,7,'210200','大连市','2018-11-20 02:55:56','2018-11-20 02:55:56'),(496,7,'210300','鞍山市','2018-11-20 02:55:56','2018-11-20 02:55:56'),(497,7,'210400','抚顺市','2018-11-20 02:55:56','2018-11-20 02:55:56'),(498,7,'210500','本溪市','2018-11-20 02:55:56','2018-11-20 02:55:56'),(499,7,'210600','丹东市','2018-11-20 02:55:56','2018-11-20 02:55:56'),(500,7,'210700','锦州市','2018-11-20 02:55:56','2018-11-20 02:55:56'),(501,7,'210800','营口市','2018-11-20 02:55:56','2018-11-20 02:55:56'),(502,7,'210900','阜新市','2018-11-20 02:55:56','2018-11-20 02:55:56'),(503,7,'211000','辽阳市','2018-11-20 02:55:56','2018-11-20 02:55:56'),(504,7,'211100','盘锦市','2018-11-20 02:55:56','2018-11-20 02:55:56'),(505,7,'211200','铁岭市','2018-11-20 02:55:56','2018-11-20 02:55:56'),(506,7,'211300','朝阳市','2018-11-20 02:55:56','2018-11-20 02:55:56'),(507,7,'211400','葫芦岛市','2018-11-20 02:55:56','2018-11-20 02:55:56'),(508,494,'210102','和平区','2018-11-20 02:55:56','2018-11-20 02:55:56'),(509,494,'210103','沈河区','2018-11-20 02:55:56','2018-11-20 02:55:56'),(510,494,'210104','大东区','2018-11-20 02:55:56','2018-11-20 02:55:56'),(511,494,'210105','皇姑区','2018-11-20 02:55:56','2018-11-20 02:55:56'),(512,494,'210106','铁西区','2018-11-20 02:55:56','2018-11-20 02:55:56'),(513,494,'210111','苏家屯区','2018-11-20 02:55:56','2018-11-20 02:55:56'),(514,494,'210112','浑南区','2018-11-20 02:55:56','2018-11-20 02:55:56'),(515,494,'210113','沈北新区','2018-11-20 02:55:56','2018-11-20 02:55:56'),(516,494,'210114','于洪区','2018-11-20 02:55:56','2018-11-20 02:55:56'),(517,494,'210115','辽中区','2018-11-20 02:55:56','2018-11-20 02:55:56'),(518,494,'210123','康平县','2018-11-20 02:55:56','2018-11-20 02:55:56'),(519,494,'210124','法库县','2018-11-20 02:55:56','2018-11-20 02:55:56'),(520,494,'210181','新民市','2018-11-20 02:55:56','2018-11-20 02:55:56'),(521,495,'210202','中山区','2018-11-20 02:55:56','2018-11-20 02:55:56'),(522,495,'210203','西岗区','2018-11-20 02:55:56','2018-11-20 02:55:56'),(523,495,'210204','沙河口区','2018-11-20 02:55:56','2018-11-20 02:55:56'),(524,495,'210211','甘井子区','2018-11-20 02:55:56','2018-11-20 02:55:56'),(525,495,'210212','旅顺口区','2018-11-20 02:55:56','2018-11-20 02:55:56'),(526,495,'210213','金州区','2018-11-20 02:55:56','2018-11-20 02:55:56'),(527,495,'210214','普兰店区','2018-11-20 02:55:56','2018-11-20 02:55:56'),(528,495,'210224','长海县','2018-11-20 02:55:56','2018-11-20 02:55:56'),(529,495,'210281','瓦房店市','2018-11-20 02:55:56','2018-11-20 02:55:56'),(530,495,'210283','庄河市','2018-11-20 02:55:56','2018-11-20 02:55:56'),(531,496,'210302','铁东区','2018-11-20 02:55:56','2018-11-20 02:55:56'),(532,496,'210303','铁西区','2018-11-20 02:55:56','2018-11-20 02:55:56'),(533,496,'210304','立山区','2018-11-20 02:55:56','2018-11-20 02:55:56'),(534,496,'210311','千山区','2018-11-20 02:55:56','2018-11-20 02:55:56'),(535,496,'210321','台安县','2018-11-20 02:55:56','2018-11-20 02:55:56'),(536,496,'210323','岫岩满族自治县','2018-11-20 02:55:56','2018-11-20 02:55:56'),(537,496,'210381','海城市','2018-11-20 02:55:56','2018-11-20 02:55:56'),(538,497,'210402','新抚区','2018-11-20 02:55:56','2018-11-20 02:55:56'),(539,497,'210403','东洲区','2018-11-20 02:55:56','2018-11-20 02:55:56'),(540,497,'210404','望花区','2018-11-20 02:55:56','2018-11-20 02:55:56'),(541,497,'210411','顺城区','2018-11-20 02:55:56','2018-11-20 02:55:56'),(542,497,'210421','抚顺县','2018-11-20 02:55:56','2018-11-20 02:55:56'),(543,497,'210422','新宾满族自治县','2018-11-20 02:55:56','2018-11-20 02:55:56'),(544,497,'210423','清原满族自治县','2018-11-20 02:55:56','2018-11-20 02:55:56'),(545,498,'210502','平山区','2018-11-20 02:55:56','2018-11-20 02:55:56'),(546,498,'210503','溪湖区','2018-11-20 02:55:56','2018-11-20 02:55:56'),(547,498,'210504','明山区','2018-11-20 02:55:56','2018-11-20 02:55:56'),(548,498,'210505','南芬区','2018-11-20 02:55:56','2018-11-20 02:55:56'),(549,498,'210521','本溪满族自治县','2018-11-20 02:55:56','2018-11-20 02:55:56'),(550,498,'210522','桓仁满族自治县','2018-11-20 02:55:56','2018-11-20 02:55:56'),(551,499,'210602','元宝区','2018-11-20 02:55:56','2018-11-20 02:55:56'),(552,499,'210603','振兴区','2018-11-20 02:55:56','2018-11-20 02:55:56'),(553,499,'210604','振安区','2018-11-20 02:55:56','2018-11-20 02:55:56'),(554,499,'210624','宽甸满族自治县','2018-11-20 02:55:56','2018-11-20 02:55:56'),(555,499,'210681','东港市','2018-11-20 02:55:56','2018-11-20 02:55:56'),(556,499,'210682','凤城市','2018-11-20 02:55:56','2018-11-20 02:55:56'),(557,500,'210702','古塔区','2018-11-20 02:55:56','2018-11-20 02:55:56'),(558,500,'210703','凌河区','2018-11-20 02:55:56','2018-11-20 02:55:56'),(559,500,'210711','太和区','2018-11-20 02:55:56','2018-11-20 02:55:56'),(560,500,'210726','黑山县','2018-11-20 02:55:56','2018-11-20 02:55:56'),(561,500,'210727','义县','2018-11-20 02:55:56','2018-11-20 02:55:56'),(562,500,'210781','凌海市','2018-11-20 02:55:56','2018-11-20 02:55:56'),(563,500,'210782','北镇市','2018-11-20 02:55:56','2018-11-20 02:55:56'),(564,501,'210802','站前区','2018-11-20 02:55:56','2018-11-20 02:55:56'),(565,501,'210803','西市区','2018-11-20 02:55:56','2018-11-20 02:55:56'),(566,501,'210804','鲅鱼圈区','2018-11-20 02:55:56','2018-11-20 02:55:56'),(567,501,'210811','老边区','2018-11-20 02:55:56','2018-11-20 02:55:56'),(568,501,'210881','盖州市','2018-11-20 02:55:56','2018-11-20 02:55:56'),(569,501,'210882','大石桥市','2018-11-20 02:55:56','2018-11-20 02:55:56'),(570,502,'210902','海州区','2018-11-20 02:55:56','2018-11-20 02:55:56'),(571,502,'210903','新邱区','2018-11-20 02:55:56','2018-11-20 02:55:56'),(572,502,'210904','太平区','2018-11-20 02:55:56','2018-11-20 02:55:56'),(573,502,'210905','清河门区','2018-11-20 02:55:56','2018-11-20 02:55:56'),(574,502,'210911','细河区','2018-11-20 02:55:56','2018-11-20 02:55:56'),(575,502,'210921','阜新蒙古族自治县','2018-11-20 02:55:56','2018-11-20 02:55:56'),(576,502,'210922','彰武县','2018-11-20 02:55:56','2018-11-20 02:55:56'),(577,503,'211002','白塔区','2018-11-20 02:55:56','2018-11-20 02:55:56'),(578,503,'211003','文圣区','2018-11-20 02:55:56','2018-11-20 02:55:56'),(579,503,'211004','宏伟区','2018-11-20 02:55:56','2018-11-20 02:55:56'),(580,503,'211005','弓长岭区','2018-11-20 02:55:56','2018-11-20 02:55:56'),(581,503,'211011','太子河区','2018-11-20 02:55:56','2018-11-20 02:55:56'),(582,503,'211021','辽阳县','2018-11-20 02:55:56','2018-11-20 02:55:56'),(583,503,'211081','灯塔市','2018-11-20 02:55:56','2018-11-20 02:55:56'),(584,504,'211102','双台子区','2018-11-20 02:55:56','2018-11-20 02:55:56'),(585,504,'211103','兴隆台区','2018-11-20 02:55:56','2018-11-20 02:55:56'),(586,504,'211104','大洼区','2018-11-20 02:55:56','2018-11-20 02:55:56'),(587,504,'211122','盘山县','2018-11-20 02:55:56','2018-11-20 02:55:56'),(588,505,'211202','银州区','2018-11-20 02:55:56','2018-11-20 02:55:56'),(589,505,'211204','清河区','2018-11-20 02:55:56','2018-11-20 02:55:56'),(590,505,'211221','铁岭县','2018-11-20 02:55:56','2018-11-20 02:55:56'),(591,505,'211223','西丰县','2018-11-20 02:55:56','2018-11-20 02:55:56'),(592,505,'211224','昌图县','2018-11-20 02:55:56','2018-11-20 02:55:56'),(593,505,'211281','调兵山市','2018-11-20 02:55:56','2018-11-20 02:55:56'),(594,505,'211282','开原市','2018-11-20 02:55:56','2018-11-20 02:55:56'),(595,506,'211302','双塔区','2018-11-20 02:55:56','2018-11-20 02:55:56'),(596,506,'211303','龙城区','2018-11-20 02:55:56','2018-11-20 02:55:56'),(597,506,'211321','朝阳县','2018-11-20 02:55:56','2018-11-20 02:55:56'),(598,506,'211322','建平县','2018-11-20 02:55:56','2018-11-20 02:55:56'),(599,506,'211324','喀喇沁左翼蒙古族自治县','2018-11-20 02:55:56','2018-11-20 02:55:56'),(600,506,'211381','北票市','2018-11-20 02:55:56','2018-11-20 02:55:56'),(601,506,'211382','凌源市','2018-11-20 02:55:56','2018-11-20 02:55:56'),(602,507,'211402','连山区','2018-11-20 02:55:56','2018-11-20 02:55:56'),(603,507,'211403','龙港区','2018-11-20 02:55:56','2018-11-20 02:55:56'),(604,507,'211404','南票区','2018-11-20 02:55:56','2018-11-20 02:55:56'),(605,507,'211421','绥中县','2018-11-20 02:55:56','2018-11-20 02:55:56'),(606,507,'211422','建昌县','2018-11-20 02:55:56','2018-11-20 02:55:56'),(607,507,'211481','兴城市','2018-11-20 02:55:56','2018-11-20 02:55:56'),(608,8,'220100','长春市','2018-11-20 02:55:56','2018-11-20 02:55:56'),(609,8,'220200','吉林市','2018-11-20 02:55:56','2018-11-20 02:55:56'),(610,8,'220300','四平市','2018-11-20 02:55:56','2018-11-20 02:55:56'),(611,8,'220400','辽源市','2018-11-20 02:55:56','2018-11-20 02:55:56'),(612,8,'220500','通化市','2018-11-20 02:55:56','2018-11-20 02:55:56'),(613,8,'220600','白山市','2018-11-20 02:55:56','2018-11-20 02:55:56'),(614,8,'220700','松原市','2018-11-20 02:55:56','2018-11-20 02:55:56'),(615,8,'220800','白城市','2018-11-20 02:55:56','2018-11-20 02:55:56'),(616,8,'222400','延边朝鲜族自治州','2018-11-20 02:55:56','2018-11-20 02:55:56'),(617,608,'220102','南关区','2018-11-20 02:55:56','2018-11-20 02:55:56'),(618,608,'220103','宽城区','2018-11-20 02:55:56','2018-11-20 02:55:56'),(619,608,'220104','朝阳区','2018-11-20 02:55:56','2018-11-20 02:55:56'),(620,608,'220105','二道区','2018-11-20 02:55:56','2018-11-20 02:55:56'),(621,608,'220106','绿园区','2018-11-20 02:55:56','2018-11-20 02:55:56'),(622,608,'220112','双阳区','2018-11-20 02:55:56','2018-11-20 02:55:56'),(623,608,'220113','九台区','2018-11-20 02:55:56','2018-11-20 02:55:56'),(624,608,'220122','农安县','2018-11-20 02:55:56','2018-11-20 02:55:56'),(625,608,'220182','榆树市','2018-11-20 02:55:56','2018-11-20 02:55:56'),(626,608,'220183','德惠市','2018-11-20 02:55:56','2018-11-20 02:55:56'),(627,609,'220202','昌邑区','2018-11-20 02:55:56','2018-11-20 02:55:56'),(628,609,'220203','龙潭区','2018-11-20 02:55:56','2018-11-20 02:55:56'),(629,609,'220204','船营区','2018-11-20 02:55:56','2018-11-20 02:55:56'),(630,609,'220211','丰满区','2018-11-20 02:55:56','2018-11-20 02:55:56'),(631,609,'220221','永吉县','2018-11-20 02:55:56','2018-11-20 02:55:56'),(632,609,'220281','蛟河市','2018-11-20 02:55:56','2018-11-20 02:55:56'),(633,609,'220282','桦甸市','2018-11-20 02:55:56','2018-11-20 02:55:56'),(634,609,'220283','舒兰市','2018-11-20 02:55:56','2018-11-20 02:55:56'),(635,609,'220284','磐石市','2018-11-20 02:55:56','2018-11-20 02:55:56'),(636,610,'220302','铁西区','2018-11-20 02:55:56','2018-11-20 02:55:56'),(637,610,'220303','铁东区','2018-11-20 02:55:56','2018-11-20 02:55:56'),(638,610,'220322','梨树县','2018-11-20 02:55:56','2018-11-20 02:55:56'),(639,610,'220323','伊通满族自治县','2018-11-20 02:55:56','2018-11-20 02:55:56'),(640,610,'220381','公主岭市','2018-11-20 02:55:56','2018-11-20 02:55:56'),(641,610,'220382','双辽市','2018-11-20 02:55:56','2018-11-20 02:55:56'),(642,611,'220402','龙山区','2018-11-20 02:55:56','2018-11-20 02:55:56'),(643,611,'220403','西安区','2018-11-20 02:55:56','2018-11-20 02:55:56'),(644,611,'220421','东丰县','2018-11-20 02:55:56','2018-11-20 02:55:56'),(645,611,'220422','东辽县','2018-11-20 02:55:56','2018-11-20 02:55:56'),(646,612,'220502','东昌区','2018-11-20 02:55:56','2018-11-20 02:55:56'),(647,612,'220503','二道江区','2018-11-20 02:55:56','2018-11-20 02:55:56'),(648,612,'220521','通化县','2018-11-20 02:55:56','2018-11-20 02:55:56'),(649,612,'220523','辉南县','2018-11-20 02:55:56','2018-11-20 02:55:56'),(650,612,'220524','柳河县','2018-11-20 02:55:56','2018-11-20 02:55:56'),(651,612,'220581','梅河口市','2018-11-20 02:55:56','2018-11-20 02:55:56'),(652,612,'220582','集安市','2018-11-20 02:55:56','2018-11-20 02:55:56'),(653,613,'220602','浑江区','2018-11-20 02:55:56','2018-11-20 02:55:56'),(654,613,'220605','江源区','2018-11-20 02:55:56','2018-11-20 02:55:56'),(655,613,'220621','抚松县','2018-11-20 02:55:56','2018-11-20 02:55:56'),(656,613,'220622','靖宇县','2018-11-20 02:55:56','2018-11-20 02:55:56'),(657,613,'220623','长白朝鲜族自治县','2018-11-20 02:55:56','2018-11-20 02:55:56'),(658,613,'220681','临江市','2018-11-20 02:55:56','2018-11-20 02:55:56'),(659,614,'220702','宁江区','2018-11-20 02:55:56','2018-11-20 02:55:56'),(660,614,'220721','前郭尔罗斯蒙古族自治县','2018-11-20 02:55:56','2018-11-20 02:55:56'),(661,614,'220722','长岭县','2018-11-20 02:55:56','2018-11-20 02:55:56'),(662,614,'220723','乾安县','2018-11-20 02:55:56','2018-11-20 02:55:56'),(663,614,'220781','扶余市','2018-11-20 02:55:56','2018-11-20 02:55:56'),(664,615,'220802','洮北区','2018-11-20 02:55:56','2018-11-20 02:55:56'),(665,615,'220821','镇赉县','2018-11-20 02:55:56','2018-11-20 02:55:56'),(666,615,'220822','通榆县','2018-11-20 02:55:56','2018-11-20 02:55:56'),(667,615,'220881','洮南市','2018-11-20 02:55:56','2018-11-20 02:55:56'),(668,615,'220882','大安市','2018-11-20 02:55:56','2018-11-20 02:55:56'),(669,616,'222401','延吉市','2018-11-20 02:55:56','2018-11-20 02:55:56'),(670,616,'222402','图们市','2018-11-20 02:55:56','2018-11-20 02:55:56'),(671,616,'222403','敦化市','2018-11-20 02:55:56','2018-11-20 02:55:56'),(672,616,'222404','珲春市','2018-11-20 02:55:56','2018-11-20 02:55:56'),(673,616,'222405','龙井市','2018-11-20 02:55:56','2018-11-20 02:55:56'),(674,616,'222406','和龙市','2018-11-20 02:55:56','2018-11-20 02:55:56'),(675,616,'222424','汪清县','2018-11-20 02:55:56','2018-11-20 02:55:56'),(676,616,'222426','安图县','2018-11-20 02:55:56','2018-11-20 02:55:56'),(677,9,'230100','哈尔滨市','2018-11-20 02:55:56','2018-11-20 02:55:56'),(678,9,'230200','齐齐哈尔市','2018-11-20 02:55:56','2018-11-20 02:55:56'),(679,9,'230300','鸡西市','2018-11-20 02:55:56','2018-11-20 02:55:56'),(680,9,'230400','鹤岗市','2018-11-20 02:55:56','2018-11-20 02:55:56'),(681,9,'230500','双鸭山市','2018-11-20 02:55:56','2018-11-20 02:55:56'),(682,9,'230600','大庆市','2018-11-20 02:55:56','2018-11-20 02:55:56'),(683,9,'230700','伊春市','2018-11-20 02:55:56','2018-11-20 02:55:56'),(684,9,'230800','佳木斯市','2018-11-20 02:55:56','2018-11-20 02:55:56'),(685,9,'230900','七台河市','2018-11-20 02:55:56','2018-11-20 02:55:56'),(686,9,'231000','牡丹江市','2018-11-20 02:55:56','2018-11-20 02:55:56'),(687,9,'231100','黑河市','2018-11-20 02:55:56','2018-11-20 02:55:56'),(688,9,'231200','绥化市','2018-11-20 02:55:56','2018-11-20 02:55:56'),(689,9,'232700','大兴安岭地区','2018-11-20 02:55:56','2018-11-20 02:55:56'),(690,677,'230102','道里区','2018-11-20 02:55:56','2018-11-20 02:55:56'),(691,677,'230103','南岗区','2018-11-20 02:55:56','2018-11-20 02:55:56'),(692,677,'230104','道外区','2018-11-20 02:55:56','2018-11-20 02:55:56'),(693,677,'230108','平房区','2018-11-20 02:55:56','2018-11-20 02:55:56'),(694,677,'230109','松北区','2018-11-20 02:55:56','2018-11-20 02:55:56'),(695,677,'230110','香坊区','2018-11-20 02:55:56','2018-11-20 02:55:56'),(696,677,'230111','呼兰区','2018-11-20 02:55:56','2018-11-20 02:55:56'),(697,677,'230112','阿城区','2018-11-20 02:55:56','2018-11-20 02:55:56'),(698,677,'230113','双城区','2018-11-20 02:55:56','2018-11-20 02:55:56'),(699,677,'230123','依兰县','2018-11-20 02:55:56','2018-11-20 02:55:56'),(700,677,'230124','方正县','2018-11-20 02:55:56','2018-11-20 02:55:56'),(701,677,'230125','宾县','2018-11-20 02:55:56','2018-11-20 02:55:56'),(702,677,'230126','巴彦县','2018-11-20 02:55:56','2018-11-20 02:55:56'),(703,677,'230127','木兰县','2018-11-20 02:55:56','2018-11-20 02:55:56'),(704,677,'230128','通河县','2018-11-20 02:55:56','2018-11-20 02:55:56'),(705,677,'230129','延寿县','2018-11-20 02:55:56','2018-11-20 02:55:56'),(706,677,'230183','尚志市','2018-11-20 02:55:56','2018-11-20 02:55:56'),(707,677,'230184','五常市','2018-11-20 02:55:56','2018-11-20 02:55:56'),(708,678,'230202','龙沙区','2018-11-20 02:55:56','2018-11-20 02:55:56'),(709,678,'230203','建华区','2018-11-20 02:55:56','2018-11-20 02:55:56'),(710,678,'230204','铁锋区','2018-11-20 02:55:56','2018-11-20 02:55:56'),(711,678,'230205','昂昂溪区','2018-11-20 02:55:56','2018-11-20 02:55:56'),(712,678,'230206','富拉尔基区','2018-11-20 02:55:56','2018-11-20 02:55:56'),(713,678,'230207','碾子山区','2018-11-20 02:55:56','2018-11-20 02:55:56'),(714,678,'230208','梅里斯达斡尔族区','2018-11-20 02:55:56','2018-11-20 02:55:56'),(715,678,'230221','龙江县','2018-11-20 02:55:56','2018-11-20 02:55:56'),(716,678,'230223','依安县','2018-11-20 02:55:56','2018-11-20 02:55:56'),(717,678,'230224','泰来县','2018-11-20 02:55:56','2018-11-20 02:55:56'),(718,678,'230225','甘南县','2018-11-20 02:55:56','2018-11-20 02:55:56'),(719,678,'230227','富裕县','2018-11-20 02:55:56','2018-11-20 02:55:56'),(720,678,'230229','克山县','2018-11-20 02:55:56','2018-11-20 02:55:56'),(721,678,'230230','克东县','2018-11-20 02:55:56','2018-11-20 02:55:56'),(722,678,'230231','拜泉县','2018-11-20 02:55:56','2018-11-20 02:55:56'),(723,678,'230281','讷河市','2018-11-20 02:55:56','2018-11-20 02:55:56'),(724,679,'230302','鸡冠区','2018-11-20 02:55:56','2018-11-20 02:55:56'),(725,679,'230303','恒山区','2018-11-20 02:55:56','2018-11-20 02:55:56'),(726,679,'230304','滴道区','2018-11-20 02:55:56','2018-11-20 02:55:56'),(727,679,'230305','梨树区','2018-11-20 02:55:56','2018-11-20 02:55:56'),(728,679,'230306','城子河区','2018-11-20 02:55:56','2018-11-20 02:55:56'),(729,679,'230307','麻山区','2018-11-20 02:55:56','2018-11-20 02:55:56'),(730,679,'230321','鸡东县','2018-11-20 02:55:56','2018-11-20 02:55:56'),(731,679,'230381','虎林市','2018-11-20 02:55:56','2018-11-20 02:55:56'),(732,679,'230382','密山市','2018-11-20 02:55:56','2018-11-20 02:55:56'),(733,680,'230402','向阳区','2018-11-20 02:55:56','2018-11-20 02:55:56'),(734,680,'230403','工农区','2018-11-20 02:55:56','2018-11-20 02:55:56'),(735,680,'230404','南山区','2018-11-20 02:55:56','2018-11-20 02:55:56'),(736,680,'230405','兴安区','2018-11-20 02:55:56','2018-11-20 02:55:56'),(737,680,'230406','东山区','2018-11-20 02:55:56','2018-11-20 02:55:56'),(738,680,'230407','兴山区','2018-11-20 02:55:56','2018-11-20 02:55:56'),(739,680,'230421','萝北县','2018-11-20 02:55:56','2018-11-20 02:55:56'),(740,680,'230422','绥滨县','2018-11-20 02:55:56','2018-11-20 02:55:56'),(741,681,'230502','尖山区','2018-11-20 02:55:56','2018-11-20 02:55:56'),(742,681,'230503','岭东区','2018-11-20 02:55:56','2018-11-20 02:55:56'),(743,681,'230505','四方台区','2018-11-20 02:55:56','2018-11-20 02:55:56'),(744,681,'230506','宝山区','2018-11-20 02:55:56','2018-11-20 02:55:56'),(745,681,'230521','集贤县','2018-11-20 02:55:56','2018-11-20 02:55:56'),(746,681,'230522','友谊县','2018-11-20 02:55:56','2018-11-20 02:55:56'),(747,681,'230523','宝清县','2018-11-20 02:55:56','2018-11-20 02:55:56'),(748,681,'230524','饶河县','2018-11-20 02:55:56','2018-11-20 02:55:56'),(749,682,'230602','萨尔图区','2018-11-20 02:55:56','2018-11-20 02:55:56'),(750,682,'230603','龙凤区','2018-11-20 02:55:56','2018-11-20 02:55:56'),(751,682,'230604','让胡路区','2018-11-20 02:55:56','2018-11-20 02:55:56'),(752,682,'230605','红岗区','2018-11-20 02:55:56','2018-11-20 02:55:56'),(753,682,'230606','大同区','2018-11-20 02:55:56','2018-11-20 02:55:56'),(754,682,'230621','肇州县','2018-11-20 02:55:56','2018-11-20 02:55:56'),(755,682,'230622','肇源县','2018-11-20 02:55:56','2018-11-20 02:55:56'),(756,682,'230623','林甸县','2018-11-20 02:55:56','2018-11-20 02:55:56'),(757,682,'230624','杜尔伯特蒙古族自治县','2018-11-20 02:55:56','2018-11-20 02:55:56'),(758,683,'230702','伊春区','2018-11-20 02:55:56','2018-11-20 02:55:56'),(759,683,'230703','南岔区','2018-11-20 02:55:56','2018-11-20 02:55:56'),(760,683,'230704','友好区','2018-11-20 02:55:56','2018-11-20 02:55:56'),(761,683,'230705','西林区','2018-11-20 02:55:56','2018-11-20 02:55:56'),(762,683,'230706','翠峦区','2018-11-20 02:55:56','2018-11-20 02:55:56'),(763,683,'230707','新青区','2018-11-20 02:55:56','2018-11-20 02:55:56'),(764,683,'230708','美溪区','2018-11-20 02:55:56','2018-11-20 02:55:56'),(765,683,'230709','金山屯区','2018-11-20 02:55:56','2018-11-20 02:55:56'),(766,683,'230710','五营区','2018-11-20 02:55:56','2018-11-20 02:55:56'),(767,683,'230711','乌马河区','2018-11-20 02:55:56','2018-11-20 02:55:56'),(768,683,'230712','汤旺河区','2018-11-20 02:55:56','2018-11-20 02:55:56'),(769,683,'230713','带岭区','2018-11-20 02:55:56','2018-11-20 02:55:56'),(770,683,'230714','乌伊岭区','2018-11-20 02:55:56','2018-11-20 02:55:56'),(771,683,'230715','红星区','2018-11-20 02:55:56','2018-11-20 02:55:56'),(772,683,'230716','上甘岭区','2018-11-20 02:55:56','2018-11-20 02:55:56'),(773,683,'230722','嘉荫县','2018-11-20 02:55:56','2018-11-20 02:55:56'),(774,683,'230781','铁力市','2018-11-20 02:55:56','2018-11-20 02:55:56'),(775,684,'230803','向阳区','2018-11-20 02:55:56','2018-11-20 02:55:56'),(776,684,'230804','前进区','2018-11-20 02:55:56','2018-11-20 02:55:56'),(777,684,'230805','东风区','2018-11-20 02:55:56','2018-11-20 02:55:56'),(778,684,'230811','郊区','2018-11-20 02:55:56','2018-11-20 02:55:56'),(779,684,'230822','桦南县','2018-11-20 02:55:56','2018-11-20 02:55:56'),(780,684,'230826','桦川县','2018-11-20 02:55:56','2018-11-20 02:55:56'),(781,684,'230828','汤原县','2018-11-20 02:55:56','2018-11-20 02:55:56'),(782,684,'230881','同江市','2018-11-20 02:55:56','2018-11-20 02:55:56'),(783,684,'230882','富锦市','2018-11-20 02:55:56','2018-11-20 02:55:56'),(784,684,'230883','抚远市','2018-11-20 02:55:56','2018-11-20 02:55:56'),(785,685,'230902','新兴区','2018-11-20 02:55:56','2018-11-20 02:55:56'),(786,685,'230903','桃山区','2018-11-20 02:55:56','2018-11-20 02:55:56'),(787,685,'230904','茄子河区','2018-11-20 02:55:56','2018-11-20 02:55:56'),(788,685,'230921','勃利县','2018-11-20 02:55:56','2018-11-20 02:55:56'),(789,686,'231002','东安区','2018-11-20 02:55:57','2018-11-20 02:55:57'),(790,686,'231003','阳明区','2018-11-20 02:55:57','2018-11-20 02:55:57'),(791,686,'231004','爱民区','2018-11-20 02:55:57','2018-11-20 02:55:57'),(792,686,'231005','西安区','2018-11-20 02:55:57','2018-11-20 02:55:57'),(793,686,'231025','林口县','2018-11-20 02:55:57','2018-11-20 02:55:57'),(794,686,'231081','绥芬河市','2018-11-20 02:55:57','2018-11-20 02:55:57'),(795,686,'231083','海林市','2018-11-20 02:55:57','2018-11-20 02:55:57'),(796,686,'231084','宁安市','2018-11-20 02:55:57','2018-11-20 02:55:57'),(797,686,'231085','穆棱市','2018-11-20 02:55:57','2018-11-20 02:55:57'),(798,686,'231086','东宁市','2018-11-20 02:55:57','2018-11-20 02:55:57'),(799,687,'231102','爱辉区','2018-11-20 02:55:57','2018-11-20 02:55:57'),(800,687,'231121','嫩江县','2018-11-20 02:55:57','2018-11-20 02:55:57'),(801,687,'231123','逊克县','2018-11-20 02:55:57','2018-11-20 02:55:57'),(802,687,'231124','孙吴县','2018-11-20 02:55:57','2018-11-20 02:55:57'),(803,687,'231181','北安市','2018-11-20 02:55:57','2018-11-20 02:55:57'),(804,687,'231182','五大连池市','2018-11-20 02:55:57','2018-11-20 02:55:57'),(805,688,'231202','北林区','2018-11-20 02:55:57','2018-11-20 02:55:57'),(806,688,'231221','望奎县','2018-11-20 02:55:57','2018-11-20 02:55:57'),(807,688,'231222','兰西县','2018-11-20 02:55:57','2018-11-20 02:55:57'),(808,688,'231223','青冈县','2018-11-20 02:55:57','2018-11-20 02:55:57'),(809,688,'231224','庆安县','2018-11-20 02:55:57','2018-11-20 02:55:57'),(810,688,'231225','明水县','2018-11-20 02:55:57','2018-11-20 02:55:57'),(811,688,'231226','绥棱县','2018-11-20 02:55:57','2018-11-20 02:55:57'),(812,688,'231281','安达市','2018-11-20 02:55:57','2018-11-20 02:55:57'),(813,688,'231282','肇东市','2018-11-20 02:55:57','2018-11-20 02:55:57'),(814,688,'231283','海伦市','2018-11-20 02:55:57','2018-11-20 02:55:57'),(815,689,'232701','加格达奇区','2018-11-20 02:55:57','2018-11-20 02:55:57'),(816,689,'232721','呼玛县','2018-11-20 02:55:57','2018-11-20 02:55:57'),(817,689,'232722','塔河县','2018-11-20 02:55:57','2018-11-20 02:55:57'),(818,689,'232723','漠河县','2018-11-20 02:55:57','2018-11-20 02:55:57'),(819,10,'310100','上海城区','2018-11-20 02:55:57','2018-11-20 02:55:57'),(820,819,'310101','黄浦区','2018-11-20 02:55:57','2018-11-20 02:55:57'),(821,819,'310104','徐汇区','2018-11-20 02:55:57','2018-11-20 02:55:57'),(822,819,'310105','长宁区','2018-11-20 02:55:57','2018-11-20 02:55:57'),(823,819,'310106','静安区','2018-11-20 02:55:57','2018-11-20 02:55:57'),(824,819,'310107','普陀区','2018-11-20 02:55:57','2018-11-20 02:55:57'),(825,819,'310109','虹口区','2018-11-20 02:55:57','2018-11-20 02:55:57'),(826,819,'310110','杨浦区','2018-11-20 02:55:57','2018-11-20 02:55:57'),(827,819,'310112','闵行区','2018-11-20 02:55:57','2018-11-20 02:55:57'),(828,819,'310113','宝山区','2018-11-20 02:55:57','2018-11-20 02:55:57'),(829,819,'310114','嘉定区','2018-11-20 02:55:57','2018-11-20 02:55:57'),(830,819,'310115','浦东新区','2018-11-20 02:55:57','2018-11-20 02:55:57'),(831,819,'310116','金山区','2018-11-20 02:55:57','2018-11-20 02:55:57'),(832,819,'310117','松江区','2018-11-20 02:55:57','2018-11-20 02:55:57'),(833,819,'310118','青浦区','2018-11-20 02:55:57','2018-11-20 02:55:57'),(834,819,'310120','奉贤区','2018-11-20 02:55:57','2018-11-20 02:55:57'),(835,819,'310151','崇明区','2018-11-20 02:55:57','2018-11-20 02:55:57'),(836,11,'320100','南京市','2018-11-20 02:55:57','2018-11-20 02:55:57'),(837,11,'320200','无锡市','2018-11-20 02:55:57','2018-11-20 02:55:57'),(838,11,'320300','徐州市','2018-11-20 02:55:57','2018-11-20 02:55:57'),(839,11,'320400','常州市','2018-11-20 02:55:57','2018-11-20 02:55:57'),(840,11,'320500','苏州市','2018-11-20 02:55:57','2018-11-20 02:55:57'),(841,11,'320600','南通市','2018-11-20 02:55:57','2018-11-20 02:55:57'),(842,11,'320700','连云港市','2018-11-20 02:55:57','2018-11-20 02:55:57'),(843,11,'320800','淮安市','2018-11-20 02:55:57','2018-11-20 02:55:57'),(844,11,'320900','盐城市','2018-11-20 02:55:57','2018-11-20 02:55:57'),(845,11,'321000','扬州市','2018-11-20 02:55:57','2018-11-20 02:55:57'),(846,11,'321100','镇江市','2018-11-20 02:55:57','2018-11-20 02:55:57'),(847,11,'321200','泰州市','2018-11-20 02:55:57','2018-11-20 02:55:57'),(848,11,'321300','宿迁市','2018-11-20 02:55:57','2018-11-20 02:55:57'),(849,836,'320102','玄武区','2018-11-20 02:55:57','2018-11-20 02:55:57'),(850,836,'320104','秦淮区','2018-11-20 02:55:57','2018-11-20 02:55:57'),(851,836,'320105','建邺区','2018-11-20 02:55:57','2018-11-20 02:55:57'),(852,836,'320106','鼓楼区','2018-11-20 02:55:57','2018-11-20 02:55:57'),(853,836,'320111','浦口区','2018-11-20 02:55:57','2018-11-20 02:55:57'),(854,836,'320113','栖霞区','2018-11-20 02:55:57','2018-11-20 02:55:57'),(855,836,'320114','雨花台区','2018-11-20 02:55:57','2018-11-20 02:55:57'),(856,836,'320115','江宁区','2018-11-20 02:55:57','2018-11-20 02:55:57'),(857,836,'320116','六合区','2018-11-20 02:55:57','2018-11-20 02:55:57'),(858,836,'320117','溧水区','2018-11-20 02:55:57','2018-11-20 02:55:57'),(859,836,'320118','高淳区','2018-11-20 02:55:57','2018-11-20 02:55:57'),(860,837,'320205','锡山区','2018-11-20 02:55:57','2018-11-20 02:55:57'),(861,837,'320206','惠山区','2018-11-20 02:55:57','2018-11-20 02:55:57'),(862,837,'320211','滨湖区','2018-11-20 02:55:57','2018-11-20 02:55:57'),(863,837,'320213','梁溪区','2018-11-20 02:55:57','2018-11-20 02:55:57'),(864,837,'320214','新吴区','2018-11-20 02:55:57','2018-11-20 02:55:57'),(865,837,'320281','江阴市','2018-11-20 02:55:57','2018-11-20 02:55:57'),(866,837,'320282','宜兴市','2018-11-20 02:55:57','2018-11-20 02:55:57'),(867,838,'320302','鼓楼区','2018-11-20 02:55:57','2018-11-20 02:55:57'),(868,838,'320303','云龙区','2018-11-20 02:55:57','2018-11-20 02:55:57'),(869,838,'320305','贾汪区','2018-11-20 02:55:57','2018-11-20 02:55:57'),(870,838,'320311','泉山区','2018-11-20 02:55:57','2018-11-20 02:55:57'),(871,838,'320312','铜山区','2018-11-20 02:55:57','2018-11-20 02:55:57'),(872,838,'320321','丰县','2018-11-20 02:55:57','2018-11-20 02:55:57'),(873,838,'320322','沛县','2018-11-20 02:55:57','2018-11-20 02:55:57'),(874,838,'320324','睢宁县','2018-11-20 02:55:57','2018-11-20 02:55:57'),(875,838,'320381','新沂市','2018-11-20 02:55:57','2018-11-20 02:55:57'),(876,838,'320382','邳州市','2018-11-20 02:55:57','2018-11-20 02:55:57'),(877,839,'320402','天宁区','2018-11-20 02:55:57','2018-11-20 02:55:57'),(878,839,'320404','钟楼区','2018-11-20 02:55:57','2018-11-20 02:55:57'),(879,839,'320411','新北区','2018-11-20 02:55:57','2018-11-20 02:55:57'),(880,839,'320412','武进区','2018-11-20 02:55:57','2018-11-20 02:55:57'),(881,839,'320413','金坛区','2018-11-20 02:55:57','2018-11-20 02:55:57'),(882,839,'320481','溧阳市','2018-11-20 02:55:57','2018-11-20 02:55:57'),(883,840,'320505','虎丘区','2018-11-20 02:55:57','2018-11-20 02:55:57'),(884,840,'320506','吴中区','2018-11-20 02:55:57','2018-11-20 02:55:57'),(885,840,'320507','相城区','2018-11-20 02:55:57','2018-11-20 02:55:57'),(886,840,'320508','姑苏区','2018-11-20 02:55:57','2018-11-20 02:55:57'),(887,840,'320509','吴江区','2018-11-20 02:55:57','2018-11-20 02:55:57'),(888,840,'320581','常熟市','2018-11-20 02:55:57','2018-11-20 02:55:57'),(889,840,'320582','张家港市','2018-11-20 02:55:57','2018-11-20 02:55:57'),(890,840,'320583','昆山市','2018-11-20 02:55:57','2018-11-20 02:55:57'),(891,840,'320585','太仓市','2018-11-20 02:55:57','2018-11-20 02:55:57'),(892,841,'320602','崇川区','2018-11-20 02:55:57','2018-11-20 02:55:57'),(893,841,'320611','港闸区','2018-11-20 02:55:57','2018-11-20 02:55:57'),(894,841,'320612','通州区','2018-11-20 02:55:57','2018-11-20 02:55:57'),(895,841,'320621','海安县','2018-11-20 02:55:57','2018-11-20 02:55:57'),(896,841,'320623','如东县','2018-11-20 02:55:57','2018-11-20 02:55:57'),(897,841,'320681','启东市','2018-11-20 02:55:57','2018-11-20 02:55:57'),(898,841,'320682','如皋市','2018-11-20 02:55:57','2018-11-20 02:55:57'),(899,841,'320684','海门市','2018-11-20 02:55:57','2018-11-20 02:55:57'),(900,842,'320703','连云区','2018-11-20 02:55:57','2018-11-20 02:55:57'),(901,842,'320706','海州区','2018-11-20 02:55:57','2018-11-20 02:55:57'),(902,842,'320707','赣榆区','2018-11-20 02:55:57','2018-11-20 02:55:57'),(903,842,'320722','东海县','2018-11-20 02:55:57','2018-11-20 02:55:57'),(904,842,'320723','灌云县','2018-11-20 02:55:57','2018-11-20 02:55:57'),(905,842,'320724','灌南县','2018-11-20 02:55:57','2018-11-20 02:55:57'),(906,843,'320803','淮安区','2018-11-20 02:55:57','2018-11-20 02:55:57'),(907,843,'320804','淮阴区','2018-11-20 02:55:57','2018-11-20 02:55:57'),(908,843,'320812','清江浦区','2018-11-20 02:55:57','2018-11-20 02:55:57'),(909,843,'320813','洪泽区','2018-11-20 02:55:57','2018-11-20 02:55:57'),(910,843,'320826','涟水县','2018-11-20 02:55:57','2018-11-20 02:55:57'),(911,843,'320830','盱眙县','2018-11-20 02:55:57','2018-11-20 02:55:57'),(912,843,'320831','金湖县','2018-11-20 02:55:57','2018-11-20 02:55:57'),(913,844,'320902','亭湖区','2018-11-20 02:55:57','2018-11-20 02:55:57'),(914,844,'320903','盐都区','2018-11-20 02:55:57','2018-11-20 02:55:57'),(915,844,'320904','大丰区','2018-11-20 02:55:57','2018-11-20 02:55:57'),(916,844,'320921','响水县','2018-11-20 02:55:57','2018-11-20 02:55:57'),(917,844,'320922','滨海县','2018-11-20 02:55:57','2018-11-20 02:55:57'),(918,844,'320923','阜宁县','2018-11-20 02:55:57','2018-11-20 02:55:57'),(919,844,'320924','射阳县','2018-11-20 02:55:57','2018-11-20 02:55:57'),(920,844,'320925','建湖县','2018-11-20 02:55:57','2018-11-20 02:55:57'),(921,844,'320981','东台市','2018-11-20 02:55:57','2018-11-20 02:55:57'),(922,845,'321002','广陵区','2018-11-20 02:55:57','2018-11-20 02:55:57'),(923,845,'321003','邗江区','2018-11-20 02:55:57','2018-11-20 02:55:57'),(924,845,'321012','江都区','2018-11-20 02:55:57','2018-11-20 02:55:57'),(925,845,'321023','宝应县','2018-11-20 02:55:57','2018-11-20 02:55:57'),(926,845,'321081','仪征市','2018-11-20 02:55:57','2018-11-20 02:55:57'),(927,845,'321084','高邮市','2018-11-20 02:55:57','2018-11-20 02:55:57'),(928,846,'321102','京口区','2018-11-20 02:55:57','2018-11-20 02:55:57'),(929,846,'321111','润州区','2018-11-20 02:55:57','2018-11-20 02:55:57'),(930,846,'321112','丹徒区','2018-11-20 02:55:57','2018-11-20 02:55:57'),(931,846,'321181','丹阳市','2018-11-20 02:55:57','2018-11-20 02:55:57'),(932,846,'321182','扬中市','2018-11-20 02:55:57','2018-11-20 02:55:57'),(933,846,'321183','句容市','2018-11-20 02:55:57','2018-11-20 02:55:57'),(934,847,'321202','海陵区','2018-11-20 02:55:57','2018-11-20 02:55:57'),(935,847,'321203','高港区','2018-11-20 02:55:57','2018-11-20 02:55:57'),(936,847,'321204','姜堰区','2018-11-20 02:55:57','2018-11-20 02:55:57'),(937,847,'321281','兴化市','2018-11-20 02:55:57','2018-11-20 02:55:57'),(938,847,'321282','靖江市','2018-11-20 02:55:57','2018-11-20 02:55:57'),(939,847,'321283','泰兴市','2018-11-20 02:55:57','2018-11-20 02:55:57'),(940,848,'321302','宿城区','2018-11-20 02:55:57','2018-11-20 02:55:57'),(941,848,'321311','宿豫区','2018-11-20 02:55:57','2018-11-20 02:55:57'),(942,848,'321322','沭阳县','2018-11-20 02:55:57','2018-11-20 02:55:57'),(943,848,'321323','泗阳县','2018-11-20 02:55:57','2018-11-20 02:55:57'),(944,848,'321324','泗洪县','2018-11-20 02:55:57','2018-11-20 02:55:57'),(945,12,'330100','杭州市','2018-11-20 02:55:57','2018-11-20 02:55:57'),(946,12,'330200','宁波市','2018-11-20 02:55:57','2018-11-20 02:55:57'),(947,12,'330300','温州市','2018-11-20 02:55:57','2018-11-20 02:55:57'),(948,12,'330400','嘉兴市','2018-11-20 02:55:57','2018-11-20 02:55:57'),(949,12,'330500','湖州市','2018-11-20 02:55:57','2018-11-20 02:55:57'),(950,12,'330600','绍兴市','2018-11-20 02:55:57','2018-11-20 02:55:57'),(951,12,'330700','金华市','2018-11-20 02:55:57','2018-11-20 02:55:57'),(952,12,'330800','衢州市','2018-11-20 02:55:57','2018-11-20 02:55:57'),(953,12,'330900','舟山市','2018-11-20 02:55:57','2018-11-20 02:55:57'),(954,12,'331000','台州市','2018-11-20 02:55:57','2018-11-20 02:55:57'),(955,12,'331100','丽水市','2018-11-20 02:55:57','2018-11-20 02:55:57'),(956,945,'330102','上城区','2018-11-20 02:55:57','2018-11-20 02:55:57'),(957,945,'330103','下城区','2018-11-20 02:55:57','2018-11-20 02:55:57'),(958,945,'330104','江干区','2018-11-20 02:55:57','2018-11-20 02:55:57'),(959,945,'330105','拱墅区','2018-11-20 02:55:57','2018-11-20 02:55:57'),(960,945,'330106','西湖区','2018-11-20 02:55:57','2018-11-20 02:55:57'),(961,945,'330108','滨江区','2018-11-20 02:55:57','2018-11-20 02:55:57'),(962,945,'330109','萧山区','2018-11-20 02:55:57','2018-11-20 02:55:57'),(963,945,'330110','余杭区','2018-11-20 02:55:57','2018-11-20 02:55:57'),(964,945,'330111','富阳区','2018-11-20 02:55:57','2018-11-20 02:55:57'),(965,945,'330112','临安区','2018-11-20 02:55:57','2018-11-20 02:55:57'),(966,945,'330122','桐庐县','2018-11-20 02:55:57','2018-11-20 02:55:57'),(967,945,'330127','淳安县','2018-11-20 02:55:57','2018-11-20 02:55:57'),(968,945,'330182','建德市','2018-11-20 02:55:57','2018-11-20 02:55:57'),(969,946,'330203','海曙区','2018-11-20 02:55:57','2018-11-20 02:55:57'),(970,946,'330205','江北区','2018-11-20 02:55:57','2018-11-20 02:55:57'),(971,946,'330206','北仑区','2018-11-20 02:55:57','2018-11-20 02:55:57'),(972,946,'330211','镇海区','2018-11-20 02:55:57','2018-11-20 02:55:57'),(973,946,'330212','鄞州区','2018-11-20 02:55:57','2018-11-20 02:55:57'),(974,946,'330213','奉化区','2018-11-20 02:55:57','2018-11-20 02:55:57'),(975,946,'330225','象山县','2018-11-20 02:55:57','2018-11-20 02:55:57'),(976,946,'330226','宁海县','2018-11-20 02:55:57','2018-11-20 02:55:57'),(977,946,'330281','余姚市','2018-11-20 02:55:57','2018-11-20 02:55:57'),(978,946,'330282','慈溪市','2018-11-20 02:55:57','2018-11-20 02:55:57'),(979,947,'330302','鹿城区','2018-11-20 02:55:57','2018-11-20 02:55:57'),(980,947,'330303','龙湾区','2018-11-20 02:55:57','2018-11-20 02:55:57'),(981,947,'330304','瓯海区','2018-11-20 02:55:57','2018-11-20 02:55:57'),(982,947,'330305','洞头区','2018-11-20 02:55:57','2018-11-20 02:55:57'),(983,947,'330324','永嘉县','2018-11-20 02:55:57','2018-11-20 02:55:57'),(984,947,'330326','平阳县','2018-11-20 02:55:57','2018-11-20 02:55:57'),(985,947,'330327','苍南县','2018-11-20 02:55:57','2018-11-20 02:55:57'),(986,947,'330328','文成县','2018-11-20 02:55:57','2018-11-20 02:55:57'),(987,947,'330329','泰顺县','2018-11-20 02:55:57','2018-11-20 02:55:57'),(988,947,'330381','瑞安市','2018-11-20 02:55:57','2018-11-20 02:55:57'),(989,947,'330382','乐清市','2018-11-20 02:55:57','2018-11-20 02:55:57'),(990,948,'330402','南湖区','2018-11-20 02:55:57','2018-11-20 02:55:57'),(991,948,'330411','秀洲区','2018-11-20 02:55:57','2018-11-20 02:55:57'),(992,948,'330421','嘉善县','2018-11-20 02:55:57','2018-11-20 02:55:57'),(993,948,'330424','海盐县','2018-11-20 02:55:57','2018-11-20 02:55:57'),(994,948,'330481','海宁市','2018-11-20 02:55:57','2018-11-20 02:55:57'),(995,948,'330482','平湖市','2018-11-20 02:55:57','2018-11-20 02:55:57'),(996,948,'330483','桐乡市','2018-11-20 02:55:57','2018-11-20 02:55:57'),(997,949,'330502','吴兴区','2018-11-20 02:55:57','2018-11-20 02:55:57'),(998,949,'330503','南浔区','2018-11-20 02:55:57','2018-11-20 02:55:57'),(999,949,'330521','德清县','2018-11-20 02:55:57','2018-11-20 02:55:57'),(1000,949,'330522','长兴县','2018-11-20 02:55:57','2018-11-20 02:55:57'),(1001,949,'330523','安吉县','2018-11-20 02:55:57','2018-11-20 02:55:57'),(1002,950,'330602','越城区','2018-11-20 02:55:57','2018-11-20 02:55:57'),(1003,950,'330603','柯桥区','2018-11-20 02:55:57','2018-11-20 02:55:57'),(1004,950,'330604','上虞区','2018-11-20 02:55:57','2018-11-20 02:55:57'),(1005,950,'330624','新昌县','2018-11-20 02:55:57','2018-11-20 02:55:57'),(1006,950,'330681','诸暨市','2018-11-20 02:55:57','2018-11-20 02:55:57'),(1007,950,'330683','嵊州市','2018-11-20 02:55:57','2018-11-20 02:55:57'),(1008,951,'330702','婺城区','2018-11-20 02:55:57','2018-11-20 02:55:57'),(1009,951,'330703','金东区','2018-11-20 02:55:57','2018-11-20 02:55:57'),(1010,951,'330723','武义县','2018-11-20 02:55:57','2018-11-20 02:55:57'),(1011,951,'330726','浦江县','2018-11-20 02:55:57','2018-11-20 02:55:57'),(1012,951,'330727','磐安县','2018-11-20 02:55:57','2018-11-20 02:55:57'),(1013,951,'330781','兰溪市','2018-11-20 02:55:57','2018-11-20 02:55:57'),(1014,951,'330782','义乌市','2018-11-20 02:55:57','2018-11-20 02:55:57'),(1015,951,'330783','东阳市','2018-11-20 02:55:57','2018-11-20 02:55:57'),(1016,951,'330784','永康市','2018-11-20 02:55:57','2018-11-20 02:55:57'),(1017,952,'330802','柯城区','2018-11-20 02:55:57','2018-11-20 02:55:57'),(1018,952,'330803','衢江区','2018-11-20 02:55:57','2018-11-20 02:55:57'),(1019,952,'330822','常山县','2018-11-20 02:55:57','2018-11-20 02:55:57'),(1020,952,'330824','开化县','2018-11-20 02:55:57','2018-11-20 02:55:57'),(1021,952,'330825','龙游县','2018-11-20 02:55:57','2018-11-20 02:55:57'),(1022,952,'330881','江山市','2018-11-20 02:55:57','2018-11-20 02:55:57'),(1023,953,'330902','定海区','2018-11-20 02:55:57','2018-11-20 02:55:57'),(1024,953,'330903','普陀区','2018-11-20 02:55:57','2018-11-20 02:55:57'),(1025,953,'330921','岱山县','2018-11-20 02:55:57','2018-11-20 02:55:57'),(1026,953,'330922','嵊泗县','2018-11-20 02:55:57','2018-11-20 02:55:57'),(1027,954,'331002','椒江区','2018-11-20 02:55:57','2018-11-20 02:55:57'),(1028,954,'331003','黄岩区','2018-11-20 02:55:57','2018-11-20 02:55:57'),(1029,954,'331004','路桥区','2018-11-20 02:55:57','2018-11-20 02:55:57'),(1030,954,'331022','三门县','2018-11-20 02:55:57','2018-11-20 02:55:57'),(1031,954,'331023','天台县','2018-11-20 02:55:57','2018-11-20 02:55:57'),(1032,954,'331024','仙居县','2018-11-20 02:55:57','2018-11-20 02:55:57'),(1033,954,'331081','温岭市','2018-11-20 02:55:57','2018-11-20 02:55:57'),(1034,954,'331082','临海市','2018-11-20 02:55:57','2018-11-20 02:55:57'),(1035,954,'331083','玉环市','2018-11-20 02:55:57','2018-11-20 02:55:57'),(1036,955,'331102','莲都区','2018-11-20 02:55:57','2018-11-20 02:55:57'),(1037,955,'331121','青田县','2018-11-20 02:55:57','2018-11-20 02:55:57'),(1038,955,'331122','缙云县','2018-11-20 02:55:57','2018-11-20 02:55:57'),(1039,955,'331123','遂昌县','2018-11-20 02:55:57','2018-11-20 02:55:57'),(1040,955,'331124','松阳县','2018-11-20 02:55:57','2018-11-20 02:55:57'),(1041,955,'331125','云和县','2018-11-20 02:55:57','2018-11-20 02:55:57'),(1042,955,'331126','庆元县','2018-11-20 02:55:57','2018-11-20 02:55:57'),(1043,955,'331127','景宁畲族自治县','2018-11-20 02:55:57','2018-11-20 02:55:57'),(1044,955,'331181','龙泉市','2018-11-20 02:55:57','2018-11-20 02:55:57'),(1045,13,'340100','合肥市','2018-11-20 02:55:57','2018-11-20 02:55:57'),(1046,13,'340200','芜湖市','2018-11-20 02:55:57','2018-11-20 02:55:57'),(1047,13,'340300','蚌埠市','2018-11-20 02:55:57','2018-11-20 02:55:57'),(1048,13,'340400','淮南市','2018-11-20 02:55:57','2018-11-20 02:55:57'),(1049,13,'340500','马鞍山市','2018-11-20 02:55:57','2018-11-20 02:55:57'),(1050,13,'340600','淮北市','2018-11-20 02:55:57','2018-11-20 02:55:57'),(1051,13,'340700','铜陵市','2018-11-20 02:55:57','2018-11-20 02:55:57'),(1052,13,'340800','安庆市','2018-11-20 02:55:57','2018-11-20 02:55:57'),(1053,13,'341000','黄山市','2018-11-20 02:55:57','2018-11-20 02:55:57'),(1054,13,'341100','滁州市','2018-11-20 02:55:57','2018-11-20 02:55:57'),(1055,13,'341200','阜阳市','2018-11-20 02:55:57','2018-11-20 02:55:57'),(1056,13,'341300','宿州市','2018-11-20 02:55:57','2018-11-20 02:55:57'),(1057,13,'341500','六安市','2018-11-20 02:55:57','2018-11-20 02:55:57'),(1058,13,'341600','亳州市','2018-11-20 02:55:57','2018-11-20 02:55:57'),(1059,13,'341700','池州市','2018-11-20 02:55:57','2018-11-20 02:55:57'),(1060,13,'341800','宣城市','2018-11-20 02:55:57','2018-11-20 02:55:57'),(1061,1045,'340102','瑶海区','2018-11-20 02:55:57','2018-11-20 02:55:57'),(1062,1045,'340103','庐阳区','2018-11-20 02:55:57','2018-11-20 02:55:57'),(1063,1045,'340104','蜀山区','2018-11-20 02:55:57','2018-11-20 02:55:57'),(1064,1045,'340111','包河区','2018-11-20 02:55:57','2018-11-20 02:55:57'),(1065,1045,'340121','长丰县','2018-11-20 02:55:57','2018-11-20 02:55:57'),(1066,1045,'340122','肥东县','2018-11-20 02:55:57','2018-11-20 02:55:57'),(1067,1045,'340123','肥西县','2018-11-20 02:55:57','2018-11-20 02:55:57'),(1068,1045,'340124','庐江县','2018-11-20 02:55:57','2018-11-20 02:55:57'),(1069,1045,'340181','巢湖市','2018-11-20 02:55:57','2018-11-20 02:55:57'),(1070,1046,'340202','镜湖区','2018-11-20 02:55:57','2018-11-20 02:55:57'),(1071,1046,'340203','弋江区','2018-11-20 02:55:57','2018-11-20 02:55:57'),(1072,1046,'340207','鸠江区','2018-11-20 02:55:57','2018-11-20 02:55:57'),(1073,1046,'340208','三山区','2018-11-20 02:55:57','2018-11-20 02:55:57'),(1074,1046,'340221','芜湖县','2018-11-20 02:55:57','2018-11-20 02:55:57'),(1075,1046,'340222','繁昌县','2018-11-20 02:55:57','2018-11-20 02:55:57'),(1076,1046,'340223','南陵县','2018-11-20 02:55:57','2018-11-20 02:55:57'),(1077,1046,'340225','无为县','2018-11-20 02:55:57','2018-11-20 02:55:57'),(1078,1047,'340302','龙子湖区','2018-11-20 02:55:57','2018-11-20 02:55:57'),(1079,1047,'340303','蚌山区','2018-11-20 02:55:57','2018-11-20 02:55:57'),(1080,1047,'340304','禹会区','2018-11-20 02:55:57','2018-11-20 02:55:57'),(1081,1047,'340311','淮上区','2018-11-20 02:55:57','2018-11-20 02:55:57'),(1082,1047,'340321','怀远县','2018-11-20 02:55:57','2018-11-20 02:55:57'),(1083,1047,'340322','五河县','2018-11-20 02:55:57','2018-11-20 02:55:57'),(1084,1047,'340323','固镇县','2018-11-20 02:55:57','2018-11-20 02:55:57'),(1085,1048,'340402','大通区','2018-11-20 02:55:57','2018-11-20 02:55:57'),(1086,1048,'340403','田家庵区','2018-11-20 02:55:57','2018-11-20 02:55:57'),(1087,1048,'340404','谢家集区','2018-11-20 02:55:57','2018-11-20 02:55:57'),(1088,1048,'340405','八公山区','2018-11-20 02:55:57','2018-11-20 02:55:57'),(1089,1048,'340406','潘集区','2018-11-20 02:55:57','2018-11-20 02:55:57'),(1090,1048,'340421','凤台县','2018-11-20 02:55:57','2018-11-20 02:55:57'),(1091,1048,'340422','寿县','2018-11-20 02:55:57','2018-11-20 02:55:57'),(1092,1049,'340503','花山区','2018-11-20 02:55:57','2018-11-20 02:55:57'),(1093,1049,'340504','雨山区','2018-11-20 02:55:57','2018-11-20 02:55:57'),(1094,1049,'340506','博望区','2018-11-20 02:55:57','2018-11-20 02:55:57'),(1095,1049,'340521','当涂县','2018-11-20 02:55:57','2018-11-20 02:55:57'),(1096,1049,'340522','含山县','2018-11-20 02:55:57','2018-11-20 02:55:57'),(1097,1049,'340523','和县','2018-11-20 02:55:57','2018-11-20 02:55:57'),(1098,1050,'340602','杜集区','2018-11-20 02:55:57','2018-11-20 02:55:57'),(1099,1050,'340603','相山区','2018-11-20 02:55:57','2018-11-20 02:55:57'),(1100,1050,'340604','烈山区','2018-11-20 02:55:57','2018-11-20 02:55:57'),(1101,1050,'340621','濉溪县','2018-11-20 02:55:57','2018-11-20 02:55:57'),(1102,1051,'340705','铜官区','2018-11-20 02:55:57','2018-11-20 02:55:57'),(1103,1051,'340706','义安区','2018-11-20 02:55:57','2018-11-20 02:55:57'),(1104,1051,'340711','郊区','2018-11-20 02:55:57','2018-11-20 02:55:57'),(1105,1051,'340722','枞阳县','2018-11-20 02:55:57','2018-11-20 02:55:57'),(1106,1052,'340802','迎江区','2018-11-20 02:55:57','2018-11-20 02:55:57'),(1107,1052,'340803','大观区','2018-11-20 02:55:57','2018-11-20 02:55:57'),(1108,1052,'340811','宜秀区','2018-11-20 02:55:57','2018-11-20 02:55:57'),(1109,1052,'340822','怀宁县','2018-11-20 02:55:57','2018-11-20 02:55:57'),(1110,1052,'340824','潜山县','2018-11-20 02:55:57','2018-11-20 02:55:57'),(1111,1052,'340825','太湖县','2018-11-20 02:55:57','2018-11-20 02:55:57'),(1112,1052,'340826','宿松县','2018-11-20 02:55:57','2018-11-20 02:55:57'),(1113,1052,'340827','望江县','2018-11-20 02:55:57','2018-11-20 02:55:57'),(1114,1052,'340828','岳西县','2018-11-20 02:55:57','2018-11-20 02:55:57'),(1115,1052,'340881','桐城市','2018-11-20 02:55:57','2018-11-20 02:55:57'),(1116,1053,'341002','屯溪区','2018-11-20 02:55:57','2018-11-20 02:55:57'),(1117,1053,'341003','黄山区','2018-11-20 02:55:57','2018-11-20 02:55:57'),(1118,1053,'341004','徽州区','2018-11-20 02:55:57','2018-11-20 02:55:57'),(1119,1053,'341021','歙县','2018-11-20 02:55:57','2018-11-20 02:55:57'),(1120,1053,'341022','休宁县','2018-11-20 02:55:57','2018-11-20 02:55:57'),(1121,1053,'341023','黟县','2018-11-20 02:55:57','2018-11-20 02:55:57'),(1122,1053,'341024','祁门县','2018-11-20 02:55:57','2018-11-20 02:55:57'),(1123,1054,'341102','琅琊区','2018-11-20 02:55:57','2018-11-20 02:55:57'),(1124,1054,'341103','南谯区','2018-11-20 02:55:57','2018-11-20 02:55:57'),(1125,1054,'341122','来安县','2018-11-20 02:55:57','2018-11-20 02:55:57'),(1126,1054,'341124','全椒县','2018-11-20 02:55:57','2018-11-20 02:55:57'),(1127,1054,'341125','定远县','2018-11-20 02:55:57','2018-11-20 02:55:57'),(1128,1054,'341126','凤阳县','2018-11-20 02:55:57','2018-11-20 02:55:57'),(1129,1054,'341181','天长市','2018-11-20 02:55:57','2018-11-20 02:55:57'),(1130,1054,'341182','明光市','2018-11-20 02:55:57','2018-11-20 02:55:57'),(1131,1055,'341202','颍州区','2018-11-20 02:55:57','2018-11-20 02:55:57'),(1132,1055,'341203','颍东区','2018-11-20 02:55:57','2018-11-20 02:55:57'),(1133,1055,'341204','颍泉区','2018-11-20 02:55:57','2018-11-20 02:55:57'),(1134,1055,'341221','临泉县','2018-11-20 02:55:57','2018-11-20 02:55:57'),(1135,1055,'341222','太和县','2018-11-20 02:55:57','2018-11-20 02:55:57'),(1136,1055,'341225','阜南县','2018-11-20 02:55:57','2018-11-20 02:55:57'),(1137,1055,'341226','颍上县','2018-11-20 02:55:57','2018-11-20 02:55:57'),(1138,1055,'341282','界首市','2018-11-20 02:55:57','2018-11-20 02:55:57'),(1139,1056,'341302','埇桥区','2018-11-20 02:55:57','2018-11-20 02:55:57'),(1140,1056,'341321','砀山县','2018-11-20 02:55:57','2018-11-20 02:55:57'),(1141,1056,'341322','萧县','2018-11-20 02:55:57','2018-11-20 02:55:57'),(1142,1056,'341323','灵璧县','2018-11-20 02:55:57','2018-11-20 02:55:57'),(1143,1056,'341324','泗县','2018-11-20 02:55:57','2018-11-20 02:55:57'),(1144,1057,'341502','金安区','2018-11-20 02:55:57','2018-11-20 02:55:57'),(1145,1057,'341503','裕安区','2018-11-20 02:55:57','2018-11-20 02:55:57'),(1146,1057,'341504','叶集区','2018-11-20 02:55:57','2018-11-20 02:55:57'),(1147,1057,'341522','霍邱县','2018-11-20 02:55:57','2018-11-20 02:55:57'),(1148,1057,'341523','舒城县','2018-11-20 02:55:57','2018-11-20 02:55:57'),(1149,1057,'341524','金寨县','2018-11-20 02:55:57','2018-11-20 02:55:57'),(1150,1057,'341525','霍山县','2018-11-20 02:55:57','2018-11-20 02:55:57'),(1151,1058,'341602','谯城区','2018-11-20 02:55:57','2018-11-20 02:55:57'),(1152,1058,'341621','涡阳县','2018-11-20 02:55:57','2018-11-20 02:55:57'),(1153,1058,'341622','蒙城县','2018-11-20 02:55:57','2018-11-20 02:55:57'),(1154,1058,'341623','利辛县','2018-11-20 02:55:57','2018-11-20 02:55:57'),(1155,1059,'341702','贵池区','2018-11-20 02:55:57','2018-11-20 02:55:57'),(1156,1059,'341721','东至县','2018-11-20 02:55:57','2018-11-20 02:55:57'),(1157,1059,'341722','石台县','2018-11-20 02:55:57','2018-11-20 02:55:57'),(1158,1059,'341723','青阳县','2018-11-20 02:55:57','2018-11-20 02:55:57'),(1159,1060,'341802','宣州区','2018-11-20 02:55:57','2018-11-20 02:55:57'),(1160,1060,'341821','郎溪县','2018-11-20 02:55:57','2018-11-20 02:55:57'),(1161,1060,'341822','广德县','2018-11-20 02:55:57','2018-11-20 02:55:57'),(1162,1060,'341823','泾县','2018-11-20 02:55:57','2018-11-20 02:55:57'),(1163,1060,'341824','绩溪县','2018-11-20 02:55:57','2018-11-20 02:55:57'),(1164,1060,'341825','旌德县','2018-11-20 02:55:57','2018-11-20 02:55:57'),(1165,1060,'341881','宁国市','2018-11-20 02:55:57','2018-11-20 02:55:57'),(1166,14,'350100','福州市','2018-11-20 02:55:57','2018-11-20 02:55:57'),(1167,14,'350200','厦门市','2018-11-20 02:55:57','2018-11-20 02:55:57'),(1168,14,'350300','莆田市','2018-11-20 02:55:57','2018-11-20 02:55:57'),(1169,14,'350400','三明市','2018-11-20 02:55:57','2018-11-20 02:55:57'),(1170,14,'350500','泉州市','2018-11-20 02:55:57','2018-11-20 02:55:57'),(1171,14,'350600','漳州市','2018-11-20 02:55:57','2018-11-20 02:55:57'),(1172,14,'350700','南平市','2018-11-20 02:55:57','2018-11-20 02:55:57'),(1173,14,'350800','龙岩市','2018-11-20 02:55:57','2018-11-20 02:55:57'),(1174,14,'350900','宁德市','2018-11-20 02:55:57','2018-11-20 02:55:57'),(1175,1166,'350102','鼓楼区','2018-11-20 02:55:57','2018-11-20 02:55:57'),(1176,1166,'350103','台江区','2018-11-20 02:55:57','2018-11-20 02:55:57'),(1177,1166,'350104','仓山区','2018-11-20 02:55:57','2018-11-20 02:55:57'),(1178,1166,'350105','马尾区','2018-11-20 02:55:57','2018-11-20 02:55:57'),(1179,1166,'350111','晋安区','2018-11-20 02:55:57','2018-11-20 02:55:57'),(1180,1166,'350112','长乐区','2018-11-20 02:55:57','2018-11-20 02:55:57'),(1181,1166,'350121','闽侯县','2018-11-20 02:55:57','2018-11-20 02:55:57'),(1182,1166,'350122','连江县','2018-11-20 02:55:57','2018-11-20 02:55:57'),(1183,1166,'350123','罗源县','2018-11-20 02:55:57','2018-11-20 02:55:57'),(1184,1166,'350124','闽清县','2018-11-20 02:55:57','2018-11-20 02:55:57'),(1185,1166,'350125','永泰县','2018-11-20 02:55:57','2018-11-20 02:55:57'),(1186,1166,'350128','平潭县','2018-11-20 02:55:57','2018-11-20 02:55:57'),(1187,1166,'350181','福清市','2018-11-20 02:55:57','2018-11-20 02:55:57'),(1188,1167,'350203','思明区','2018-11-20 02:55:57','2018-11-20 02:55:57'),(1189,1167,'350205','海沧区','2018-11-20 02:55:57','2018-11-20 02:55:57'),(1190,1167,'350206','湖里区','2018-11-20 02:55:57','2018-11-20 02:55:57'),(1191,1167,'350211','集美区','2018-11-20 02:55:57','2018-11-20 02:55:57'),(1192,1167,'350212','同安区','2018-11-20 02:55:57','2018-11-20 02:55:57'),(1193,1167,'350213','翔安区','2018-11-20 02:55:57','2018-11-20 02:55:57'),(1194,1168,'350302','城厢区','2018-11-20 02:55:57','2018-11-20 02:55:57'),(1195,1168,'350303','涵江区','2018-11-20 02:55:57','2018-11-20 02:55:57'),(1196,1168,'350304','荔城区','2018-11-20 02:55:57','2018-11-20 02:55:57'),(1197,1168,'350305','秀屿区','2018-11-20 02:55:57','2018-11-20 02:55:57'),(1198,1168,'350322','仙游县','2018-11-20 02:55:57','2018-11-20 02:55:57'),(1199,1169,'350402','梅列区','2018-11-20 02:55:57','2018-11-20 02:55:57'),(1200,1169,'350403','三元区','2018-11-20 02:55:57','2018-11-20 02:55:57'),(1201,1169,'350421','明溪县','2018-11-20 02:55:57','2018-11-20 02:55:57'),(1202,1169,'350423','清流县','2018-11-20 02:55:57','2018-11-20 02:55:57'),(1203,1169,'350424','宁化县','2018-11-20 02:55:57','2018-11-20 02:55:57'),(1204,1169,'350425','大田县','2018-11-20 02:55:57','2018-11-20 02:55:57'),(1205,1169,'350426','尤溪县','2018-11-20 02:55:57','2018-11-20 02:55:57'),(1206,1169,'350427','沙县','2018-11-20 02:55:57','2018-11-20 02:55:57'),(1207,1169,'350428','将乐县','2018-11-20 02:55:57','2018-11-20 02:55:57'),(1208,1169,'350429','泰宁县','2018-11-20 02:55:57','2018-11-20 02:55:57'),(1209,1169,'350430','建宁县','2018-11-20 02:55:57','2018-11-20 02:55:57'),(1210,1169,'350481','永安市','2018-11-20 02:55:57','2018-11-20 02:55:57'),(1211,1170,'350502','鲤城区','2018-11-20 02:55:57','2018-11-20 02:55:57'),(1212,1170,'350503','丰泽区','2018-11-20 02:55:57','2018-11-20 02:55:57'),(1213,1170,'350504','洛江区','2018-11-20 02:55:57','2018-11-20 02:55:57'),(1214,1170,'350505','泉港区','2018-11-20 02:55:57','2018-11-20 02:55:57'),(1215,1170,'350521','惠安县','2018-11-20 02:55:57','2018-11-20 02:55:57'),(1216,1170,'350524','安溪县','2018-11-20 02:55:57','2018-11-20 02:55:57'),(1217,1170,'350525','永春县','2018-11-20 02:55:57','2018-11-20 02:55:57'),(1218,1170,'350526','德化县','2018-11-20 02:55:57','2018-11-20 02:55:57'),(1219,1170,'350527','金门县','2018-11-20 02:55:57','2018-11-20 02:55:57'),(1220,1170,'350581','石狮市','2018-11-20 02:55:57','2018-11-20 02:55:57'),(1221,1170,'350582','晋江市','2018-11-20 02:55:57','2018-11-20 02:55:57'),(1222,1170,'350583','南安市','2018-11-20 02:55:57','2018-11-20 02:55:57'),(1223,1171,'350602','芗城区','2018-11-20 02:55:57','2018-11-20 02:55:57'),(1224,1171,'350603','龙文区','2018-11-20 02:55:57','2018-11-20 02:55:57'),(1225,1171,'350622','云霄县','2018-11-20 02:55:57','2018-11-20 02:55:57'),(1226,1171,'350623','漳浦县','2018-11-20 02:55:57','2018-11-20 02:55:57'),(1227,1171,'350624','诏安县','2018-11-20 02:55:57','2018-11-20 02:55:57'),(1228,1171,'350625','长泰县','2018-11-20 02:55:57','2018-11-20 02:55:57'),(1229,1171,'350626','东山县','2018-11-20 02:55:57','2018-11-20 02:55:57'),(1230,1171,'350627','南靖县','2018-11-20 02:55:57','2018-11-20 02:55:57'),(1231,1171,'350628','平和县','2018-11-20 02:55:57','2018-11-20 02:55:57'),(1232,1171,'350629','华安县','2018-11-20 02:55:57','2018-11-20 02:55:57'),(1233,1171,'350681','龙海市','2018-11-20 02:55:57','2018-11-20 02:55:57'),(1234,1172,'350702','延平区','2018-11-20 02:55:57','2018-11-20 02:55:57'),(1235,1172,'350703','建阳区','2018-11-20 02:55:57','2018-11-20 02:55:57'),(1236,1172,'350721','顺昌县','2018-11-20 02:55:57','2018-11-20 02:55:57'),(1237,1172,'350722','浦城县','2018-11-20 02:55:57','2018-11-20 02:55:57'),(1238,1172,'350723','光泽县','2018-11-20 02:55:57','2018-11-20 02:55:57'),(1239,1172,'350724','松溪县','2018-11-20 02:55:57','2018-11-20 02:55:57'),(1240,1172,'350725','政和县','2018-11-20 02:55:57','2018-11-20 02:55:57'),(1241,1172,'350781','邵武市','2018-11-20 02:55:57','2018-11-20 02:55:57'),(1242,1172,'350782','武夷山市','2018-11-20 02:55:57','2018-11-20 02:55:57'),(1243,1172,'350783','建瓯市','2018-11-20 02:55:57','2018-11-20 02:55:57'),(1244,1173,'350802','新罗区','2018-11-20 02:55:57','2018-11-20 02:55:57'),(1245,1173,'350803','永定区','2018-11-20 02:55:57','2018-11-20 02:55:57'),(1246,1173,'350821','长汀县','2018-11-20 02:55:57','2018-11-20 02:55:57'),(1247,1173,'350823','上杭县','2018-11-20 02:55:57','2018-11-20 02:55:57'),(1248,1173,'350824','武平县','2018-11-20 02:55:57','2018-11-20 02:55:57'),(1249,1173,'350825','连城县','2018-11-20 02:55:57','2018-11-20 02:55:57'),(1250,1173,'350881','漳平市','2018-11-20 02:55:57','2018-11-20 02:55:57'),(1251,1174,'350902','蕉城区','2018-11-20 02:55:57','2018-11-20 02:55:57'),(1252,1174,'350921','霞浦县','2018-11-20 02:55:57','2018-11-20 02:55:57'),(1253,1174,'350922','古田县','2018-11-20 02:55:57','2018-11-20 02:55:57'),(1254,1174,'350923','屏南县','2018-11-20 02:55:57','2018-11-20 02:55:57'),(1255,1174,'350924','寿宁县','2018-11-20 02:55:57','2018-11-20 02:55:57'),(1256,1174,'350925','周宁县','2018-11-20 02:55:57','2018-11-20 02:55:57'),(1257,1174,'350926','柘荣县','2018-11-20 02:55:57','2018-11-20 02:55:57'),(1258,1174,'350981','福安市','2018-11-20 02:55:57','2018-11-20 02:55:57'),(1259,1174,'350982','福鼎市','2018-11-20 02:55:57','2018-11-20 02:55:57'),(1260,15,'360100','南昌市','2018-11-20 02:55:57','2018-11-20 02:55:57'),(1261,15,'360200','景德镇市','2018-11-20 02:55:57','2018-11-20 02:55:57'),(1262,15,'360300','萍乡市','2018-11-20 02:55:57','2018-11-20 02:55:57'),(1263,15,'360400','九江市','2018-11-20 02:55:57','2018-11-20 02:55:57'),(1264,15,'360500','新余市','2018-11-20 02:55:57','2018-11-20 02:55:57'),(1265,15,'360600','鹰潭市','2018-11-20 02:55:57','2018-11-20 02:55:57'),(1266,15,'360700','赣州市','2018-11-20 02:55:57','2018-11-20 02:55:57'),(1267,15,'360800','吉安市','2018-11-20 02:55:57','2018-11-20 02:55:57'),(1268,15,'360900','宜春市','2018-11-20 02:55:57','2018-11-20 02:55:57'),(1269,15,'361000','抚州市','2018-11-20 02:55:57','2018-11-20 02:55:57'),(1270,15,'361100','上饶市','2018-11-20 02:55:57','2018-11-20 02:55:57'),(1271,1260,'360102','东湖区','2018-11-20 02:55:57','2018-11-20 02:55:57'),(1272,1260,'360103','西湖区','2018-11-20 02:55:57','2018-11-20 02:55:57'),(1273,1260,'360104','青云谱区','2018-11-20 02:55:57','2018-11-20 02:55:57'),(1274,1260,'360105','湾里区','2018-11-20 02:55:57','2018-11-20 02:55:57'),(1275,1260,'360111','青山湖区','2018-11-20 02:55:57','2018-11-20 02:55:57'),(1276,1260,'360112','新建区','2018-11-20 02:55:57','2018-11-20 02:55:57'),(1277,1260,'360121','南昌县','2018-11-20 02:55:57','2018-11-20 02:55:57'),(1278,1260,'360123','安义县','2018-11-20 02:55:57','2018-11-20 02:55:57'),(1279,1260,'360124','进贤县','2018-11-20 02:55:57','2018-11-20 02:55:57'),(1280,1261,'360202','昌江区','2018-11-20 02:55:57','2018-11-20 02:55:57'),(1281,1261,'360203','珠山区','2018-11-20 02:55:57','2018-11-20 02:55:57'),(1282,1261,'360222','浮梁县','2018-11-20 02:55:57','2018-11-20 02:55:57'),(1283,1261,'360281','乐平市','2018-11-20 02:55:57','2018-11-20 02:55:57'),(1284,1262,'360302','安源区','2018-11-20 02:55:57','2018-11-20 02:55:57'),(1285,1262,'360313','湘东区','2018-11-20 02:55:57','2018-11-20 02:55:57'),(1286,1262,'360321','莲花县','2018-11-20 02:55:57','2018-11-20 02:55:57'),(1287,1262,'360322','上栗县','2018-11-20 02:55:57','2018-11-20 02:55:57'),(1288,1262,'360323','芦溪县','2018-11-20 02:55:57','2018-11-20 02:55:57'),(1289,1263,'360402','濂溪区','2018-11-20 02:55:57','2018-11-20 02:55:57'),(1290,1263,'360403','浔阳区','2018-11-20 02:55:57','2018-11-20 02:55:57'),(1291,1263,'360404','柴桑区','2018-11-20 02:55:57','2018-11-20 02:55:57'),(1292,1263,'360423','武宁县','2018-11-20 02:55:57','2018-11-20 02:55:57'),(1293,1263,'360424','修水县','2018-11-20 02:55:57','2018-11-20 02:55:57'),(1294,1263,'360425','永修县','2018-11-20 02:55:57','2018-11-20 02:55:57'),(1295,1263,'360426','德安县','2018-11-20 02:55:57','2018-11-20 02:55:57'),(1296,1263,'360428','都昌县','2018-11-20 02:55:57','2018-11-20 02:55:57'),(1297,1263,'360429','湖口县','2018-11-20 02:55:57','2018-11-20 02:55:57'),(1298,1263,'360430','彭泽县','2018-11-20 02:55:57','2018-11-20 02:55:57'),(1299,1263,'360481','瑞昌市','2018-11-20 02:55:57','2018-11-20 02:55:57'),(1300,1263,'360482','共青城市','2018-11-20 02:55:57','2018-11-20 02:55:57'),(1301,1263,'360483','庐山市','2018-11-20 02:55:57','2018-11-20 02:55:57'),(1302,1264,'360502','渝水区','2018-11-20 02:55:57','2018-11-20 02:55:57'),(1303,1264,'360521','分宜县','2018-11-20 02:55:57','2018-11-20 02:55:57'),(1304,1265,'360602','月湖区','2018-11-20 02:55:57','2018-11-20 02:55:57'),(1305,1265,'360622','余江县','2018-11-20 02:55:57','2018-11-20 02:55:57'),(1306,1265,'360681','贵溪市','2018-11-20 02:55:57','2018-11-20 02:55:57'),(1307,1266,'360702','章贡区','2018-11-20 02:55:57','2018-11-20 02:55:57'),(1308,1266,'360703','南康区','2018-11-20 02:55:57','2018-11-20 02:55:57'),(1309,1266,'360704','赣县区','2018-11-20 02:55:57','2018-11-20 02:55:57'),(1310,1266,'360722','信丰县','2018-11-20 02:55:57','2018-11-20 02:55:57'),(1311,1266,'360723','大余县','2018-11-20 02:55:57','2018-11-20 02:55:57'),(1312,1266,'360724','上犹县','2018-11-20 02:55:57','2018-11-20 02:55:57'),(1313,1266,'360725','崇义县','2018-11-20 02:55:57','2018-11-20 02:55:57'),(1314,1266,'360726','安远县','2018-11-20 02:55:57','2018-11-20 02:55:57'),(1315,1266,'360727','龙南县','2018-11-20 02:55:57','2018-11-20 02:55:57'),(1316,1266,'360728','定南县','2018-11-20 02:55:57','2018-11-20 02:55:57'),(1317,1266,'360729','全南县','2018-11-20 02:55:57','2018-11-20 02:55:57'),(1318,1266,'360730','宁都县','2018-11-20 02:55:57','2018-11-20 02:55:57'),(1319,1266,'360731','于都县','2018-11-20 02:55:57','2018-11-20 02:55:57'),(1320,1266,'360732','兴国县','2018-11-20 02:55:57','2018-11-20 02:55:57'),(1321,1266,'360733','会昌县','2018-11-20 02:55:57','2018-11-20 02:55:57'),(1322,1266,'360734','寻乌县','2018-11-20 02:55:57','2018-11-20 02:55:57'),(1323,1266,'360735','石城县','2018-11-20 02:55:57','2018-11-20 02:55:57'),(1324,1266,'360781','瑞金市','2018-11-20 02:55:57','2018-11-20 02:55:57'),(1325,1267,'360802','吉州区','2018-11-20 02:55:57','2018-11-20 02:55:57'),(1326,1267,'360803','青原区','2018-11-20 02:55:57','2018-11-20 02:55:57'),(1327,1267,'360821','吉安县','2018-11-20 02:55:57','2018-11-20 02:55:57'),(1328,1267,'360822','吉水县','2018-11-20 02:55:57','2018-11-20 02:55:57'),(1329,1267,'360823','峡江县','2018-11-20 02:55:57','2018-11-20 02:55:57'),(1330,1267,'360824','新干县','2018-11-20 02:55:57','2018-11-20 02:55:57'),(1331,1267,'360825','永丰县','2018-11-20 02:55:57','2018-11-20 02:55:57'),(1332,1267,'360826','泰和县','2018-11-20 02:55:57','2018-11-20 02:55:57'),(1333,1267,'360827','遂川县','2018-11-20 02:55:57','2018-11-20 02:55:57'),(1334,1267,'360828','万安县','2018-11-20 02:55:57','2018-11-20 02:55:57'),(1335,1267,'360829','安福县','2018-11-20 02:55:57','2018-11-20 02:55:57'),(1336,1267,'360830','永新县','2018-11-20 02:55:57','2018-11-20 02:55:57'),(1337,1267,'360881','井冈山市','2018-11-20 02:55:57','2018-11-20 02:55:57'),(1338,1268,'360902','袁州区','2018-11-20 02:55:57','2018-11-20 02:55:57'),(1339,1268,'360921','奉新县','2018-11-20 02:55:57','2018-11-20 02:55:57'),(1340,1268,'360922','万载县','2018-11-20 02:55:57','2018-11-20 02:55:57'),(1341,1268,'360923','上高县','2018-11-20 02:55:57','2018-11-20 02:55:57'),(1342,1268,'360924','宜丰县','2018-11-20 02:55:57','2018-11-20 02:55:57'),(1343,1268,'360925','靖安县','2018-11-20 02:55:57','2018-11-20 02:55:57'),(1344,1268,'360926','铜鼓县','2018-11-20 02:55:57','2018-11-20 02:55:57'),(1345,1268,'360981','丰城市','2018-11-20 02:55:57','2018-11-20 02:55:57'),(1346,1268,'360982','樟树市','2018-11-20 02:55:57','2018-11-20 02:55:57'),(1347,1268,'360983','高安市','2018-11-20 02:55:57','2018-11-20 02:55:57'),(1348,1269,'361002','临川区','2018-11-20 02:55:57','2018-11-20 02:55:57'),(1349,1269,'361003','东乡区','2018-11-20 02:55:57','2018-11-20 02:55:57'),(1350,1269,'361021','南城县','2018-11-20 02:55:57','2018-11-20 02:55:57'),(1351,1269,'361022','黎川县','2018-11-20 02:55:57','2018-11-20 02:55:57'),(1352,1269,'361023','南丰县','2018-11-20 02:55:57','2018-11-20 02:55:57'),(1353,1269,'361024','崇仁县','2018-11-20 02:55:57','2018-11-20 02:55:57'),(1354,1269,'361025','乐安县','2018-11-20 02:55:57','2018-11-20 02:55:57'),(1355,1269,'361026','宜黄县','2018-11-20 02:55:57','2018-11-20 02:55:57'),(1356,1269,'361027','金溪县','2018-11-20 02:55:57','2018-11-20 02:55:57'),(1357,1269,'361028','资溪县','2018-11-20 02:55:57','2018-11-20 02:55:57'),(1358,1269,'361030','广昌县','2018-11-20 02:55:57','2018-11-20 02:55:57'),(1359,1270,'361102','信州区','2018-11-20 02:55:57','2018-11-20 02:55:57'),(1360,1270,'361103','广丰区','2018-11-20 02:55:57','2018-11-20 02:55:57'),(1361,1270,'361121','广信区','2018-11-20 02:55:57','2018-11-20 02:55:57'),(1362,1270,'361123','玉山县','2018-11-20 02:55:57','2018-11-20 02:55:57'),(1363,1270,'361124','铅山县','2018-11-20 02:55:57','2018-11-20 02:55:57'),(1364,1270,'361125','横峰县','2018-11-20 02:55:57','2018-11-20 02:55:57'),(1365,1270,'361126','弋阳县','2018-11-20 02:55:57','2018-11-20 02:55:57'),(1366,1270,'361127','余干县','2018-11-20 02:55:57','2018-11-20 02:55:57'),(1367,1270,'361128','鄱阳县','2018-11-20 02:55:57','2018-11-20 02:55:57'),(1368,1270,'361129','万年县','2018-11-20 02:55:57','2018-11-20 02:55:57'),(1369,1270,'361130','婺源县','2018-11-20 02:55:57','2018-11-20 02:55:57'),(1370,1270,'361181','德兴市','2018-11-20 02:55:57','2018-11-20 02:55:57'),(1371,16,'370100','济南市','2018-11-20 02:55:57','2018-11-20 02:55:57'),(1372,16,'370200','青岛市','2018-11-20 02:55:57','2018-11-20 02:55:57'),(1373,16,'370300','淄博市','2018-11-20 02:55:57','2018-11-20 02:55:57'),(1374,16,'370400','枣庄市','2018-11-20 02:55:57','2018-11-20 02:55:57'),(1375,16,'370500','东营市','2018-11-20 02:55:57','2018-11-20 02:55:57'),(1376,16,'370600','烟台市','2018-11-20 02:55:57','2018-11-20 02:55:57'),(1377,16,'370700','潍坊市','2018-11-20 02:55:57','2018-11-20 02:55:57'),(1378,16,'370800','济宁市','2018-11-20 02:55:57','2018-11-20 02:55:57'),(1379,16,'370900','泰安市','2018-11-20 02:55:57','2018-11-20 02:55:57'),(1380,16,'371000','威海市','2018-11-20 02:55:57','2018-11-20 02:55:57'),(1381,16,'371100','日照市','2018-11-20 02:55:57','2018-11-20 02:55:57'),(1382,16,'371200','莱芜市','2018-11-20 02:55:57','2018-11-20 02:55:57'),(1383,16,'371300','临沂市','2018-11-20 02:55:57','2018-11-20 02:55:57'),(1384,16,'371400','德州市','2018-11-20 02:55:57','2018-11-20 02:55:57'),(1385,16,'371500','聊城市','2018-11-20 02:55:57','2018-11-20 02:55:57'),(1386,16,'371600','滨州市','2018-11-20 02:55:57','2018-11-20 02:55:57'),(1387,16,'371700','菏泽市','2018-11-20 02:55:57','2018-11-20 02:55:57'),(1388,1371,'370102','历下区','2018-11-20 02:55:57','2018-11-20 02:55:57'),(1389,1371,'370103','市中区','2018-11-20 02:55:57','2018-11-20 02:55:57'),(1390,1371,'370104','槐荫区','2018-11-20 02:55:57','2018-11-20 02:55:57'),(1391,1371,'370105','天桥区','2018-11-20 02:55:57','2018-11-20 02:55:57'),(1392,1371,'370112','历城区','2018-11-20 02:55:57','2018-11-20 02:55:57'),(1393,1371,'370113','长清区','2018-11-20 02:55:57','2018-11-20 02:55:57'),(1394,1371,'370114','章丘区','2018-11-20 02:55:57','2018-11-20 02:55:57'),(1395,1371,'370124','平阴县','2018-11-20 02:55:57','2018-11-20 02:55:57'),(1396,1371,'370125','济阳县','2018-11-20 02:55:57','2018-11-20 02:55:57'),(1397,1371,'370126','商河县','2018-11-20 02:55:57','2018-11-20 02:55:57'),(1398,1372,'370202','市南区','2018-11-20 02:55:57','2018-11-20 02:55:57'),(1399,1372,'370203','市北区','2018-11-20 02:55:57','2018-11-20 02:55:57'),(1400,1372,'370211','黄岛区','2018-11-20 02:55:57','2018-11-20 02:55:57'),(1401,1372,'370212','崂山区','2018-11-20 02:55:57','2018-11-20 02:55:57'),(1402,1372,'370213','李沧区','2018-11-20 02:55:57','2018-11-20 02:55:57'),(1403,1372,'370214','城阳区','2018-11-20 02:55:57','2018-11-20 02:55:57'),(1404,1372,'370215','即墨区','2018-11-20 02:55:57','2018-11-20 02:55:57'),(1405,1372,'370281','胶州市','2018-11-20 02:55:57','2018-11-20 02:55:57'),(1406,1372,'370283','平度市','2018-11-20 02:55:57','2018-11-20 02:55:57'),(1407,1372,'370285','莱西市','2018-11-20 02:55:57','2018-11-20 02:55:57'),(1408,1373,'370302','淄川区','2018-11-20 02:55:57','2018-11-20 02:55:57'),(1409,1373,'370303','张店区','2018-11-20 02:55:57','2018-11-20 02:55:57'),(1410,1373,'370304','博山区','2018-11-20 02:55:57','2018-11-20 02:55:57'),(1411,1373,'370305','临淄区','2018-11-20 02:55:57','2018-11-20 02:55:57'),(1412,1373,'370306','周村区','2018-11-20 02:55:57','2018-11-20 02:55:57'),(1413,1373,'370321','桓台县','2018-11-20 02:55:57','2018-11-20 02:55:57'),(1414,1373,'370322','高青县','2018-11-20 02:55:57','2018-11-20 02:55:57'),(1415,1373,'370323','沂源县','2018-11-20 02:55:57','2018-11-20 02:55:57'),(1416,1374,'370402','市中区','2018-11-20 02:55:57','2018-11-20 02:55:57'),(1417,1374,'370403','薛城区','2018-11-20 02:55:57','2018-11-20 02:55:57'),(1418,1374,'370404','峄城区','2018-11-20 02:55:57','2018-11-20 02:55:57'),(1419,1374,'370405','台儿庄区','2018-11-20 02:55:57','2018-11-20 02:55:57'),(1420,1374,'370406','山亭区','2018-11-20 02:55:57','2018-11-20 02:55:57'),(1421,1374,'370481','滕州市','2018-11-20 02:55:57','2018-11-20 02:55:57'),(1422,1375,'370502','东营区','2018-11-20 02:55:57','2018-11-20 02:55:57'),(1423,1375,'370503','河口区','2018-11-20 02:55:57','2018-11-20 02:55:57'),(1424,1375,'370505','垦利区','2018-11-20 02:55:57','2018-11-20 02:55:57'),(1425,1375,'370522','利津县','2018-11-20 02:55:57','2018-11-20 02:55:57'),(1426,1375,'370523','广饶县','2018-11-20 02:55:57','2018-11-20 02:55:57'),(1427,1376,'370602','芝罘区','2018-11-20 02:55:57','2018-11-20 02:55:57'),(1428,1376,'370611','福山区','2018-11-20 02:55:57','2018-11-20 02:55:57'),(1429,1376,'370612','牟平区','2018-11-20 02:55:57','2018-11-20 02:55:57'),(1430,1376,'370613','莱山区','2018-11-20 02:55:57','2018-11-20 02:55:57'),(1431,1376,'370634','长岛县','2018-11-20 02:55:57','2018-11-20 02:55:57'),(1432,1376,'370681','龙口市','2018-11-20 02:55:57','2018-11-20 02:55:57'),(1433,1376,'370682','莱阳市','2018-11-20 02:55:57','2018-11-20 02:55:57'),(1434,1376,'370683','莱州市','2018-11-20 02:55:57','2018-11-20 02:55:57'),(1435,1376,'370684','蓬莱市','2018-11-20 02:55:57','2018-11-20 02:55:57'),(1436,1376,'370685','招远市','2018-11-20 02:55:57','2018-11-20 02:55:57'),(1437,1376,'370686','栖霞市','2018-11-20 02:55:57','2018-11-20 02:55:57'),(1438,1376,'370687','海阳市','2018-11-20 02:55:57','2018-11-20 02:55:57'),(1439,1377,'370702','潍城区','2018-11-20 02:55:57','2018-11-20 02:55:57'),(1440,1377,'370703','寒亭区','2018-11-20 02:55:57','2018-11-20 02:55:57'),(1441,1377,'370704','坊子区','2018-11-20 02:55:57','2018-11-20 02:55:57'),(1442,1377,'370705','奎文区','2018-11-20 02:55:57','2018-11-20 02:55:57'),(1443,1377,'370724','临朐县','2018-11-20 02:55:57','2018-11-20 02:55:57'),(1444,1377,'370725','昌乐县','2018-11-20 02:55:57','2018-11-20 02:55:57'),(1445,1377,'370781','青州市','2018-11-20 02:55:57','2018-11-20 02:55:57'),(1446,1377,'370782','诸城市','2018-11-20 02:55:57','2018-11-20 02:55:57'),(1447,1377,'370783','寿光市','2018-11-20 02:55:57','2018-11-20 02:55:57'),(1448,1377,'370784','安丘市','2018-11-20 02:55:57','2018-11-20 02:55:57'),(1449,1377,'370785','高密市','2018-11-20 02:55:57','2018-11-20 02:55:57'),(1450,1377,'370786','昌邑市','2018-11-20 02:55:57','2018-11-20 02:55:57'),(1451,1378,'370811','任城区','2018-11-20 02:55:57','2018-11-20 02:55:57'),(1452,1378,'370812','兖州区','2018-11-20 02:55:57','2018-11-20 02:55:57'),(1453,1378,'370826','微山县','2018-11-20 02:55:57','2018-11-20 02:55:57'),(1454,1378,'370827','鱼台县','2018-11-20 02:55:57','2018-11-20 02:55:57'),(1455,1378,'370828','金乡县','2018-11-20 02:55:57','2018-11-20 02:55:57'),(1456,1378,'370829','嘉祥县','2018-11-20 02:55:57','2018-11-20 02:55:57'),(1457,1378,'370830','汶上县','2018-11-20 02:55:57','2018-11-20 02:55:57'),(1458,1378,'370831','泗水县','2018-11-20 02:55:57','2018-11-20 02:55:57'),(1459,1378,'370832','梁山县','2018-11-20 02:55:57','2018-11-20 02:55:57'),(1460,1378,'370881','曲阜市','2018-11-20 02:55:57','2018-11-20 02:55:57'),(1461,1378,'370883','邹城市','2018-11-20 02:55:57','2018-11-20 02:55:57'),(1462,1379,'370902','泰山区','2018-11-20 02:55:57','2018-11-20 02:55:57'),(1463,1379,'370911','岱岳区','2018-11-20 02:55:57','2018-11-20 02:55:57'),(1464,1379,'370921','宁阳县','2018-11-20 02:55:57','2018-11-20 02:55:57'),(1465,1379,'370923','东平县','2018-11-20 02:55:57','2018-11-20 02:55:57'),(1466,1379,'370982','新泰市','2018-11-20 02:55:57','2018-11-20 02:55:57'),(1467,1379,'370983','肥城市','2018-11-20 02:55:57','2018-11-20 02:55:57'),(1468,1380,'371002','环翠区','2018-11-20 02:55:57','2018-11-20 02:55:57'),(1469,1380,'371003','文登区','2018-11-20 02:55:57','2018-11-20 02:55:57'),(1470,1380,'371082','荣成市','2018-11-20 02:55:57','2018-11-20 02:55:57'),(1471,1380,'371083','乳山市','2018-11-20 02:55:57','2018-11-20 02:55:57'),(1472,1381,'371102','东港区','2018-11-20 02:55:57','2018-11-20 02:55:57'),(1473,1381,'371103','岚山区','2018-11-20 02:55:57','2018-11-20 02:55:57'),(1474,1381,'371121','五莲县','2018-11-20 02:55:57','2018-11-20 02:55:57'),(1475,1381,'371122','莒县','2018-11-20 02:55:57','2018-11-20 02:55:57'),(1476,1382,'371202','莱城区','2018-11-20 02:55:57','2018-11-20 02:55:57'),(1477,1382,'371203','钢城区','2018-11-20 02:55:57','2018-11-20 02:55:57'),(1478,1383,'371302','兰山区','2018-11-20 02:55:57','2018-11-20 02:55:57'),(1479,1383,'371311','罗庄区','2018-11-20 02:55:57','2018-11-20 02:55:57'),(1480,1383,'371312','河东区','2018-11-20 02:55:57','2018-11-20 02:55:57'),(1481,1383,'371321','沂南县','2018-11-20 02:55:57','2018-11-20 02:55:57'),(1482,1383,'371322','郯城县','2018-11-20 02:55:57','2018-11-20 02:55:57'),(1483,1383,'371323','沂水县','2018-11-20 02:55:57','2018-11-20 02:55:57'),(1484,1383,'371324','兰陵县','2018-11-20 02:55:57','2018-11-20 02:55:57'),(1485,1383,'371325','费县','2018-11-20 02:55:57','2018-11-20 02:55:57'),(1486,1383,'371326','平邑县','2018-11-20 02:55:57','2018-11-20 02:55:57'),(1487,1383,'371327','莒南县','2018-11-20 02:55:57','2018-11-20 02:55:57'),(1488,1383,'371328','蒙阴县','2018-11-20 02:55:57','2018-11-20 02:55:57'),(1489,1383,'371329','临沭县','2018-11-20 02:55:57','2018-11-20 02:55:57'),(1490,1384,'371402','德城区','2018-11-20 02:55:57','2018-11-20 02:55:57'),(1491,1384,'371403','陵城区','2018-11-20 02:55:57','2018-11-20 02:55:57'),(1492,1384,'371422','宁津县','2018-11-20 02:55:57','2018-11-20 02:55:57'),(1493,1384,'371423','庆云县','2018-11-20 02:55:57','2018-11-20 02:55:57'),(1494,1384,'371424','临邑县','2018-11-20 02:55:57','2018-11-20 02:55:57'),(1495,1384,'371425','齐河县','2018-11-20 02:55:57','2018-11-20 02:55:57'),(1496,1384,'371426','平原县','2018-11-20 02:55:57','2018-11-20 02:55:57'),(1497,1384,'371427','夏津县','2018-11-20 02:55:57','2018-11-20 02:55:57'),(1498,1384,'371428','武城县','2018-11-20 02:55:57','2018-11-20 02:55:57'),(1499,1384,'371481','乐陵市','2018-11-20 02:55:57','2018-11-20 02:55:57'),(1500,1384,'371482','禹城市','2018-11-20 02:55:57','2018-11-20 02:55:57'),(1501,1385,'371502','东昌府区','2018-11-20 02:55:57','2018-11-20 02:55:57'),(1502,1385,'371521','阳谷县','2018-11-20 02:55:57','2018-11-20 02:55:57'),(1503,1385,'371522','莘县','2018-11-20 02:55:57','2018-11-20 02:55:57'),(1504,1385,'371523','茌平县','2018-11-20 02:55:57','2018-11-20 02:55:57'),(1505,1385,'371524','东阿县','2018-11-20 02:55:57','2018-11-20 02:55:57'),(1506,1385,'371525','冠县','2018-11-20 02:55:57','2018-11-20 02:55:57'),(1507,1385,'371526','高唐县','2018-11-20 02:55:57','2018-11-20 02:55:57'),(1508,1385,'371581','临清市','2018-11-20 02:55:57','2018-11-20 02:55:57'),(1509,1386,'371602','滨城区','2018-11-20 02:55:57','2018-11-20 02:55:57'),(1510,1386,'371603','沾化区','2018-11-20 02:55:57','2018-11-20 02:55:57'),(1511,1386,'371621','惠民县','2018-11-20 02:55:57','2018-11-20 02:55:57'),(1512,1386,'371622','阳信县','2018-11-20 02:55:57','2018-11-20 02:55:57'),(1513,1386,'371623','无棣县','2018-11-20 02:55:57','2018-11-20 02:55:57'),(1514,1386,'371625','博兴县','2018-11-20 02:55:57','2018-11-20 02:55:57'),(1515,1386,'371626','邹平县','2018-11-20 02:55:57','2018-11-20 02:55:57'),(1516,1387,'371702','牡丹区','2018-11-20 02:55:57','2018-11-20 02:55:57'),(1517,1387,'371703','定陶区','2018-11-20 02:55:57','2018-11-20 02:55:57'),(1518,1387,'371721','曹县','2018-11-20 02:55:57','2018-11-20 02:55:57'),(1519,1387,'371722','单县','2018-11-20 02:55:57','2018-11-20 02:55:57'),(1520,1387,'371723','成武县','2018-11-20 02:55:57','2018-11-20 02:55:57'),(1521,1387,'371724','巨野县','2018-11-20 02:55:57','2018-11-20 02:55:57'),(1522,1387,'371725','郓城县','2018-11-20 02:55:57','2018-11-20 02:55:57'),(1523,1387,'371726','鄄城县','2018-11-20 02:55:57','2018-11-20 02:55:57'),(1524,1387,'371728','东明县','2018-11-20 02:55:57','2018-11-20 02:55:57'),(1525,17,'410100','郑州市','2018-11-20 02:55:57','2018-11-20 02:55:57'),(1526,17,'410200','开封市','2018-11-20 02:55:57','2018-11-20 02:55:57'),(1527,17,'410300','洛阳市','2018-11-20 02:55:57','2018-11-20 02:55:57'),(1528,17,'410400','平顶山市','2018-11-20 02:55:57','2018-11-20 02:55:57'),(1529,17,'410500','安阳市','2018-11-20 02:55:57','2018-11-20 02:55:57'),(1530,17,'410600','鹤壁市','2018-11-20 02:55:57','2018-11-20 02:55:57'),(1531,17,'410700','新乡市','2018-11-20 02:55:57','2018-11-20 02:55:57'),(1532,17,'410800','焦作市','2018-11-20 02:55:57','2018-11-20 02:55:57'),(1533,17,'410900','濮阳市','2018-11-20 02:55:57','2018-11-20 02:55:57'),(1534,17,'411000','许昌市','2018-11-20 02:55:57','2018-11-20 02:55:57'),(1535,17,'411100','漯河市','2018-11-20 02:55:57','2018-11-20 02:55:57'),(1536,17,'411200','三门峡市','2018-11-20 02:55:57','2018-11-20 02:55:57'),(1537,17,'411300','南阳市','2018-11-20 02:55:57','2018-11-20 02:55:57'),(1538,17,'411400','商丘市','2018-11-20 02:55:57','2018-11-20 02:55:57'),(1539,17,'411500','信阳市','2018-11-20 02:55:57','2018-11-20 02:55:57'),(1540,17,'411600','周口市','2018-11-20 02:55:57','2018-11-20 02:55:57'),(1541,17,'411700','驻马店市','2018-11-20 02:55:57','2018-11-20 02:55:57'),(1542,17,'419001','济源市','2018-11-20 02:55:57','2018-11-20 02:55:57'),(1543,1525,'410102','中原区','2018-11-20 02:55:57','2018-11-20 02:55:57'),(1544,1525,'410103','二七区','2018-11-20 02:55:57','2018-11-20 02:55:57'),(1545,1525,'410104','管城回族区','2018-11-20 02:55:57','2018-11-20 02:55:57'),(1546,1525,'410105','金水区','2018-11-20 02:55:57','2018-11-20 02:55:57'),(1547,1525,'410106','上街区','2018-11-20 02:55:57','2018-11-20 02:55:57'),(1548,1525,'410108','惠济区','2018-11-20 02:55:57','2018-11-20 02:55:57'),(1549,1525,'410122','中牟县','2018-11-20 02:55:57','2018-11-20 02:55:57'),(1550,1525,'410181','巩义市','2018-11-20 02:55:57','2018-11-20 02:55:57'),(1551,1525,'410182','荥阳市','2018-11-20 02:55:57','2018-11-20 02:55:57'),(1552,1525,'410183','新密市','2018-11-20 02:55:57','2018-11-20 02:55:57'),(1553,1525,'410184','新郑市','2018-11-20 02:55:57','2018-11-20 02:55:57'),(1554,1525,'410185','登封市','2018-11-20 02:55:57','2018-11-20 02:55:57'),(1555,1526,'410202','龙亭区','2018-11-20 02:55:57','2018-11-20 02:55:57'),(1556,1526,'410203','顺河回族区','2018-11-20 02:55:57','2018-11-20 02:55:57'),(1557,1526,'410204','鼓楼区','2018-11-20 02:55:57','2018-11-20 02:55:57'),(1558,1526,'410205','禹王台区','2018-11-20 02:55:57','2018-11-20 02:55:57'),(1559,1526,'410212','祥符区','2018-11-20 02:55:57','2018-11-20 02:55:57'),(1560,1526,'410221','杞县','2018-11-20 02:55:57','2018-11-20 02:55:57'),(1561,1526,'410222','通许县','2018-11-20 02:55:57','2018-11-20 02:55:57'),(1562,1526,'410223','尉氏县','2018-11-20 02:55:57','2018-11-20 02:55:57'),(1563,1526,'410225','兰考县','2018-11-20 02:55:57','2018-11-20 02:55:57'),(1564,1527,'410302','老城区','2018-11-20 02:55:57','2018-11-20 02:55:57'),(1565,1527,'410303','西工区','2018-11-20 02:55:57','2018-11-20 02:55:57'),(1566,1527,'410304','瀍河回族区','2018-11-20 02:55:57','2018-11-20 02:55:57'),(1567,1527,'410305','涧西区','2018-11-20 02:55:57','2018-11-20 02:55:57'),(1568,1527,'410306','吉利区','2018-11-20 02:55:57','2018-11-20 02:55:57'),(1569,1527,'410311','洛龙区','2018-11-20 02:55:57','2018-11-20 02:55:57'),(1570,1527,'410322','孟津县','2018-11-20 02:55:57','2018-11-20 02:55:57'),(1571,1527,'410323','新安县','2018-11-20 02:55:57','2018-11-20 02:55:57'),(1572,1527,'410324','栾川县','2018-11-20 02:55:57','2018-11-20 02:55:57'),(1573,1527,'410325','嵩县','2018-11-20 02:55:57','2018-11-20 02:55:57'),(1574,1527,'410326','汝阳县','2018-11-20 02:55:57','2018-11-20 02:55:57'),(1575,1527,'410327','宜阳县','2018-11-20 02:55:57','2018-11-20 02:55:57'),(1576,1527,'410328','洛宁县','2018-11-20 02:55:57','2018-11-20 02:55:57'),(1577,1527,'410329','伊川县','2018-11-20 02:55:57','2018-11-20 02:55:57'),(1578,1527,'410381','偃师市','2018-11-20 02:55:58','2018-11-20 02:55:58'),(1579,1528,'410402','新华区','2018-11-20 02:55:58','2018-11-20 02:55:58'),(1580,1528,'410403','卫东区','2018-11-20 02:55:58','2018-11-20 02:55:58'),(1581,1528,'410404','石龙区','2018-11-20 02:55:58','2018-11-20 02:55:58'),(1582,1528,'410411','湛河区','2018-11-20 02:55:58','2018-11-20 02:55:58'),(1583,1528,'410421','宝丰县','2018-11-20 02:55:58','2018-11-20 02:55:58'),(1584,1528,'410422','叶县','2018-11-20 02:55:58','2018-11-20 02:55:58'),(1585,1528,'410423','鲁山县','2018-11-20 02:55:58','2018-11-20 02:55:58'),(1586,1528,'410425','郏县','2018-11-20 02:55:58','2018-11-20 02:55:58'),(1587,1528,'410481','舞钢市','2018-11-20 02:55:58','2018-11-20 02:55:58'),(1588,1528,'410482','汝州市','2018-11-20 02:55:58','2018-11-20 02:55:58'),(1589,1529,'410502','文峰区','2018-11-20 02:55:58','2018-11-20 02:55:58'),(1590,1529,'410503','北关区','2018-11-20 02:55:58','2018-11-20 02:55:58'),(1591,1529,'410505','殷都区','2018-11-20 02:55:58','2018-11-20 02:55:58'),(1592,1529,'410506','龙安区','2018-11-20 02:55:58','2018-11-20 02:55:58'),(1593,1529,'410522','安阳县','2018-11-20 02:55:58','2018-11-20 02:55:58'),(1594,1529,'410523','汤阴县','2018-11-20 02:55:58','2018-11-20 02:55:58'),(1595,1529,'410526','滑县','2018-11-20 02:55:58','2018-11-20 02:55:58'),(1596,1529,'410527','内黄县','2018-11-20 02:55:58','2018-11-20 02:55:58'),(1597,1529,'410581','林州市','2018-11-20 02:55:58','2018-11-20 02:55:58'),(1598,1530,'410602','鹤山区','2018-11-20 02:55:58','2018-11-20 02:55:58'),(1599,1530,'410603','山城区','2018-11-20 02:55:58','2018-11-20 02:55:58'),(1600,1530,'410611','淇滨区','2018-11-20 02:55:58','2018-11-20 02:55:58'),(1601,1530,'410621','浚县','2018-11-20 02:55:58','2018-11-20 02:55:58'),(1602,1530,'410622','淇县','2018-11-20 02:55:58','2018-11-20 02:55:58'),(1603,1531,'410702','红旗区','2018-11-20 02:55:58','2018-11-20 02:55:58'),(1604,1531,'410703','卫滨区','2018-11-20 02:55:58','2018-11-20 02:55:58'),(1605,1531,'410704','凤泉区','2018-11-20 02:55:58','2018-11-20 02:55:58'),(1606,1531,'410711','牧野区','2018-11-20 02:55:58','2018-11-20 02:55:58'),(1607,1531,'410721','新乡县','2018-11-20 02:55:58','2018-11-20 02:55:58'),(1608,1531,'410724','获嘉县','2018-11-20 02:55:58','2018-11-20 02:55:58'),(1609,1531,'410725','原阳县','2018-11-20 02:55:58','2018-11-20 02:55:58'),(1610,1531,'410726','延津县','2018-11-20 02:55:58','2018-11-20 02:55:58'),(1611,1531,'410727','封丘县','2018-11-20 02:55:58','2018-11-20 02:55:58'),(1612,1531,'410728','长垣县','2018-11-20 02:55:58','2018-11-20 02:55:58'),(1613,1531,'410781','卫辉市','2018-11-20 02:55:58','2018-11-20 02:55:58'),(1614,1531,'410782','辉县市','2018-11-20 02:55:58','2018-11-20 02:55:58'),(1615,1532,'410802','解放区','2018-11-20 02:55:58','2018-11-20 02:55:58'),(1616,1532,'410803','中站区','2018-11-20 02:55:58','2018-11-20 02:55:58'),(1617,1532,'410804','马村区','2018-11-20 02:55:58','2018-11-20 02:55:58'),(1618,1532,'410811','山阳区','2018-11-20 02:55:58','2018-11-20 02:55:58'),(1619,1532,'410821','修武县','2018-11-20 02:55:58','2018-11-20 02:55:58'),(1620,1532,'410822','博爱县','2018-11-20 02:55:58','2018-11-20 02:55:58'),(1621,1532,'410823','武陟县','2018-11-20 02:55:58','2018-11-20 02:55:58'),(1622,1532,'410825','温县','2018-11-20 02:55:58','2018-11-20 02:55:58'),(1623,1532,'410882','沁阳市','2018-11-20 02:55:58','2018-11-20 02:55:58'),(1624,1532,'410883','孟州市','2018-11-20 02:55:58','2018-11-20 02:55:58'),(1625,1533,'410902','华龙区','2018-11-20 02:55:58','2018-11-20 02:55:58'),(1626,1533,'410922','清丰县','2018-11-20 02:55:58','2018-11-20 02:55:58'),(1627,1533,'410923','南乐县','2018-11-20 02:55:58','2018-11-20 02:55:58'),(1628,1533,'410926','范县','2018-11-20 02:55:58','2018-11-20 02:55:58'),(1629,1533,'410927','台前县','2018-11-20 02:55:58','2018-11-20 02:55:58'),(1630,1533,'410928','濮阳县','2018-11-20 02:55:58','2018-11-20 02:55:58'),(1631,1534,'411002','魏都区','2018-11-20 02:55:58','2018-11-20 02:55:58'),(1632,1534,'411003','建安区','2018-11-20 02:55:58','2018-11-20 02:55:58'),(1633,1534,'411024','鄢陵县','2018-11-20 02:55:58','2018-11-20 02:55:58'),(1634,1534,'411025','襄城县','2018-11-20 02:55:58','2018-11-20 02:55:58'),(1635,1534,'411081','禹州市','2018-11-20 02:55:58','2018-11-20 02:55:58'),(1636,1534,'411082','长葛市','2018-11-20 02:55:58','2018-11-20 02:55:58'),(1637,1535,'411102','源汇区','2018-11-20 02:55:58','2018-11-20 02:55:58'),(1638,1535,'411103','郾城区','2018-11-20 02:55:58','2018-11-20 02:55:58'),(1639,1535,'411104','召陵区','2018-11-20 02:55:58','2018-11-20 02:55:58'),(1640,1535,'411121','舞阳县','2018-11-20 02:55:58','2018-11-20 02:55:58'),(1641,1535,'411122','临颍县','2018-11-20 02:55:58','2018-11-20 02:55:58'),(1642,1536,'411202','湖滨区','2018-11-20 02:55:58','2018-11-20 02:55:58'),(1643,1536,'411203','陕州区','2018-11-20 02:55:58','2018-11-20 02:55:58'),(1644,1536,'411221','渑池县','2018-11-20 02:55:58','2018-11-20 02:55:58'),(1645,1536,'411224','卢氏县','2018-11-20 02:55:58','2018-11-20 02:55:58'),(1646,1536,'411281','义马市','2018-11-20 02:55:58','2018-11-20 02:55:58'),(1647,1536,'411282','灵宝市','2018-11-20 02:55:58','2018-11-20 02:55:58'),(1648,1537,'411302','宛城区','2018-11-20 02:55:58','2018-11-20 02:55:58'),(1649,1537,'411303','卧龙区','2018-11-20 02:55:58','2018-11-20 02:55:58'),(1650,1537,'411321','南召县','2018-11-20 02:55:58','2018-11-20 02:55:58'),(1651,1537,'411322','方城县','2018-11-20 02:55:58','2018-11-20 02:55:58'),(1652,1537,'411323','西峡县','2018-11-20 02:55:58','2018-11-20 02:55:58'),(1653,1537,'411324','镇平县','2018-11-20 02:55:58','2018-11-20 02:55:58'),(1654,1537,'411325','内乡县','2018-11-20 02:55:58','2018-11-20 02:55:58'),(1655,1537,'411326','淅川县','2018-11-20 02:55:58','2018-11-20 02:55:58'),(1656,1537,'411327','社旗县','2018-11-20 02:55:58','2018-11-20 02:55:58'),(1657,1537,'411328','唐河县','2018-11-20 02:55:58','2018-11-20 02:55:58'),(1658,1537,'411329','新野县','2018-11-20 02:55:58','2018-11-20 02:55:58'),(1659,1537,'411330','桐柏县','2018-11-20 02:55:58','2018-11-20 02:55:58'),(1660,1537,'411381','邓州市','2018-11-20 02:55:58','2018-11-20 02:55:58'),(1661,1538,'411402','梁园区','2018-11-20 02:55:58','2018-11-20 02:55:58'),(1662,1538,'411403','睢阳区','2018-11-20 02:55:58','2018-11-20 02:55:58'),(1663,1538,'411421','民权县','2018-11-20 02:55:58','2018-11-20 02:55:58'),(1664,1538,'411422','睢县','2018-11-20 02:55:58','2018-11-20 02:55:58'),(1665,1538,'411423','宁陵县','2018-11-20 02:55:58','2018-11-20 02:55:58'),(1666,1538,'411424','柘城县','2018-11-20 02:55:58','2018-11-20 02:55:58'),(1667,1538,'411425','虞城县','2018-11-20 02:55:58','2018-11-20 02:55:58'),(1668,1538,'411426','夏邑县','2018-11-20 02:55:58','2018-11-20 02:55:58'),(1669,1538,'411481','永城市','2018-11-20 02:55:58','2018-11-20 02:55:58'),(1670,1539,'411502','浉河区','2018-11-20 02:55:58','2018-11-20 02:55:58'),(1671,1539,'411503','平桥区','2018-11-20 02:55:58','2018-11-20 02:55:58'),(1672,1539,'411521','罗山县','2018-11-20 02:55:58','2018-11-20 02:55:58'),(1673,1539,'411522','光山县','2018-11-20 02:55:58','2018-11-20 02:55:58'),(1674,1539,'411523','新县','2018-11-20 02:55:58','2018-11-20 02:55:58'),(1675,1539,'411524','商城县','2018-11-20 02:55:58','2018-11-20 02:55:58'),(1676,1539,'411525','固始县','2018-11-20 02:55:58','2018-11-20 02:55:58'),(1677,1539,'411526','潢川县','2018-11-20 02:55:58','2018-11-20 02:55:58'),(1678,1539,'411527','淮滨县','2018-11-20 02:55:58','2018-11-20 02:55:58'),(1679,1539,'411528','息县','2018-11-20 02:55:58','2018-11-20 02:55:58'),(1680,1540,'411602','川汇区','2018-11-20 02:55:58','2018-11-20 02:55:58'),(1681,1540,'411621','扶沟县','2018-11-20 02:55:58','2018-11-20 02:55:58'),(1682,1540,'411622','西华县','2018-11-20 02:55:58','2018-11-20 02:55:58'),(1683,1540,'411623','商水县','2018-11-20 02:55:58','2018-11-20 02:55:58'),(1684,1540,'411624','沈丘县','2018-11-20 02:55:58','2018-11-20 02:55:58'),(1685,1540,'411625','郸城县','2018-11-20 02:55:58','2018-11-20 02:55:58'),(1686,1540,'411626','淮阳县','2018-11-20 02:55:58','2018-11-20 02:55:58'),(1687,1540,'411627','太康县','2018-11-20 02:55:58','2018-11-20 02:55:58'),(1688,1540,'411628','鹿邑县','2018-11-20 02:55:58','2018-11-20 02:55:58'),(1689,1540,'411681','项城市','2018-11-20 02:55:58','2018-11-20 02:55:58'),(1690,1541,'411702','驿城区','2018-11-20 02:55:58','2018-11-20 02:55:58'),(1691,1541,'411721','西平县','2018-11-20 02:55:58','2018-11-20 02:55:58'),(1692,1541,'411722','上蔡县','2018-11-20 02:55:58','2018-11-20 02:55:58'),(1693,1541,'411723','平舆县','2018-11-20 02:55:58','2018-11-20 02:55:58'),(1694,1541,'411724','正阳县','2018-11-20 02:55:58','2018-11-20 02:55:58'),(1695,1541,'411725','确山县','2018-11-20 02:55:58','2018-11-20 02:55:58'),(1696,1541,'411726','泌阳县','2018-11-20 02:55:58','2018-11-20 02:55:58'),(1697,1541,'411727','汝南县','2018-11-20 02:55:58','2018-11-20 02:55:58'),(1698,1541,'411728','遂平县','2018-11-20 02:55:58','2018-11-20 02:55:58'),(1699,1541,'411729','新蔡县','2018-11-20 02:55:58','2018-11-20 02:55:58'),(1700,1542,'419001','济源市','2018-11-20 02:55:58','2018-11-20 02:55:58'),(1701,18,'420100','武汉市','2018-11-20 02:55:58','2018-11-20 02:55:58'),(1702,18,'420200','黄石市','2018-11-20 02:55:58','2018-11-20 02:55:58'),(1703,18,'420300','十堰市','2018-11-20 02:55:58','2018-11-20 02:55:58'),(1704,18,'420500','宜昌市','2018-11-20 02:55:58','2018-11-20 02:55:58'),(1705,18,'420600','襄阳市','2018-11-20 02:55:58','2018-11-20 02:55:58'),(1706,18,'420700','鄂州市','2018-11-20 02:55:58','2018-11-20 02:55:58'),(1707,18,'420800','荆门市','2018-11-20 02:55:58','2018-11-20 02:55:58'),(1708,18,'420900','孝感市','2018-11-20 02:55:58','2018-11-20 02:55:58'),(1709,18,'421000','荆州市','2018-11-20 02:55:58','2018-11-20 02:55:58'),(1710,18,'421100','黄冈市','2018-11-20 02:55:58','2018-11-20 02:55:58'),(1711,18,'421200','咸宁市','2018-11-20 02:55:58','2018-11-20 02:55:58'),(1712,18,'421300','随州市','2018-11-20 02:55:58','2018-11-20 02:55:58'),(1713,18,'422800','恩施土家族苗族自治州','2018-11-20 02:55:58','2018-11-20 02:55:58'),(1714,18,'429004','仙桃市','2018-11-20 02:55:58','2018-11-20 02:55:58'),(1715,18,'429005','潜江市','2018-11-20 02:55:58','2018-11-20 02:55:58'),(1716,18,'429006','天门市','2018-11-20 02:55:58','2018-11-20 02:55:58'),(1717,18,'429021','神农架林区','2018-11-20 02:55:58','2018-11-20 02:55:58'),(1718,1701,'420102','江岸区','2018-11-20 02:55:58','2018-11-20 02:55:58'),(1719,1701,'420103','江汉区','2018-11-20 02:55:58','2018-11-20 02:55:58'),(1720,1701,'420104','硚口区','2018-11-20 02:55:58','2018-11-20 02:55:58'),(1721,1701,'420105','汉阳区','2018-11-20 02:55:58','2018-11-20 02:55:58'),(1722,1701,'420106','武昌区','2018-11-20 02:55:58','2018-11-20 02:55:58'),(1723,1701,'420107','青山区','2018-11-20 02:55:58','2018-11-20 02:55:58'),(1724,1701,'420111','洪山区','2018-11-20 02:55:58','2018-11-20 02:55:58'),(1725,1701,'420112','东西湖区','2018-11-20 02:55:58','2018-11-20 02:55:58'),(1726,1701,'420113','汉南区','2018-11-20 02:55:58','2018-11-20 02:55:58'),(1727,1701,'420114','蔡甸区','2018-11-20 02:55:58','2018-11-20 02:55:58'),(1728,1701,'420115','江夏区','2018-11-20 02:55:58','2018-11-20 02:55:58'),(1729,1701,'420116','黄陂区','2018-11-20 02:55:58','2018-11-20 02:55:58'),(1730,1701,'420117','新洲区','2018-11-20 02:55:58','2018-11-20 02:55:58'),(1731,1702,'420202','黄石港区','2018-11-20 02:55:58','2018-11-20 02:55:58'),(1732,1702,'420203','西塞山区','2018-11-20 02:55:58','2018-11-20 02:55:58'),(1733,1702,'420204','下陆区','2018-11-20 02:55:58','2018-11-20 02:55:58'),(1734,1702,'420205','铁山区','2018-11-20 02:55:58','2018-11-20 02:55:58'),(1735,1702,'420222','阳新县','2018-11-20 02:55:58','2018-11-20 02:55:58'),(1736,1702,'420281','大冶市','2018-11-20 02:55:58','2018-11-20 02:55:58'),(1737,1703,'420302','茅箭区','2018-11-20 02:55:58','2018-11-20 02:55:58'),(1738,1703,'420303','张湾区','2018-11-20 02:55:58','2018-11-20 02:55:58'),(1739,1703,'420304','郧阳区','2018-11-20 02:55:58','2018-11-20 02:55:58'),(1740,1703,'420322','郧西县','2018-11-20 02:55:58','2018-11-20 02:55:58'),(1741,1703,'420323','竹山县','2018-11-20 02:55:58','2018-11-20 02:55:58'),(1742,1703,'420324','竹溪县','2018-11-20 02:55:58','2018-11-20 02:55:58'),(1743,1703,'420325','房县','2018-11-20 02:55:58','2018-11-20 02:55:58'),(1744,1703,'420381','丹江口市','2018-11-20 02:55:58','2018-11-20 02:55:58'),(1745,1704,'420502','西陵区','2018-11-20 02:55:58','2018-11-20 02:55:58'),(1746,1704,'420503','伍家岗区','2018-11-20 02:55:58','2018-11-20 02:55:58'),(1747,1704,'420504','点军区','2018-11-20 02:55:58','2018-11-20 02:55:58'),(1748,1704,'420505','猇亭区','2018-11-20 02:55:58','2018-11-20 02:55:58'),(1749,1704,'420506','夷陵区','2018-11-20 02:55:58','2018-11-20 02:55:58'),(1750,1704,'420525','远安县','2018-11-20 02:55:58','2018-11-20 02:55:58'),(1751,1704,'420526','兴山县','2018-11-20 02:55:58','2018-11-20 02:55:58'),(1752,1704,'420527','秭归县','2018-11-20 02:55:58','2018-11-20 02:55:58'),(1753,1704,'420528','长阳土家族自治县','2018-11-20 02:55:58','2018-11-20 02:55:58'),(1754,1704,'420529','五峰土家族自治县','2018-11-20 02:55:58','2018-11-20 02:55:58'),(1755,1704,'420581','宜都市','2018-11-20 02:55:58','2018-11-20 02:55:58'),(1756,1704,'420582','当阳市','2018-11-20 02:55:58','2018-11-20 02:55:58'),(1757,1704,'420583','枝江市','2018-11-20 02:55:58','2018-11-20 02:55:58'),(1758,1705,'420602','襄城区','2018-11-20 02:55:58','2018-11-20 02:55:58'),(1759,1705,'420606','樊城区','2018-11-20 02:55:58','2018-11-20 02:55:58'),(1760,1705,'420607','襄州区','2018-11-20 02:55:58','2018-11-20 02:55:58'),(1761,1705,'420624','南漳县','2018-11-20 02:55:58','2018-11-20 02:55:58'),(1762,1705,'420625','谷城县','2018-11-20 02:55:58','2018-11-20 02:55:58'),(1763,1705,'420626','保康县','2018-11-20 02:55:58','2018-11-20 02:55:58'),(1764,1705,'420682','老河口市','2018-11-20 02:55:58','2018-11-20 02:55:58'),(1765,1705,'420683','枣阳市','2018-11-20 02:55:58','2018-11-20 02:55:58'),(1766,1705,'420684','宜城市','2018-11-20 02:55:58','2018-11-20 02:55:58'),(1767,1706,'420702','梁子湖区','2018-11-20 02:55:58','2018-11-20 02:55:58'),(1768,1706,'420703','华容区','2018-11-20 02:55:58','2018-11-20 02:55:58'),(1769,1706,'420704','鄂城区','2018-11-20 02:55:58','2018-11-20 02:55:58'),(1770,1707,'420802','东宝区','2018-11-20 02:55:58','2018-11-20 02:55:58'),(1771,1707,'420804','掇刀区','2018-11-20 02:55:58','2018-11-20 02:55:58'),(1772,1707,'420821','京山县','2018-11-20 02:55:58','2018-11-20 02:55:58'),(1773,1707,'420822','沙洋县','2018-11-20 02:55:58','2018-11-20 02:55:58'),(1774,1707,'420881','钟祥市','2018-11-20 02:55:58','2018-11-20 02:55:58'),(1775,1708,'420902','孝南区','2018-11-20 02:55:58','2018-11-20 02:55:58'),(1776,1708,'420921','孝昌县','2018-11-20 02:55:58','2018-11-20 02:55:58'),(1777,1708,'420922','大悟县','2018-11-20 02:55:58','2018-11-20 02:55:58'),(1778,1708,'420923','云梦县','2018-11-20 02:55:58','2018-11-20 02:55:58'),(1779,1708,'420981','应城市','2018-11-20 02:55:58','2018-11-20 02:55:58'),(1780,1708,'420982','安陆市','2018-11-20 02:55:58','2018-11-20 02:55:58'),(1781,1708,'420984','汉川市','2018-11-20 02:55:58','2018-11-20 02:55:58'),(1782,1709,'421002','沙市区','2018-11-20 02:55:58','2018-11-20 02:55:58'),(1783,1709,'421003','荆州区','2018-11-20 02:55:58','2018-11-20 02:55:58'),(1784,1709,'421022','公安县','2018-11-20 02:55:58','2018-11-20 02:55:58'),(1785,1709,'421023','监利县','2018-11-20 02:55:58','2018-11-20 02:55:58'),(1786,1709,'421024','江陵县','2018-11-20 02:55:58','2018-11-20 02:55:58'),(1787,1709,'421081','石首市','2018-11-20 02:55:58','2018-11-20 02:55:58'),(1788,1709,'421083','洪湖市','2018-11-20 02:55:58','2018-11-20 02:55:58'),(1789,1709,'421087','松滋市','2018-11-20 02:55:58','2018-11-20 02:55:58'),(1790,1710,'421102','黄州区','2018-11-20 02:55:58','2018-11-20 02:55:58'),(1791,1710,'421121','团风县','2018-11-20 02:55:58','2018-11-20 02:55:58'),(1792,1710,'421122','红安县','2018-11-20 02:55:58','2018-11-20 02:55:58'),(1793,1710,'421123','罗田县','2018-11-20 02:55:58','2018-11-20 02:55:58'),(1794,1710,'421124','英山县','2018-11-20 02:55:58','2018-11-20 02:55:58'),(1795,1710,'421125','浠水县','2018-11-20 02:55:58','2018-11-20 02:55:58'),(1796,1710,'421126','蕲春县','2018-11-20 02:55:58','2018-11-20 02:55:58'),(1797,1710,'421127','黄梅县','2018-11-20 02:55:58','2018-11-20 02:55:58'),(1798,1710,'421181','麻城市','2018-11-20 02:55:58','2018-11-20 02:55:58'),(1799,1710,'421182','武穴市','2018-11-20 02:55:58','2018-11-20 02:55:58'),(1800,1711,'421202','咸安区','2018-11-20 02:55:58','2018-11-20 02:55:58'),(1801,1711,'421221','嘉鱼县','2018-11-20 02:55:58','2018-11-20 02:55:58'),(1802,1711,'421222','通城县','2018-11-20 02:55:58','2018-11-20 02:55:58'),(1803,1711,'421223','崇阳县','2018-11-20 02:55:58','2018-11-20 02:55:58'),(1804,1711,'421224','通山县','2018-11-20 02:55:58','2018-11-20 02:55:58'),(1805,1711,'421281','赤壁市','2018-11-20 02:55:58','2018-11-20 02:55:58'),(1806,1712,'421303','曾都区','2018-11-20 02:55:58','2018-11-20 02:55:58'),(1807,1712,'421321','随县','2018-11-20 02:55:58','2018-11-20 02:55:58'),(1808,1712,'421381','广水市','2018-11-20 02:55:58','2018-11-20 02:55:58'),(1809,1713,'422801','恩施市','2018-11-20 02:55:58','2018-11-20 02:55:58'),(1810,1713,'422802','利川市','2018-11-20 02:55:58','2018-11-20 02:55:58'),(1811,1713,'422822','建始县','2018-11-20 02:55:58','2018-11-20 02:55:58'),(1812,1713,'422823','巴东县','2018-11-20 02:55:58','2018-11-20 02:55:58'),(1813,1713,'422825','宣恩县','2018-11-20 02:55:58','2018-11-20 02:55:58'),(1814,1713,'422826','咸丰县','2018-11-20 02:55:58','2018-11-20 02:55:58'),(1815,1713,'422827','来凤县','2018-11-20 02:55:58','2018-11-20 02:55:58'),(1816,1713,'422828','鹤峰县','2018-11-20 02:55:58','2018-11-20 02:55:58'),(1817,1714,'429004','仙桃市','2018-11-20 02:55:58','2018-11-20 02:55:58'),(1818,1715,'429005','潜江市','2018-11-20 02:55:58','2018-11-20 02:55:58'),(1819,1716,'429006','天门市','2018-11-20 02:55:58','2018-11-20 02:55:58'),(1820,1717,'429021','神农架林区','2018-11-20 02:55:58','2018-11-20 02:55:58'),(1821,19,'430100','长沙市','2018-11-20 02:55:58','2018-11-20 02:55:58'),(1822,19,'430200','株洲市','2018-11-20 02:55:58','2018-11-20 02:55:58'),(1823,19,'430300','湘潭市','2018-11-20 02:55:58','2018-11-20 02:55:58'),(1824,19,'430400','衡阳市','2018-11-20 02:55:58','2018-11-20 02:55:58'),(1825,19,'430500','邵阳市','2018-11-20 02:55:58','2018-11-20 02:55:58'),(1826,19,'430600','岳阳市','2018-11-20 02:55:58','2018-11-20 02:55:58'),(1827,19,'430700','常德市','2018-11-20 02:55:58','2018-11-20 02:55:58'),(1828,19,'430800','张家界市','2018-11-20 02:55:58','2018-11-20 02:55:58'),(1829,19,'430900','益阳市','2018-11-20 02:55:58','2018-11-20 02:55:58'),(1830,19,'431000','郴州市','2018-11-20 02:55:58','2018-11-20 02:55:58'),(1831,19,'431100','永州市','2018-11-20 02:55:58','2018-11-20 02:55:58'),(1832,19,'431200','怀化市','2018-11-20 02:55:58','2018-11-20 02:55:58'),(1833,19,'431300','娄底市','2018-11-20 02:55:58','2018-11-20 02:55:58'),(1834,19,'433100','湘西土家族苗族自治州','2018-11-20 02:55:58','2018-11-20 02:55:58'),(1835,1821,'430102','芙蓉区','2018-11-20 02:55:58','2018-11-20 02:55:58'),(1836,1821,'430103','天心区','2018-11-20 02:55:58','2018-11-20 02:55:58'),(1837,1821,'430104','岳麓区','2018-11-20 02:55:58','2018-11-20 02:55:58'),(1838,1821,'430105','开福区','2018-11-20 02:55:58','2018-11-20 02:55:58'),(1839,1821,'430111','雨花区','2018-11-20 02:55:58','2018-11-20 02:55:58'),(1840,1821,'430112','望城区','2018-11-20 02:55:58','2018-11-20 02:55:58'),(1841,1821,'430121','长沙县','2018-11-20 02:55:58','2018-11-20 02:55:58'),(1842,1821,'430181','浏阳市','2018-11-20 02:55:58','2018-11-20 02:55:58'),(1843,1821,'430182','宁乡市','2018-11-20 02:55:58','2018-11-20 02:55:58'),(1844,1822,'430202','荷塘区','2018-11-20 02:55:58','2018-11-20 02:55:58'),(1845,1822,'430203','芦淞区','2018-11-20 02:55:58','2018-11-20 02:55:58'),(1846,1822,'430204','石峰区','2018-11-20 02:55:58','2018-11-20 02:55:58'),(1847,1822,'430211','天元区','2018-11-20 02:55:58','2018-11-20 02:55:58'),(1848,1822,'430221','株洲县','2018-11-20 02:55:58','2018-11-20 02:55:58'),(1849,1822,'430223','攸县','2018-11-20 02:55:58','2018-11-20 02:55:58'),(1850,1822,'430224','茶陵县','2018-11-20 02:55:58','2018-11-20 02:55:58'),(1851,1822,'430225','炎陵县','2018-11-20 02:55:58','2018-11-20 02:55:58'),(1852,1822,'430281','醴陵市','2018-11-20 02:55:58','2018-11-20 02:55:58'),(1853,1823,'430302','雨湖区','2018-11-20 02:55:58','2018-11-20 02:55:58'),(1854,1823,'430304','岳塘区','2018-11-20 02:55:58','2018-11-20 02:55:58'),(1855,1823,'430321','湘潭县','2018-11-20 02:55:58','2018-11-20 02:55:58'),(1856,1823,'430381','湘乡市','2018-11-20 02:55:58','2018-11-20 02:55:58'),(1857,1823,'430382','韶山市','2018-11-20 02:55:58','2018-11-20 02:55:58'),(1858,1824,'430405','珠晖区','2018-11-20 02:55:58','2018-11-20 02:55:58'),(1859,1824,'430406','雁峰区','2018-11-20 02:55:58','2018-11-20 02:55:58'),(1860,1824,'430407','石鼓区','2018-11-20 02:55:58','2018-11-20 02:55:58'),(1861,1824,'430408','蒸湘区','2018-11-20 02:55:58','2018-11-20 02:55:58'),(1862,1824,'430412','南岳区','2018-11-20 02:55:58','2018-11-20 02:55:58'),(1863,1824,'430421','衡阳县','2018-11-20 02:55:58','2018-11-20 02:55:58'),(1864,1824,'430422','衡南县','2018-11-20 02:55:58','2018-11-20 02:55:58'),(1865,1824,'430423','衡山县','2018-11-20 02:55:58','2018-11-20 02:55:58'),(1866,1824,'430424','衡东县','2018-11-20 02:55:58','2018-11-20 02:55:58'),(1867,1824,'430426','祁东县','2018-11-20 02:55:58','2018-11-20 02:55:58'),(1868,1824,'430481','耒阳市','2018-11-20 02:55:58','2018-11-20 02:55:58'),(1869,1824,'430482','常宁市','2018-11-20 02:55:58','2018-11-20 02:55:58'),(1870,1825,'430502','双清区','2018-11-20 02:55:58','2018-11-20 02:55:58'),(1871,1825,'430503','大祥区','2018-11-20 02:55:58','2018-11-20 02:55:58'),(1872,1825,'430511','北塔区','2018-11-20 02:55:58','2018-11-20 02:55:58'),(1873,1825,'430521','邵东县','2018-11-20 02:55:58','2018-11-20 02:55:58'),(1874,1825,'430522','新邵县','2018-11-20 02:55:58','2018-11-20 02:55:58'),(1875,1825,'430523','邵阳县','2018-11-20 02:55:58','2018-11-20 02:55:58'),(1876,1825,'430524','隆回县','2018-11-20 02:55:58','2018-11-20 02:55:58'),(1877,1825,'430525','洞口县','2018-11-20 02:55:58','2018-11-20 02:55:58'),(1878,1825,'430527','绥宁县','2018-11-20 02:55:58','2018-11-20 02:55:58'),(1879,1825,'430528','新宁县','2018-11-20 02:55:58','2018-11-20 02:55:58'),(1880,1825,'430529','城步苗族自治县','2018-11-20 02:55:58','2018-11-20 02:55:58'),(1881,1825,'430581','武冈市','2018-11-20 02:55:58','2018-11-20 02:55:58'),(1882,1826,'430602','岳阳楼区','2018-11-20 02:55:58','2018-11-20 02:55:58'),(1883,1826,'430603','云溪区','2018-11-20 02:55:58','2018-11-20 02:55:58'),(1884,1826,'430611','君山区','2018-11-20 02:55:58','2018-11-20 02:55:58'),(1885,1826,'430621','岳阳县','2018-11-20 02:55:58','2018-11-20 02:55:58'),(1886,1826,'430623','华容县','2018-11-20 02:55:58','2018-11-20 02:55:58'),(1887,1826,'430624','湘阴县','2018-11-20 02:55:58','2018-11-20 02:55:58'),(1888,1826,'430626','平江县','2018-11-20 02:55:58','2018-11-20 02:55:58'),(1889,1826,'430681','汨罗市','2018-11-20 02:55:58','2018-11-20 02:55:58'),(1890,1826,'430682','临湘市','2018-11-20 02:55:58','2018-11-20 02:55:58'),(1891,1827,'430702','武陵区','2018-11-20 02:55:58','2018-11-20 02:55:58'),(1892,1827,'430703','鼎城区','2018-11-20 02:55:58','2018-11-20 02:55:58'),(1893,1827,'430721','安乡县','2018-11-20 02:55:58','2018-11-20 02:55:58'),(1894,1827,'430722','汉寿县','2018-11-20 02:55:58','2018-11-20 02:55:58'),(1895,1827,'430723','澧县','2018-11-20 02:55:58','2018-11-20 02:55:58'),(1896,1827,'430724','临澧县','2018-11-20 02:55:58','2018-11-20 02:55:58'),(1897,1827,'430725','桃源县','2018-11-20 02:55:58','2018-11-20 02:55:58'),(1898,1827,'430726','石门县','2018-11-20 02:55:58','2018-11-20 02:55:58'),(1899,1827,'430781','津市市','2018-11-20 02:55:58','2018-11-20 02:55:58'),(1900,1828,'430802','永定区','2018-11-20 02:55:58','2018-11-20 02:55:58'),(1901,1828,'430811','武陵源区','2018-11-20 02:55:58','2018-11-20 02:55:58'),(1902,1828,'430821','慈利县','2018-11-20 02:55:58','2018-11-20 02:55:58'),(1903,1828,'430822','桑植县','2018-11-20 02:55:58','2018-11-20 02:55:58'),(1904,1829,'430902','资阳区','2018-11-20 02:55:58','2018-11-20 02:55:58'),(1905,1829,'430903','赫山区','2018-11-20 02:55:58','2018-11-20 02:55:58'),(1906,1829,'430921','南县','2018-11-20 02:55:58','2018-11-20 02:55:58'),(1907,1829,'430922','桃江县','2018-11-20 02:55:58','2018-11-20 02:55:58'),(1908,1829,'430923','安化县','2018-11-20 02:55:58','2018-11-20 02:55:58'),(1909,1829,'430981','沅江市','2018-11-20 02:55:58','2018-11-20 02:55:58'),(1910,1830,'431002','北湖区','2018-11-20 02:55:58','2018-11-20 02:55:58'),(1911,1830,'431003','苏仙区','2018-11-20 02:55:58','2018-11-20 02:55:58'),(1912,1830,'431021','桂阳县','2018-11-20 02:55:58','2018-11-20 02:55:58'),(1913,1830,'431022','宜章县','2018-11-20 02:55:58','2018-11-20 02:55:58'),(1914,1830,'431023','永兴县','2018-11-20 02:55:58','2018-11-20 02:55:58'),(1915,1830,'431024','嘉禾县','2018-11-20 02:55:58','2018-11-20 02:55:58'),(1916,1830,'431025','临武县','2018-11-20 02:55:58','2018-11-20 02:55:58'),(1917,1830,'431026','汝城县','2018-11-20 02:55:58','2018-11-20 02:55:58'),(1918,1830,'431027','桂东县','2018-11-20 02:55:58','2018-11-20 02:55:58'),(1919,1830,'431028','安仁县','2018-11-20 02:55:58','2018-11-20 02:55:58'),(1920,1830,'431081','资兴市','2018-11-20 02:55:58','2018-11-20 02:55:58'),(1921,1831,'431102','零陵区','2018-11-20 02:55:58','2018-11-20 02:55:58'),(1922,1831,'431103','冷水滩区','2018-11-20 02:55:58','2018-11-20 02:55:58'),(1923,1831,'431121','祁阳县','2018-11-20 02:55:58','2018-11-20 02:55:58'),(1924,1831,'431122','东安县','2018-11-20 02:55:58','2018-11-20 02:55:58'),(1925,1831,'431123','双牌县','2018-11-20 02:55:58','2018-11-20 02:55:58'),(1926,1831,'431124','道县','2018-11-20 02:55:58','2018-11-20 02:55:58'),(1927,1831,'431125','江永县','2018-11-20 02:55:58','2018-11-20 02:55:58'),(1928,1831,'431126','宁远县','2018-11-20 02:55:58','2018-11-20 02:55:58'),(1929,1831,'431127','蓝山县','2018-11-20 02:55:58','2018-11-20 02:55:58'),(1930,1831,'431128','新田县','2018-11-20 02:55:58','2018-11-20 02:55:58'),(1931,1831,'431129','江华瑶族自治县','2018-11-20 02:55:58','2018-11-20 02:55:58'),(1932,1832,'431202','鹤城区','2018-11-20 02:55:58','2018-11-20 02:55:58'),(1933,1832,'431221','中方县','2018-11-20 02:55:58','2018-11-20 02:55:58'),(1934,1832,'431222','沅陵县','2018-11-20 02:55:58','2018-11-20 02:55:58'),(1935,1832,'431223','辰溪县','2018-11-20 02:55:58','2018-11-20 02:55:58'),(1936,1832,'431224','溆浦县','2018-11-20 02:55:58','2018-11-20 02:55:58'),(1937,1832,'431225','会同县','2018-11-20 02:55:58','2018-11-20 02:55:58'),(1938,1832,'431226','麻阳苗族自治县','2018-11-20 02:55:58','2018-11-20 02:55:58'),(1939,1832,'431227','新晃侗族自治县','2018-11-20 02:55:58','2018-11-20 02:55:58'),(1940,1832,'431228','芷江侗族自治县','2018-11-20 02:55:58','2018-11-20 02:55:58'),(1941,1832,'431229','靖州苗族侗族自治县','2018-11-20 02:55:58','2018-11-20 02:55:58'),(1942,1832,'431230','通道侗族自治县','2018-11-20 02:55:58','2018-11-20 02:55:58'),(1943,1832,'431281','洪江市','2018-11-20 02:55:58','2018-11-20 02:55:58'),(1944,1833,'431302','娄星区','2018-11-20 02:55:58','2018-11-20 02:55:58'),(1945,1833,'431321','双峰县','2018-11-20 02:55:58','2018-11-20 02:55:58'),(1946,1833,'431322','新化县','2018-11-20 02:55:58','2018-11-20 02:55:58'),(1947,1833,'431381','冷水江市','2018-11-20 02:55:58','2018-11-20 02:55:58'),(1948,1833,'431382','涟源市','2018-11-20 02:55:58','2018-11-20 02:55:58'),(1949,1834,'433101','吉首市','2018-11-20 02:55:58','2018-11-20 02:55:58'),(1950,1834,'433122','泸溪县','2018-11-20 02:55:58','2018-11-20 02:55:58'),(1951,1834,'433123','凤凰县','2018-11-20 02:55:58','2018-11-20 02:55:58'),(1952,1834,'433124','花垣县','2018-11-20 02:55:58','2018-11-20 02:55:58'),(1953,1834,'433125','保靖县','2018-11-20 02:55:58','2018-11-20 02:55:58'),(1954,1834,'433126','古丈县','2018-11-20 02:55:58','2018-11-20 02:55:58'),(1955,1834,'433127','永顺县','2018-11-20 02:55:58','2018-11-20 02:55:58'),(1956,1834,'433130','龙山县','2018-11-20 02:55:58','2018-11-20 02:55:58'),(1957,20,'440100','广州市','2018-11-20 02:55:58','2018-11-20 02:55:58'),(1958,20,'440200','韶关市','2018-11-20 02:55:58','2018-11-20 02:55:58'),(1959,20,'440300','深圳市','2018-11-20 02:55:58','2018-11-20 02:55:58'),(1960,20,'440400','珠海市','2018-11-20 02:55:58','2018-11-20 02:55:58'),(1961,20,'440500','汕头市','2018-11-20 02:55:58','2018-11-20 02:55:58'),(1962,20,'440600','佛山市','2018-11-20 02:55:58','2018-11-20 02:55:58'),(1963,20,'440700','江门市','2018-11-20 02:55:58','2018-11-20 02:55:58'),(1964,20,'440800','湛江市','2018-11-20 02:55:58','2018-11-20 02:55:58'),(1965,20,'440900','茂名市','2018-11-20 02:55:58','2018-11-20 02:55:58'),(1966,20,'441200','肇庆市','2018-11-20 02:55:58','2018-11-20 02:55:58'),(1967,20,'441300','惠州市','2018-11-20 02:55:58','2018-11-20 02:55:58'),(1968,20,'441400','梅州市','2018-11-20 02:55:58','2018-11-20 02:55:58'),(1969,20,'441500','汕尾市','2018-11-20 02:55:58','2018-11-20 02:55:58'),(1970,20,'441600','河源市','2018-11-20 02:55:58','2018-11-20 02:55:58'),(1971,20,'441700','阳江市','2018-11-20 02:55:58','2018-11-20 02:55:58'),(1972,20,'441800','清远市','2018-11-20 02:55:58','2018-11-20 02:55:58'),(1973,20,'441900','东莞市','2018-11-20 02:55:58','2018-11-20 02:55:58'),(1974,20,'442000','中山市','2018-11-20 02:55:58','2018-11-20 02:55:58'),(1975,20,'442100','东沙群岛','2018-11-20 02:55:58','2018-11-20 02:55:58'),(1976,20,'445100','潮州市','2018-11-20 02:55:58','2018-11-20 02:55:58'),(1977,20,'445200','揭阳市','2018-11-20 02:55:58','2018-11-20 02:55:58'),(1978,20,'445300','云浮市','2018-11-20 02:55:58','2018-11-20 02:55:58'),(1979,1957,'440103','荔湾区','2018-11-20 02:55:58','2018-11-20 02:55:58'),(1980,1957,'440104','越秀区','2018-11-20 02:55:58','2018-11-20 02:55:58'),(1981,1957,'440105','海珠区','2018-11-20 02:55:58','2018-11-20 02:55:58'),(1982,1957,'440106','天河区','2018-11-20 02:55:58','2018-11-20 02:55:58'),(1983,1957,'440111','白云区','2018-11-20 02:55:58','2018-11-20 02:55:58'),(1984,1957,'440112','黄埔区','2018-11-20 02:55:58','2018-11-20 02:55:58'),(1985,1957,'440113','番禺区','2018-11-20 02:55:58','2018-11-20 02:55:58'),(1986,1957,'440114','花都区','2018-11-20 02:55:58','2018-11-20 02:55:58'),(1987,1957,'440115','南沙区','2018-11-20 02:55:58','2018-11-20 02:55:58'),(1988,1957,'440117','从化区','2018-11-20 02:55:58','2018-11-20 02:55:58'),(1989,1957,'440118','增城区','2018-11-20 02:55:58','2018-11-20 02:55:58'),(1990,1958,'440203','武江区','2018-11-20 02:55:58','2018-11-20 02:55:58'),(1991,1958,'440204','浈江区','2018-11-20 02:55:58','2018-11-20 02:55:58'),(1992,1958,'440205','曲江区','2018-11-20 02:55:58','2018-11-20 02:55:58'),(1993,1958,'440222','始兴县','2018-11-20 02:55:58','2018-11-20 02:55:58'),(1994,1958,'440224','仁化县','2018-11-20 02:55:58','2018-11-20 02:55:58'),(1995,1958,'440229','翁源县','2018-11-20 02:55:58','2018-11-20 02:55:58'),(1996,1958,'440232','乳源瑶族自治县','2018-11-20 02:55:58','2018-11-20 02:55:58'),(1997,1958,'440233','新丰县','2018-11-20 02:55:58','2018-11-20 02:55:58'),(1998,1958,'440281','乐昌市','2018-11-20 02:55:58','2018-11-20 02:55:58'),(1999,1958,'440282','南雄市','2018-11-20 02:55:58','2018-11-20 02:55:58'),(2000,1959,'440303','罗湖区','2018-11-20 02:55:58','2018-11-20 02:55:58'),(2001,1959,'440304','福田区','2018-11-20 02:55:58','2018-11-20 02:55:58'),(2002,1959,'440305','南山区','2018-11-20 02:55:58','2018-11-20 02:55:58'),(2003,1959,'440306','宝安区','2018-11-20 02:55:58','2018-11-20 02:55:58'),(2004,1959,'440307','龙岗区','2018-11-20 02:55:58','2018-11-20 02:55:58'),(2005,1959,'440308','盐田区','2018-11-20 02:55:58','2018-11-20 02:55:58'),(2006,1959,'440309','龙华区','2018-11-20 02:55:58','2018-11-20 02:55:58'),(2007,1959,'440310','坪山区','2018-11-20 02:55:58','2018-11-20 02:55:58'),(2008,1960,'440402','香洲区','2018-11-20 02:55:58','2018-11-20 02:55:58'),(2009,1960,'440403','斗门区','2018-11-20 02:55:58','2018-11-20 02:55:58'),(2010,1960,'440404','金湾区','2018-11-20 02:55:58','2018-11-20 02:55:58'),(2011,1960,'440499','澳门大学横琴校区(由澳门管辖)','2018-11-20 02:55:58','2018-11-20 02:55:58'),(2012,1961,'440507','龙湖区','2018-11-20 02:55:58','2018-11-20 02:55:58'),(2013,1961,'440511','金平区','2018-11-20 02:55:58','2018-11-20 02:55:58'),(2014,1961,'440512','濠江区','2018-11-20 02:55:58','2018-11-20 02:55:58'),(2015,1961,'440513','潮阳区','2018-11-20 02:55:58','2018-11-20 02:55:58'),(2016,1961,'440514','潮南区','2018-11-20 02:55:58','2018-11-20 02:55:58'),(2017,1961,'440515','澄海区','2018-11-20 02:55:58','2018-11-20 02:55:58'),(2018,1961,'440523','南澳县','2018-11-20 02:55:58','2018-11-20 02:55:58'),(2019,1962,'440604','禅城区','2018-11-20 02:55:58','2018-11-20 02:55:58'),(2020,1962,'440605','南海区','2018-11-20 02:55:58','2018-11-20 02:55:58'),(2021,1962,'440606','顺德区','2018-11-20 02:55:58','2018-11-20 02:55:58'),(2022,1962,'440607','三水区','2018-11-20 02:55:58','2018-11-20 02:55:58'),(2023,1962,'440608','高明区','2018-11-20 02:55:58','2018-11-20 02:55:58'),(2024,1963,'440703','蓬江区','2018-11-20 02:55:58','2018-11-20 02:55:58'),(2025,1963,'440704','江海区','2018-11-20 02:55:58','2018-11-20 02:55:58'),(2026,1963,'440705','新会区','2018-11-20 02:55:58','2018-11-20 02:55:58'),(2027,1963,'440781','台山市','2018-11-20 02:55:58','2018-11-20 02:55:58'),(2028,1963,'440783','开平市','2018-11-20 02:55:58','2018-11-20 02:55:58'),(2029,1963,'440784','鹤山市','2018-11-20 02:55:58','2018-11-20 02:55:58'),(2030,1963,'440785','恩平市','2018-11-20 02:55:58','2018-11-20 02:55:58'),(2031,1964,'440802','赤坎区','2018-11-20 02:55:58','2018-11-20 02:55:58'),(2032,1964,'440803','霞山区','2018-11-20 02:55:58','2018-11-20 02:55:58'),(2033,1964,'440804','坡头区','2018-11-20 02:55:58','2018-11-20 02:55:58'),(2034,1964,'440811','麻章区','2018-11-20 02:55:58','2018-11-20 02:55:58'),(2035,1964,'440823','遂溪县','2018-11-20 02:55:58','2018-11-20 02:55:58'),(2036,1964,'440825','徐闻县','2018-11-20 02:55:58','2018-11-20 02:55:58'),(2037,1964,'440881','廉江市','2018-11-20 02:55:58','2018-11-20 02:55:58'),(2038,1964,'440882','雷州市','2018-11-20 02:55:58','2018-11-20 02:55:58'),(2039,1964,'440883','吴川市','2018-11-20 02:55:58','2018-11-20 02:55:58'),(2040,1965,'440902','茂南区','2018-11-20 02:55:58','2018-11-20 02:55:58'),(2041,1965,'440904','电白区','2018-11-20 02:55:58','2018-11-20 02:55:58'),(2042,1965,'440981','高州市','2018-11-20 02:55:58','2018-11-20 02:55:58'),(2043,1965,'440982','化州市','2018-11-20 02:55:58','2018-11-20 02:55:58'),(2044,1965,'440983','信宜市','2018-11-20 02:55:58','2018-11-20 02:55:58'),(2045,1966,'441202','端州区','2018-11-20 02:55:58','2018-11-20 02:55:58'),(2046,1966,'441203','鼎湖区','2018-11-20 02:55:58','2018-11-20 02:55:58'),(2047,1966,'441204','高要区','2018-11-20 02:55:58','2018-11-20 02:55:58'),(2048,1966,'441223','广宁县','2018-11-20 02:55:58','2018-11-20 02:55:58'),(2049,1966,'441224','怀集县','2018-11-20 02:55:58','2018-11-20 02:55:58'),(2050,1966,'441225','封开县','2018-11-20 02:55:58','2018-11-20 02:55:58'),(2051,1966,'441226','德庆县','2018-11-20 02:55:58','2018-11-20 02:55:58'),(2052,1966,'441284','四会市','2018-11-20 02:55:58','2018-11-20 02:55:58'),(2053,1967,'441302','惠城区','2018-11-20 02:55:58','2018-11-20 02:55:58'),(2054,1967,'441303','惠阳区','2018-11-20 02:55:58','2018-11-20 02:55:58'),(2055,1967,'441322','博罗县','2018-11-20 02:55:58','2018-11-20 02:55:58'),(2056,1967,'441323','惠东县','2018-11-20 02:55:58','2018-11-20 02:55:58'),(2057,1967,'441324','龙门县','2018-11-20 02:55:58','2018-11-20 02:55:58'),(2058,1968,'441402','梅江区','2018-11-20 02:55:58','2018-11-20 02:55:58'),(2059,1968,'441403','梅县区','2018-11-20 02:55:58','2018-11-20 02:55:58'),(2060,1968,'441422','大埔县','2018-11-20 02:55:58','2018-11-20 02:55:58'),(2061,1968,'441423','丰顺县','2018-11-20 02:55:58','2018-11-20 02:55:58'),(2062,1968,'441424','五华县','2018-11-20 02:55:58','2018-11-20 02:55:58'),(2063,1968,'441426','平远县','2018-11-20 02:55:58','2018-11-20 02:55:58'),(2064,1968,'441427','蕉岭县','2018-11-20 02:55:58','2018-11-20 02:55:58'),(2065,1968,'441481','兴宁市','2018-11-20 02:55:58','2018-11-20 02:55:58'),(2066,1969,'441502','城区','2018-11-20 02:55:58','2018-11-20 02:55:58'),(2067,1969,'441521','海丰县','2018-11-20 02:55:58','2018-11-20 02:55:58'),(2068,1969,'441523','陆河县','2018-11-20 02:55:58','2018-11-20 02:55:58'),(2069,1969,'441581','陆丰市','2018-11-20 02:55:58','2018-11-20 02:55:58'),(2070,1970,'441602','源城区','2018-11-20 02:55:58','2018-11-20 02:55:58'),(2071,1970,'441621','紫金县','2018-11-20 02:55:58','2018-11-20 02:55:58'),(2072,1970,'441622','龙川县','2018-11-20 02:55:58','2018-11-20 02:55:58'),(2073,1970,'441623','连平县','2018-11-20 02:55:58','2018-11-20 02:55:58'),(2074,1970,'441624','和平县','2018-11-20 02:55:58','2018-11-20 02:55:58'),(2075,1970,'441625','东源县','2018-11-20 02:55:58','2018-11-20 02:55:58'),(2076,1971,'441702','江城区','2018-11-20 02:55:58','2018-11-20 02:55:58'),(2077,1971,'441704','阳东区','2018-11-20 02:55:58','2018-11-20 02:55:58'),(2078,1971,'441721','阳西县','2018-11-20 02:55:58','2018-11-20 02:55:58'),(2079,1971,'441781','阳春市','2018-11-20 02:55:58','2018-11-20 02:55:58'),(2080,1972,'441802','清城区','2018-11-20 02:55:58','2018-11-20 02:55:58'),(2081,1972,'441803','清新区','2018-11-20 02:55:58','2018-11-20 02:55:58'),(2082,1972,'441821','佛冈县','2018-11-20 02:55:58','2018-11-20 02:55:58'),(2083,1972,'441823','阳山县','2018-11-20 02:55:58','2018-11-20 02:55:58'),(2084,1972,'441825','连山壮族瑶族自治县','2018-11-20 02:55:58','2018-11-20 02:55:58'),(2085,1972,'441826','连南瑶族自治县','2018-11-20 02:55:58','2018-11-20 02:55:58'),(2086,1972,'441881','英德市','2018-11-20 02:55:58','2018-11-20 02:55:58'),(2087,1972,'441882','连州市','2018-11-20 02:55:58','2018-11-20 02:55:58'),(2088,1973,'441900','东莞市','2018-11-20 02:55:58','2018-11-20 02:55:58'),(2089,1974,'442000','中山市','2018-11-20 02:55:58','2018-11-20 02:55:58'),(2090,1975,'442100','东沙群岛','2018-11-20 02:55:58','2018-11-20 02:55:58'),(2091,1976,'445102','湘桥区','2018-11-20 02:55:58','2018-11-20 02:55:58'),(2092,1976,'445103','潮安区','2018-11-20 02:55:58','2018-11-20 02:55:58'),(2093,1976,'445122','饶平县','2018-11-20 02:55:58','2018-11-20 02:55:58'),(2094,1977,'445202','榕城区','2018-11-20 02:55:58','2018-11-20 02:55:58'),(2095,1977,'445203','揭东区','2018-11-20 02:55:58','2018-11-20 02:55:58'),(2096,1977,'445222','揭西县','2018-11-20 02:55:58','2018-11-20 02:55:58'),(2097,1977,'445224','惠来县','2018-11-20 02:55:58','2018-11-20 02:55:58'),(2098,1977,'445281','普宁市','2018-11-20 02:55:58','2018-11-20 02:55:58'),(2099,1978,'445302','云城区','2018-11-20 02:55:58','2018-11-20 02:55:58'),(2100,1978,'445303','云安区','2018-11-20 02:55:58','2018-11-20 02:55:58'),(2101,1978,'445321','新兴县','2018-11-20 02:55:58','2018-11-20 02:55:58'),(2102,1978,'445322','郁南县','2018-11-20 02:55:58','2018-11-20 02:55:58'),(2103,1978,'445381','罗定市','2018-11-20 02:55:58','2018-11-20 02:55:58'),(2104,21,'450100','南宁市','2018-11-20 02:55:58','2018-11-20 02:55:58'),(2105,21,'450200','柳州市','2018-11-20 02:55:58','2018-11-20 02:55:58'),(2106,21,'450300','桂林市','2018-11-20 02:55:58','2018-11-20 02:55:58'),(2107,21,'450400','梧州市','2018-11-20 02:55:58','2018-11-20 02:55:58'),(2108,21,'450500','北海市','2018-11-20 02:55:58','2018-11-20 02:55:58'),(2109,21,'450600','防城港市','2018-11-20 02:55:58','2018-11-20 02:55:58'),(2110,21,'450700','钦州市','2018-11-20 02:55:58','2018-11-20 02:55:58'),(2111,21,'450800','贵港市','2018-11-20 02:55:58','2018-11-20 02:55:58'),(2112,21,'450900','玉林市','2018-11-20 02:55:58','2018-11-20 02:55:58'),(2113,21,'451000','百色市','2018-11-20 02:55:58','2018-11-20 02:55:58'),(2114,21,'451100','贺州市','2018-11-20 02:55:58','2018-11-20 02:55:58'),(2115,21,'451200','河池市','2018-11-20 02:55:58','2018-11-20 02:55:58'),(2116,21,'451300','来宾市','2018-11-20 02:55:58','2018-11-20 02:55:58'),(2117,21,'451400','崇左市','2018-11-20 02:55:58','2018-11-20 02:55:58'),(2118,2104,'450102','兴宁区','2018-11-20 02:55:58','2018-11-20 02:55:58'),(2119,2104,'450103','青秀区','2018-11-20 02:55:58','2018-11-20 02:55:58'),(2120,2104,'450105','江南区','2018-11-20 02:55:58','2018-11-20 02:55:58'),(2121,2104,'450107','西乡塘区','2018-11-20 02:55:58','2018-11-20 02:55:58'),(2122,2104,'450108','良庆区','2018-11-20 02:55:58','2018-11-20 02:55:58'),(2123,2104,'450109','邕宁区','2018-11-20 02:55:58','2018-11-20 02:55:58'),(2124,2104,'450110','武鸣区','2018-11-20 02:55:58','2018-11-20 02:55:58'),(2125,2104,'450123','隆安县','2018-11-20 02:55:58','2018-11-20 02:55:58'),(2126,2104,'450124','马山县','2018-11-20 02:55:58','2018-11-20 02:55:58'),(2127,2104,'450125','上林县','2018-11-20 02:55:58','2018-11-20 02:55:58'),(2128,2104,'450126','宾阳县','2018-11-20 02:55:58','2018-11-20 02:55:58'),(2129,2104,'450127','横县','2018-11-20 02:55:58','2018-11-20 02:55:58'),(2130,2105,'450202','城中区','2018-11-20 02:55:58','2018-11-20 02:55:58'),(2131,2105,'450203','鱼峰区','2018-11-20 02:55:58','2018-11-20 02:55:58'),(2132,2105,'450204','柳南区','2018-11-20 02:55:58','2018-11-20 02:55:58'),(2133,2105,'450205','柳北区','2018-11-20 02:55:58','2018-11-20 02:55:58'),(2134,2105,'450206','柳江区','2018-11-20 02:55:58','2018-11-20 02:55:58'),(2135,2105,'450222','柳城县','2018-11-20 02:55:58','2018-11-20 02:55:58'),(2136,2105,'450223','鹿寨县','2018-11-20 02:55:58','2018-11-20 02:55:58'),(2137,2105,'450224','融安县','2018-11-20 02:55:58','2018-11-20 02:55:58'),(2138,2105,'450225','融水苗族自治县','2018-11-20 02:55:58','2018-11-20 02:55:58'),(2139,2105,'450226','三江侗族自治县','2018-11-20 02:55:58','2018-11-20 02:55:58'),(2140,2106,'450302','秀峰区','2018-11-20 02:55:58','2018-11-20 02:55:58'),(2141,2106,'450303','叠彩区','2018-11-20 02:55:58','2018-11-20 02:55:58'),(2142,2106,'450304','象山区','2018-11-20 02:55:58','2018-11-20 02:55:58'),(2143,2106,'450305','七星区','2018-11-20 02:55:58','2018-11-20 02:55:58'),(2144,2106,'450311','雁山区','2018-11-20 02:55:58','2018-11-20 02:55:58'),(2145,2106,'450312','临桂区','2018-11-20 02:55:58','2018-11-20 02:55:58'),(2146,2106,'450321','阳朔县','2018-11-20 02:55:58','2018-11-20 02:55:58'),(2147,2106,'450323','灵川县','2018-11-20 02:55:58','2018-11-20 02:55:58'),(2148,2106,'450324','全州县','2018-11-20 02:55:58','2018-11-20 02:55:58'),(2149,2106,'450325','兴安县','2018-11-20 02:55:59','2018-11-20 02:55:59'),(2150,2106,'450326','永福县','2018-11-20 02:55:59','2018-11-20 02:55:59'),(2151,2106,'450327','灌阳县','2018-11-20 02:55:59','2018-11-20 02:55:59'),(2152,2106,'450328','龙胜各族自治县','2018-11-20 02:55:59','2018-11-20 02:55:59'),(2153,2106,'450329','资源县','2018-11-20 02:55:59','2018-11-20 02:55:59'),(2154,2106,'450330','平乐县','2018-11-20 02:55:59','2018-11-20 02:55:59'),(2155,2106,'450331','荔浦县','2018-11-20 02:55:59','2018-11-20 02:55:59'),(2156,2106,'450332','恭城瑶族自治县','2018-11-20 02:55:59','2018-11-20 02:55:59'),(2157,2107,'450403','万秀区','2018-11-20 02:55:59','2018-11-20 02:55:59'),(2158,2107,'450405','长洲区','2018-11-20 02:55:59','2018-11-20 02:55:59'),(2159,2107,'450406','龙圩区','2018-11-20 02:55:59','2018-11-20 02:55:59'),(2160,2107,'450421','苍梧县','2018-11-20 02:55:59','2018-11-20 02:55:59'),(2161,2107,'450422','藤县','2018-11-20 02:55:59','2018-11-20 02:55:59'),(2162,2107,'450423','蒙山县','2018-11-20 02:55:59','2018-11-20 02:55:59'),(2163,2107,'450481','岑溪市','2018-11-20 02:55:59','2018-11-20 02:55:59'),(2164,2108,'450502','海城区','2018-11-20 02:55:59','2018-11-20 02:55:59'),(2165,2108,'450503','银海区','2018-11-20 02:55:59','2018-11-20 02:55:59'),(2166,2108,'450512','铁山港区','2018-11-20 02:55:59','2018-11-20 02:55:59'),(2167,2108,'450521','合浦县','2018-11-20 02:55:59','2018-11-20 02:55:59'),(2168,2109,'450602','港口区','2018-11-20 02:55:59','2018-11-20 02:55:59'),(2169,2109,'450603','防城区','2018-11-20 02:55:59','2018-11-20 02:55:59'),(2170,2109,'450621','上思县','2018-11-20 02:55:59','2018-11-20 02:55:59'),(2171,2109,'450681','东兴市','2018-11-20 02:55:59','2018-11-20 02:55:59'),(2172,2110,'450702','钦南区','2018-11-20 02:55:59','2018-11-20 02:55:59'),(2173,2110,'450703','钦北区','2018-11-20 02:55:59','2018-11-20 02:55:59'),(2174,2110,'450721','灵山县','2018-11-20 02:55:59','2018-11-20 02:55:59'),(2175,2110,'450722','浦北县','2018-11-20 02:55:59','2018-11-20 02:55:59'),(2176,2111,'450802','港北区','2018-11-20 02:55:59','2018-11-20 02:55:59'),(2177,2111,'450803','港南区','2018-11-20 02:55:59','2018-11-20 02:55:59'),(2178,2111,'450804','覃塘区','2018-11-20 02:55:59','2018-11-20 02:55:59'),(2179,2111,'450821','平南县','2018-11-20 02:55:59','2018-11-20 02:55:59'),(2180,2111,'450881','桂平市','2018-11-20 02:55:59','2018-11-20 02:55:59'),(2181,2112,'450902','玉州区','2018-11-20 02:55:59','2018-11-20 02:55:59'),(2182,2112,'450903','福绵区','2018-11-20 02:55:59','2018-11-20 02:55:59'),(2183,2112,'450921','容县','2018-11-20 02:55:59','2018-11-20 02:55:59'),(2184,2112,'450922','陆川县','2018-11-20 02:55:59','2018-11-20 02:55:59'),(2185,2112,'450923','博白县','2018-11-20 02:55:59','2018-11-20 02:55:59'),(2186,2112,'450924','兴业县','2018-11-20 02:55:59','2018-11-20 02:55:59'),(2187,2112,'450981','北流市','2018-11-20 02:55:59','2018-11-20 02:55:59'),(2188,2113,'451002','右江区','2018-11-20 02:55:59','2018-11-20 02:55:59'),(2189,2113,'451021','田阳区','2018-11-20 02:55:59','2018-11-20 02:55:59'),(2190,2113,'451022','田东县','2018-11-20 02:55:59','2018-11-20 02:55:59'),(2191,2113,'451023','平果县','2018-11-20 02:55:59','2018-11-20 02:55:59'),(2192,2113,'451024','德保县','2018-11-20 02:55:59','2018-11-20 02:55:59'),(2193,2113,'451026','那坡县','2018-11-20 02:55:59','2018-11-20 02:55:59'),(2194,2113,'451027','凌云县','2018-11-20 02:55:59','2018-11-20 02:55:59'),(2195,2113,'451028','乐业县','2018-11-20 02:55:59','2018-11-20 02:55:59'),(2196,2113,'451029','田林县','2018-11-20 02:55:59','2018-11-20 02:55:59'),(2197,2113,'451030','西林县','2018-11-20 02:55:59','2018-11-20 02:55:59'),(2198,2113,'451031','隆林各族自治县','2018-11-20 02:55:59','2018-11-20 02:55:59'),(2199,2113,'451081','靖西市','2018-11-20 02:55:59','2018-11-20 02:55:59'),(2200,2114,'451102','八步区','2018-11-20 02:55:59','2018-11-20 02:55:59'),(2201,2114,'451103','平桂区','2018-11-20 02:55:59','2018-11-20 02:55:59'),(2202,2114,'451121','昭平县','2018-11-20 02:55:59','2018-11-20 02:55:59'),(2203,2114,'451122','钟山县','2018-11-20 02:55:59','2018-11-20 02:55:59'),(2204,2114,'451123','富川瑶族自治县','2018-11-20 02:55:59','2018-11-20 02:55:59'),(2205,2115,'451202','金城江区','2018-11-20 02:55:59','2018-11-20 02:55:59'),(2206,2115,'451203','宜州区','2018-11-20 02:55:59','2018-11-20 02:55:59'),(2207,2115,'451221','南丹县','2018-11-20 02:55:59','2018-11-20 02:55:59'),(2208,2115,'451222','天峨县','2018-11-20 02:55:59','2018-11-20 02:55:59'),(2209,2115,'451223','凤山县','2018-11-20 02:55:59','2018-11-20 02:55:59'),(2210,2115,'451224','东兰县','2018-11-20 02:55:59','2018-11-20 02:55:59'),(2211,2115,'451225','罗城仫佬族自治县','2018-11-20 02:55:59','2018-11-20 02:55:59'),(2212,2115,'451226','环江毛南族自治县','2018-11-20 02:55:59','2018-11-20 02:55:59'),(2213,2115,'451227','巴马瑶族自治县','2018-11-20 02:55:59','2018-11-20 02:55:59'),(2214,2115,'451228','都安瑶族自治县','2018-11-20 02:55:59','2018-11-20 02:55:59'),(2215,2115,'451229','大化瑶族自治县','2018-11-20 02:55:59','2018-11-20 02:55:59'),(2216,2116,'451302','兴宾区','2018-11-20 02:55:59','2018-11-20 02:55:59'),(2217,2116,'451321','忻城县','2018-11-20 02:55:59','2018-11-20 02:55:59'),(2218,2116,'451322','象州县','2018-11-20 02:55:59','2018-11-20 02:55:59'),(2219,2116,'451323','武宣县','2018-11-20 02:55:59','2018-11-20 02:55:59'),(2220,2116,'451324','金秀瑶族自治县','2018-11-20 02:55:59','2018-11-20 02:55:59'),(2221,2116,'451381','合山市','2018-11-20 02:55:59','2018-11-20 02:55:59'),(2222,2117,'451402','江州区','2018-11-20 02:55:59','2018-11-20 02:55:59'),(2223,2117,'451421','扶绥县','2018-11-20 02:55:59','2018-11-20 02:55:59'),(2224,2117,'451422','宁明县','2018-11-20 02:55:59','2018-11-20 02:55:59'),(2225,2117,'451423','龙州县','2018-11-20 02:55:59','2018-11-20 02:55:59'),(2226,2117,'451424','大新县','2018-11-20 02:55:59','2018-11-20 02:55:59'),(2227,2117,'451425','天等县','2018-11-20 02:55:59','2018-11-20 02:55:59'),(2228,2117,'451481','凭祥市','2018-11-20 02:55:59','2018-11-20 02:55:59'),(2229,22,'460100','海口市','2018-11-20 02:55:59','2018-11-20 02:55:59'),(2230,22,'460200','三亚市','2018-11-20 02:55:59','2018-11-20 02:55:59'),(2231,22,'460300','三沙市','2018-11-20 02:55:59','2018-11-20 02:55:59'),(2232,22,'460400','儋州市','2018-11-20 02:55:59','2018-11-20 02:55:59'),(2233,22,'469001','五指山市','2018-11-20 02:55:59','2018-11-20 02:55:59'),(2234,22,'469002','琼海市','2018-11-20 02:55:59','2018-11-20 02:55:59'),(2235,22,'469005','文昌市','2018-11-20 02:55:59','2018-11-20 02:55:59'),(2236,22,'469006','万宁市','2018-11-20 02:55:59','2018-11-20 02:55:59'),(2237,22,'469007','东方市','2018-11-20 02:55:59','2018-11-20 02:55:59'),(2238,22,'469021','定安县','2018-11-20 02:55:59','2018-11-20 02:55:59'),(2239,22,'469022','屯昌县','2018-11-20 02:55:59','2018-11-20 02:55:59'),(2240,22,'469023','澄迈县','2018-11-20 02:55:59','2018-11-20 02:55:59'),(2241,22,'469024','临高县','2018-11-20 02:55:59','2018-11-20 02:55:59'),(2242,22,'469025','白沙黎族自治县','2018-11-20 02:55:59','2018-11-20 02:55:59'),(2243,22,'469026','昌江黎族自治县','2018-11-20 02:55:59','2018-11-20 02:55:59'),(2244,22,'469027','乐东黎族自治县','2018-11-20 02:55:59','2018-11-20 02:55:59'),(2245,22,'469028','陵水黎族自治县','2018-11-20 02:55:59','2018-11-20 02:55:59'),(2246,22,'469029','保亭黎族苗族自治县','2018-11-20 02:55:59','2018-11-20 02:55:59'),(2247,22,'469030','琼中黎族苗族自治县','2018-11-20 02:55:59','2018-11-20 02:55:59'),(2248,2229,'460105','秀英区','2018-11-20 02:55:59','2018-11-20 02:55:59'),(2249,2229,'460106','龙华区','2018-11-20 02:55:59','2018-11-20 02:55:59'),(2250,2229,'460107','琼山区','2018-11-20 02:55:59','2018-11-20 02:55:59'),(2251,2229,'460108','美兰区','2018-11-20 02:55:59','2018-11-20 02:55:59'),(2252,2230,'460202','海棠区','2018-11-20 02:55:59','2018-11-20 02:55:59'),(2253,2230,'460203','吉阳区','2018-11-20 02:55:59','2018-11-20 02:55:59'),(2254,2230,'460204','天涯区','2018-11-20 02:55:59','2018-11-20 02:55:59'),(2255,2230,'460205','崖州区','2018-11-20 02:55:59','2018-11-20 02:55:59'),(2256,2231,'460321','西沙群岛','2018-11-20 02:55:59','2018-11-20 02:55:59'),(2257,2231,'460322','南沙群岛','2018-11-20 02:55:59','2018-11-20 02:55:59'),(2258,2231,'460323','中沙群岛的岛礁及其海域','2018-11-20 02:55:59','2018-11-20 02:55:59'),(2259,2232,'460400','儋州市','2018-11-20 02:55:59','2018-11-20 02:55:59'),(2260,2233,'469001','五指山市','2018-11-20 02:55:59','2018-11-20 02:55:59'),(2261,2234,'469002','琼海市','2018-11-20 02:55:59','2018-11-20 02:55:59'),(2262,2235,'469005','文昌市','2018-11-20 02:55:59','2018-11-20 02:55:59'),(2263,2236,'469006','万宁市','2018-11-20 02:55:59','2018-11-20 02:55:59'),(2264,2237,'469007','东方市','2018-11-20 02:55:59','2018-11-20 02:55:59'),(2265,2238,'469021','定安县','2018-11-20 02:55:59','2018-11-20 02:55:59'),(2266,2239,'469022','屯昌县','2018-11-20 02:55:59','2018-11-20 02:55:59'),(2267,2240,'469023','澄迈县','2018-11-20 02:55:59','2018-11-20 02:55:59'),(2268,2241,'469024','临高县','2018-11-20 02:55:59','2018-11-20 02:55:59'),(2269,2242,'469025','白沙黎族自治县','2018-11-20 02:55:59','2018-11-20 02:55:59'),(2270,2243,'469026','昌江黎族自治县','2018-11-20 02:55:59','2018-11-20 02:55:59'),(2271,2244,'469027','乐东黎族自治县','2018-11-20 02:55:59','2018-11-20 02:55:59'),(2272,2245,'469028','陵水黎族自治县','2018-11-20 02:55:59','2018-11-20 02:55:59'),(2273,2246,'469029','保亭黎族苗族自治县','2018-11-20 02:55:59','2018-11-20 02:55:59'),(2274,2247,'469030','琼中黎族苗族自治县','2018-11-20 02:55:59','2018-11-20 02:55:59'),(2275,23,'500100','重庆城区','2018-11-20 02:55:59','2018-11-20 02:55:59'),(2276,23,'500200','重庆郊县','2018-11-20 02:55:59','2018-11-20 02:55:59'),(2277,2275,'500101','万州区','2018-11-20 02:55:59','2018-11-20 02:55:59'),(2278,2275,'500102','涪陵区','2018-11-20 02:55:59','2018-11-20 02:55:59'),(2279,2275,'500103','渝中区','2018-11-20 02:55:59','2018-11-20 02:55:59'),(2280,2275,'500104','大渡口区','2018-11-20 02:55:59','2018-11-20 02:55:59'),(2281,2275,'500105','江北区','2018-11-20 02:55:59','2018-11-20 02:55:59'),(2282,2275,'500106','沙坪坝区','2018-11-20 02:55:59','2018-11-20 02:55:59'),(2283,2275,'500107','九龙坡区','2018-11-20 02:55:59','2018-11-20 02:55:59'),(2284,2275,'500108','南岸区','2018-11-20 02:55:59','2018-11-20 02:55:59'),(2285,2275,'500109','北碚区','2018-11-20 02:55:59','2018-11-20 02:55:59'),(2286,2275,'500110','綦江区','2018-11-20 02:55:59','2018-11-20 02:55:59'),(2287,2275,'500111','大足区','2018-11-20 02:55:59','2018-11-20 02:55:59'),(2288,2275,'500112','渝北区','2018-11-20 02:55:59','2018-11-20 02:55:59'),(2289,2275,'500113','巴南区','2018-11-20 02:55:59','2018-11-20 02:55:59'),(2290,2275,'500114','黔江区','2018-11-20 02:55:59','2018-11-20 02:55:59'),(2291,2275,'500115','长寿区','2018-11-20 02:55:59','2018-11-20 02:55:59'),(2292,2275,'500116','江津区','2018-11-20 02:55:59','2018-11-20 02:55:59'),(2293,2275,'500117','合川区','2018-11-20 02:55:59','2018-11-20 02:55:59'),(2294,2275,'500118','永川区','2018-11-20 02:55:59','2018-11-20 02:55:59'),(2295,2275,'500119','南川区','2018-11-20 02:55:59','2018-11-20 02:55:59'),(2296,2275,'500120','璧山区','2018-11-20 02:55:59','2018-11-20 02:55:59'),(2297,2275,'500151','铜梁区','2018-11-20 02:55:59','2018-11-20 02:55:59'),(2298,2275,'500152','潼南区','2018-11-20 02:55:59','2018-11-20 02:55:59'),(2299,2275,'500153','荣昌区','2018-11-20 02:55:59','2018-11-20 02:55:59'),(2300,2275,'500154','开州区','2018-11-20 02:55:59','2018-11-20 02:55:59'),(2301,2275,'500155','梁平区','2018-11-20 02:55:59','2018-11-20 02:55:59'),(2302,2275,'500156','武隆区','2018-11-20 02:55:59','2018-11-20 02:55:59'),(2303,2276,'500229','城口县','2018-11-20 02:55:59','2018-11-20 02:55:59'),(2304,2276,'500230','丰都县','2018-11-20 02:55:59','2018-11-20 02:55:59'),(2305,2276,'500231','垫江县','2018-11-20 02:55:59','2018-11-20 02:55:59'),(2306,2276,'500233','忠县','2018-11-20 02:55:59','2018-11-20 02:55:59'),(2307,2276,'500235','云阳县','2018-11-20 02:55:59','2018-11-20 02:55:59'),(2308,2276,'500236','奉节县','2018-11-20 02:55:59','2018-11-20 02:55:59'),(2309,2276,'500237','巫山县','2018-11-20 02:55:59','2018-11-20 02:55:59'),(2310,2276,'500238','巫溪县','2018-11-20 02:55:59','2018-11-20 02:55:59'),(2311,2276,'500240','石柱土家族自治县','2018-11-20 02:55:59','2018-11-20 02:55:59'),(2312,2276,'500241','秀山土家族苗族自治县','2018-11-20 02:55:59','2018-11-20 02:55:59'),(2313,2276,'500242','酉阳土家族苗族自治县','2018-11-20 02:55:59','2018-11-20 02:55:59'),(2314,2276,'500243','彭水苗族土家族自治县','2018-11-20 02:55:59','2018-11-20 02:55:59'),(2315,24,'510100','成都市','2018-11-20 02:55:59','2018-11-20 02:55:59'),(2316,24,'510300','自贡市','2018-11-20 02:55:59','2018-11-20 02:55:59'),(2317,24,'510400','攀枝花市','2018-11-20 02:55:59','2018-11-20 02:55:59'),(2318,24,'510500','泸州市','2018-11-20 02:55:59','2018-11-20 02:55:59'),(2319,24,'510600','德阳市','2018-11-20 02:55:59','2018-11-20 02:55:59'),(2320,24,'510700','绵阳市','2018-11-20 02:55:59','2018-11-20 02:55:59'),(2321,24,'510800','广元市','2018-11-20 02:55:59','2018-11-20 02:55:59'),(2322,24,'510900','遂宁市','2018-11-20 02:55:59','2018-11-20 02:55:59'),(2323,24,'511000','内江市','2018-11-20 02:55:59','2018-11-20 02:55:59'),(2324,24,'511100','乐山市','2018-11-20 02:55:59','2018-11-20 02:55:59'),(2325,24,'511300','南充市','2018-11-20 02:55:59','2018-11-20 02:55:59'),(2326,24,'511400','眉山市','2018-11-20 02:55:59','2018-11-20 02:55:59'),(2327,24,'511500','宜宾市','2018-11-20 02:55:59','2018-11-20 02:55:59'),(2328,24,'511600','广安市','2018-11-20 02:55:59','2018-11-20 02:55:59'),(2329,24,'511700','达州市','2018-11-20 02:55:59','2018-11-20 02:55:59'),(2330,24,'511800','雅安市','2018-11-20 02:55:59','2018-11-20 02:55:59'),(2331,24,'511900','巴中市','2018-11-20 02:55:59','2018-11-20 02:55:59'),(2332,24,'512000','资阳市','2018-11-20 02:55:59','2018-11-20 02:55:59'),(2333,24,'513200','阿坝藏族羌族自治州','2018-11-20 02:55:59','2018-11-20 02:55:59'),(2334,24,'513300','甘孜藏族自治州','2018-11-20 02:55:59','2018-11-20 02:55:59'),(2335,24,'513400','凉山彝族自治州','2018-11-20 02:55:59','2018-11-20 02:55:59'),(2336,2315,'510104','锦江区','2018-11-20 02:55:59','2018-11-20 02:55:59'),(2337,2315,'510105','青羊区','2018-11-20 02:55:59','2018-11-20 02:55:59'),(2338,2315,'510106','金牛区','2018-11-20 02:55:59','2018-11-20 02:55:59'),(2339,2315,'510107','武侯区','2018-11-20 02:55:59','2018-11-20 02:55:59'),(2340,2315,'510108','成华区','2018-11-20 02:55:59','2018-11-20 02:55:59'),(2341,2315,'510112','龙泉驿区','2018-11-20 02:55:59','2018-11-20 02:55:59'),(2342,2315,'510113','青白江区','2018-11-20 02:55:59','2018-11-20 02:55:59'),(2343,2315,'510114','新都区','2018-11-20 02:55:59','2018-11-20 02:55:59'),(2344,2315,'510115','温江区','2018-11-20 02:55:59','2018-11-20 02:55:59'),(2345,2315,'510116','双流区','2018-11-20 02:55:59','2018-11-20 02:55:59'),(2346,2315,'510117','郫都区','2018-11-20 02:55:59','2018-11-20 02:55:59'),(2347,2315,'510121','金堂县','2018-11-20 02:55:59','2018-11-20 02:55:59'),(2348,2315,'510129','大邑县','2018-11-20 02:55:59','2018-11-20 02:55:59'),(2349,2315,'510131','蒲江县','2018-11-20 02:55:59','2018-11-20 02:55:59'),(2350,2315,'510132','新津县','2018-11-20 02:55:59','2018-11-20 02:55:59'),(2351,2315,'510181','都江堰市','2018-11-20 02:55:59','2018-11-20 02:55:59'),(2352,2315,'510182','彭州市','2018-11-20 02:55:59','2018-11-20 02:55:59'),(2353,2315,'510183','邛崃市','2018-11-20 02:55:59','2018-11-20 02:55:59'),(2354,2315,'510184','崇州市','2018-11-20 02:55:59','2018-11-20 02:55:59'),(2355,2315,'510185','简阳市','2018-11-20 02:55:59','2018-11-20 02:55:59'),(2356,2316,'510302','自流井区','2018-11-20 02:55:59','2018-11-20 02:55:59'),(2357,2316,'510303','贡井区','2018-11-20 02:55:59','2018-11-20 02:55:59'),(2358,2316,'510304','大安区','2018-11-20 02:55:59','2018-11-20 02:55:59'),(2359,2316,'510311','沿滩区','2018-11-20 02:55:59','2018-11-20 02:55:59'),(2360,2316,'510321','荣县','2018-11-20 02:55:59','2018-11-20 02:55:59'),(2361,2316,'510322','富顺县','2018-11-20 02:55:59','2018-11-20 02:55:59'),(2362,2317,'510402','东区','2018-11-20 02:55:59','2018-11-20 02:55:59'),(2363,2317,'510403','西区','2018-11-20 02:55:59','2018-11-20 02:55:59'),(2364,2317,'510411','仁和区','2018-11-20 02:55:59','2018-11-20 02:55:59'),(2365,2317,'510421','米易县','2018-11-20 02:55:59','2018-11-20 02:55:59'),(2366,2317,'510422','盐边县','2018-11-20 02:55:59','2018-11-20 02:55:59'),(2367,2318,'510502','江阳区','2018-11-20 02:55:59','2018-11-20 02:55:59'),(2368,2318,'510503','纳溪区','2018-11-20 02:55:59','2018-11-20 02:55:59'),(2369,2318,'510504','龙马潭区','2018-11-20 02:55:59','2018-11-20 02:55:59'),(2370,2318,'510521','泸县','2018-11-20 02:55:59','2018-11-20 02:55:59'),(2371,2318,'510522','合江县','2018-11-20 02:55:59','2018-11-20 02:55:59'),(2372,2318,'510524','叙永县','2018-11-20 02:55:59','2018-11-20 02:55:59'),(2373,2318,'510525','古蔺县','2018-11-20 02:55:59','2018-11-20 02:55:59'),(2374,2319,'510603','旌阳区','2018-11-20 02:55:59','2018-11-20 02:55:59'),(2375,2319,'510623','中江县','2018-11-20 02:55:59','2018-11-20 02:55:59'),(2376,2319,'510626','罗江区','2018-11-20 02:55:59','2018-11-20 02:55:59'),(2377,2319,'510681','广汉市','2018-11-20 02:55:59','2018-11-20 02:55:59'),(2378,2319,'510682','什邡市','2018-11-20 02:55:59','2018-11-20 02:55:59'),(2379,2319,'510683','绵竹市','2018-11-20 02:55:59','2018-11-20 02:55:59'),(2380,2320,'510703','涪城区','2018-11-20 02:55:59','2018-11-20 02:55:59'),(2381,2320,'510704','游仙区','2018-11-20 02:55:59','2018-11-20 02:55:59'),(2382,2320,'510705','安州区','2018-11-20 02:55:59','2018-11-20 02:55:59'),(2383,2320,'510722','三台县','2018-11-20 02:55:59','2018-11-20 02:55:59'),(2384,2320,'510723','盐亭县','2018-11-20 02:55:59','2018-11-20 02:55:59'),(2385,2320,'510725','梓潼县','2018-11-20 02:55:59','2018-11-20 02:55:59'),(2386,2320,'510726','北川羌族自治县','2018-11-20 02:55:59','2018-11-20 02:55:59'),(2387,2320,'510727','平武县','2018-11-20 02:55:59','2018-11-20 02:55:59'),(2388,2320,'510781','江油市','2018-11-20 02:55:59','2018-11-20 02:55:59'),(2389,2321,'510802','利州区','2018-11-20 02:55:59','2018-11-20 02:55:59'),(2390,2321,'510811','昭化区','2018-11-20 02:55:59','2018-11-20 02:55:59'),(2391,2321,'510812','朝天区','2018-11-20 02:55:59','2018-11-20 02:55:59'),(2392,2321,'510821','旺苍县','2018-11-20 02:55:59','2018-11-20 02:55:59'),(2393,2321,'510822','青川县','2018-11-20 02:55:59','2018-11-20 02:55:59'),(2394,2321,'510823','剑阁县','2018-11-20 02:55:59','2018-11-20 02:55:59'),(2395,2321,'510824','苍溪县','2018-11-20 02:55:59','2018-11-20 02:55:59'),(2396,2322,'510903','船山区','2018-11-20 02:55:59','2018-11-20 02:55:59'),(2397,2322,'510904','安居区','2018-11-20 02:55:59','2018-11-20 02:55:59'),(2398,2322,'510921','蓬溪县','2018-11-20 02:55:59','2018-11-20 02:55:59'),(2399,2322,'510922','射洪县','2018-11-20 02:55:59','2018-11-20 02:55:59'),(2400,2322,'510923','大英县','2018-11-20 02:55:59','2018-11-20 02:55:59'),(2401,2323,'511002','市中区','2018-11-20 02:55:59','2018-11-20 02:55:59'),(2402,2323,'511011','东兴区','2018-11-20 02:55:59','2018-11-20 02:55:59'),(2403,2323,'511024','威远县','2018-11-20 02:55:59','2018-11-20 02:55:59'),(2404,2323,'511025','资中县','2018-11-20 02:55:59','2018-11-20 02:55:59'),(2405,2323,'511083','隆昌市','2018-11-20 02:55:59','2018-11-20 02:55:59'),(2406,2324,'511102','市中区','2018-11-20 02:55:59','2018-11-20 02:55:59'),(2407,2324,'511111','沙湾区','2018-11-20 02:55:59','2018-11-20 02:55:59'),(2408,2324,'511112','五通桥区','2018-11-20 02:55:59','2018-11-20 02:55:59'),(2409,2324,'511113','金口河区','2018-11-20 02:55:59','2018-11-20 02:55:59'),(2410,2324,'511123','犍为县','2018-11-20 02:55:59','2018-11-20 02:55:59'),(2411,2324,'511124','井研县','2018-11-20 02:55:59','2018-11-20 02:55:59'),(2412,2324,'511126','夹江县','2018-11-20 02:55:59','2018-11-20 02:55:59'),(2413,2324,'511129','沐川县','2018-11-20 02:55:59','2018-11-20 02:55:59'),(2414,2324,'511132','峨边彝族自治县','2018-11-20 02:55:59','2018-11-20 02:55:59'),(2415,2324,'511133','马边彝族自治县','2018-11-20 02:55:59','2018-11-20 02:55:59'),(2416,2324,'511181','峨眉山市','2018-11-20 02:55:59','2018-11-20 02:55:59'),(2417,2325,'511302','顺庆区','2018-11-20 02:55:59','2018-11-20 02:55:59'),(2418,2325,'511303','高坪区','2018-11-20 02:55:59','2018-11-20 02:55:59'),(2419,2325,'511304','嘉陵区','2018-11-20 02:55:59','2018-11-20 02:55:59'),(2420,2325,'511321','南部县','2018-11-20 02:55:59','2018-11-20 02:55:59'),(2421,2325,'511322','营山县','2018-11-20 02:55:59','2018-11-20 02:55:59'),(2422,2325,'511323','蓬安县','2018-11-20 02:55:59','2018-11-20 02:55:59'),(2423,2325,'511324','仪陇县','2018-11-20 02:55:59','2018-11-20 02:55:59'),(2424,2325,'511325','西充县','2018-11-20 02:55:59','2018-11-20 02:55:59'),(2425,2325,'511381','阆中市','2018-11-20 02:55:59','2018-11-20 02:55:59'),(2426,2326,'511402','东坡区','2018-11-20 02:55:59','2018-11-20 02:55:59'),(2427,2326,'511403','彭山区','2018-11-20 02:55:59','2018-11-20 02:55:59'),(2428,2326,'511421','仁寿县','2018-11-20 02:55:59','2018-11-20 02:55:59'),(2429,2326,'511423','洪雅县','2018-11-20 02:55:59','2018-11-20 02:55:59'),(2430,2326,'511424','丹棱县','2018-11-20 02:55:59','2018-11-20 02:55:59'),(2431,2326,'511425','青神县','2018-11-20 02:55:59','2018-11-20 02:55:59'),(2432,2327,'511502','翠屏区','2018-11-20 02:55:59','2018-11-20 02:55:59'),(2433,2327,'511503','南溪区','2018-11-20 02:55:59','2018-11-20 02:55:59'),(2434,2327,'511521','宜宾县','2018-11-20 02:55:59','2018-11-20 02:55:59'),(2435,2327,'511523','江安县','2018-11-20 02:55:59','2018-11-20 02:55:59'),(2436,2327,'511524','长宁县','2018-11-20 02:55:59','2018-11-20 02:55:59'),(2437,2327,'511525','高县','2018-11-20 02:55:59','2018-11-20 02:55:59'),(2438,2327,'511526','珙县','2018-11-20 02:55:59','2018-11-20 02:55:59'),(2439,2327,'511527','筠连县','2018-11-20 02:55:59','2018-11-20 02:55:59'),(2440,2327,'511528','兴文县','2018-11-20 02:55:59','2018-11-20 02:55:59'),(2441,2327,'511529','屏山县','2018-11-20 02:55:59','2018-11-20 02:55:59'),(2442,2328,'511602','广安区','2018-11-20 02:55:59','2018-11-20 02:55:59'),(2443,2328,'511603','前锋区','2018-11-20 02:55:59','2018-11-20 02:55:59'),(2444,2328,'511621','岳池县','2018-11-20 02:55:59','2018-11-20 02:55:59'),(2445,2328,'511622','武胜县','2018-11-20 02:55:59','2018-11-20 02:55:59'),(2446,2328,'511623','邻水县','2018-11-20 02:55:59','2018-11-20 02:55:59'),(2447,2328,'511681','华蓥市','2018-11-20 02:55:59','2018-11-20 02:55:59'),(2448,2329,'511702','通川区','2018-11-20 02:55:59','2018-11-20 02:55:59'),(2449,2329,'511703','达川区','2018-11-20 02:55:59','2018-11-20 02:55:59'),(2450,2329,'511722','宣汉县','2018-11-20 02:55:59','2018-11-20 02:55:59'),(2451,2329,'511723','开江县','2018-11-20 02:55:59','2018-11-20 02:55:59'),(2452,2329,'511724','大竹县','2018-11-20 02:55:59','2018-11-20 02:55:59'),(2453,2329,'511725','渠县','2018-11-20 02:55:59','2018-11-20 02:55:59'),(2454,2329,'511781','万源市','2018-11-20 02:55:59','2018-11-20 02:55:59'),(2455,2330,'511802','雨城区','2018-11-20 02:55:59','2018-11-20 02:55:59'),(2456,2330,'511803','名山区','2018-11-20 02:55:59','2018-11-20 02:55:59'),(2457,2330,'511822','荥经县','2018-11-20 02:55:59','2018-11-20 02:55:59'),(2458,2330,'511823','汉源县','2018-11-20 02:55:59','2018-11-20 02:55:59'),(2459,2330,'511824','石棉县','2018-11-20 02:55:59','2018-11-20 02:55:59'),(2460,2330,'511825','天全县','2018-11-20 02:55:59','2018-11-20 02:55:59'),(2461,2330,'511826','芦山县','2018-11-20 02:55:59','2018-11-20 02:55:59'),(2462,2330,'511827','宝兴县','2018-11-20 02:55:59','2018-11-20 02:55:59'),(2463,2331,'511902','巴州区','2018-11-20 02:55:59','2018-11-20 02:55:59'),(2464,2331,'511903','恩阳区','2018-11-20 02:55:59','2018-11-20 02:55:59'),(2465,2331,'511921','通江县','2018-11-20 02:55:59','2018-11-20 02:55:59'),(2466,2331,'511922','南江县','2018-11-20 02:55:59','2018-11-20 02:55:59'),(2467,2331,'511923','平昌县','2018-11-20 02:55:59','2018-11-20 02:55:59'),(2468,2332,'512002','雁江区','2018-11-20 02:55:59','2018-11-20 02:55:59'),(2469,2332,'512021','安岳县','2018-11-20 02:55:59','2018-11-20 02:55:59'),(2470,2332,'512022','乐至县','2018-11-20 02:55:59','2018-11-20 02:55:59'),(2471,2333,'513201','马尔康市','2018-11-20 02:55:59','2018-11-20 02:55:59'),(2472,2333,'513221','汶川县','2018-11-20 02:55:59','2018-11-20 02:55:59'),(2473,2333,'513222','理县','2018-11-20 02:55:59','2018-11-20 02:55:59'),(2474,2333,'513223','茂县','2018-11-20 02:55:59','2018-11-20 02:55:59'),(2475,2333,'513224','松潘县','2018-11-20 02:55:59','2018-11-20 02:55:59'),(2476,2333,'513225','九寨沟市','2018-11-20 02:55:59','2018-11-20 02:55:59'),(2477,2333,'513226','金川县','2018-11-20 02:55:59','2018-11-20 02:55:59'),(2478,2333,'513227','小金县','2018-11-20 02:55:59','2018-11-20 02:55:59'),(2479,2333,'513228','黑水县','2018-11-20 02:55:59','2018-11-20 02:55:59'),(2480,2333,'513230','壤塘县','2018-11-20 02:55:59','2018-11-20 02:55:59'),(2481,2333,'513231','阿坝县','2018-11-20 02:55:59','2018-11-20 02:55:59'),(2482,2333,'513232','若尔盖县','2018-11-20 02:55:59','2018-11-20 02:55:59'),(2483,2333,'513233','红原县','2018-11-20 02:55:59','2018-11-20 02:55:59'),(2484,2334,'513301','康定市','2018-11-20 02:55:59','2018-11-20 02:55:59'),(2485,2334,'513322','泸定县','2018-11-20 02:55:59','2018-11-20 02:55:59'),(2486,2334,'513323','丹巴县','2018-11-20 02:55:59','2018-11-20 02:55:59'),(2487,2334,'513324','九龙县','2018-11-20 02:55:59','2018-11-20 02:55:59'),(2488,2334,'513325','雅江县','2018-11-20 02:55:59','2018-11-20 02:55:59'),(2489,2334,'513326','道孚县','2018-11-20 02:55:59','2018-11-20 02:55:59'),(2490,2334,'513327','炉霍县','2018-11-20 02:55:59','2018-11-20 02:55:59'),(2491,2334,'513328','甘孜县','2018-11-20 02:55:59','2018-11-20 02:55:59'),(2492,2334,'513329','新龙县','2018-11-20 02:55:59','2018-11-20 02:55:59'),(2493,2334,'513330','德格县','2018-11-20 02:55:59','2018-11-20 02:55:59'),(2494,2334,'513331','白玉县','2018-11-20 02:55:59','2018-11-20 02:55:59'),(2495,2334,'513332','石渠县','2018-11-20 02:55:59','2018-11-20 02:55:59'),(2496,2334,'513333','色达县','2018-11-20 02:55:59','2018-11-20 02:55:59'),(2497,2334,'513334','理塘县','2018-11-20 02:55:59','2018-11-20 02:55:59'),(2498,2334,'513335','巴塘县','2018-11-20 02:55:59','2018-11-20 02:55:59'),(2499,2334,'513336','乡城县','2018-11-20 02:55:59','2018-11-20 02:55:59'),(2500,2334,'513337','稻城县','2018-11-20 02:55:59','2018-11-20 02:55:59'),(2501,2334,'513338','得荣县','2018-11-20 02:55:59','2018-11-20 02:55:59'),(2502,2335,'513401','西昌市','2018-11-20 02:55:59','2018-11-20 02:55:59'),(2503,2335,'513422','木里藏族自治县','2018-11-20 02:55:59','2018-11-20 02:55:59'),(2504,2335,'513423','盐源县','2018-11-20 02:55:59','2018-11-20 02:55:59'),(2505,2335,'513424','德昌县','2018-11-20 02:55:59','2018-11-20 02:55:59'),(2506,2335,'513425','会理县','2018-11-20 02:55:59','2018-11-20 02:55:59'),(2507,2335,'513426','会东县','2018-11-20 02:55:59','2018-11-20 02:55:59'),(2508,2335,'513427','宁南县','2018-11-20 02:55:59','2018-11-20 02:55:59'),(2509,2335,'513428','普格县','2018-11-20 02:55:59','2018-11-20 02:55:59'),(2510,2335,'513429','布拖县','2018-11-20 02:55:59','2018-11-20 02:55:59'),(2511,2335,'513430','金阳县','2018-11-20 02:55:59','2018-11-20 02:55:59'),(2512,2335,'513431','昭觉县','2018-11-20 02:55:59','2018-11-20 02:55:59'),(2513,2335,'513432','喜德县','2018-11-20 02:55:59','2018-11-20 02:55:59'),(2514,2335,'513433','冕宁县','2018-11-20 02:55:59','2018-11-20 02:55:59'),(2515,2335,'513434','越西县','2018-11-20 02:55:59','2018-11-20 02:55:59'),(2516,2335,'513435','甘洛县','2018-11-20 02:55:59','2018-11-20 02:55:59'),(2517,2335,'513436','美姑县','2018-11-20 02:55:59','2018-11-20 02:55:59'),(2518,2335,'513437','雷波县','2018-11-20 02:55:59','2018-11-20 02:55:59'),(2519,25,'520100','贵阳市','2018-11-20 02:55:59','2018-11-20 02:55:59'),(2520,25,'520200','六盘水市','2018-11-20 02:55:59','2018-11-20 02:55:59'),(2521,25,'520300','遵义市','2018-11-20 02:55:59','2018-11-20 02:55:59'),(2522,25,'520400','安顺市','2018-11-20 02:55:59','2018-11-20 02:55:59'),(2523,25,'520500','毕节市','2018-11-20 02:55:59','2018-11-20 02:55:59'),(2524,25,'520600','铜仁市','2018-11-20 02:55:59','2018-11-20 02:55:59'),(2525,25,'522300','黔西南布依族苗族自治州','2018-11-20 02:55:59','2018-11-20 02:55:59'),(2526,25,'522600','黔东南苗族侗族自治州','2018-11-20 02:55:59','2018-11-20 02:55:59'),(2527,25,'522700','黔南布依族苗族自治州','2018-11-20 02:55:59','2018-11-20 02:55:59'),(2528,2519,'520102','南明区','2018-11-20 02:55:59','2018-11-20 02:55:59'),(2529,2519,'520103','云岩区','2018-11-20 02:55:59','2018-11-20 02:55:59'),(2530,2519,'520111','花溪区','2018-11-20 02:55:59','2018-11-20 02:55:59'),(2531,2519,'520112','乌当区','2018-11-20 02:55:59','2018-11-20 02:55:59'),(2532,2519,'520113','白云区','2018-11-20 02:55:59','2018-11-20 02:55:59'),(2533,2519,'520115','观山湖区','2018-11-20 02:55:59','2018-11-20 02:55:59'),(2534,2519,'520121','开阳县','2018-11-20 02:55:59','2018-11-20 02:55:59'),(2535,2519,'520122','息烽县','2018-11-20 02:55:59','2018-11-20 02:55:59'),(2536,2519,'520123','修文县','2018-11-20 02:55:59','2018-11-20 02:55:59'),(2537,2519,'520181','清镇市','2018-11-20 02:55:59','2018-11-20 02:55:59'),(2538,2520,'520201','钟山区','2018-11-20 02:55:59','2018-11-20 02:55:59'),(2539,2520,'520203','六枝特区','2018-11-20 02:55:59','2018-11-20 02:55:59'),(2540,2520,'520221','水城县','2018-11-20 02:55:59','2018-11-20 02:55:59'),(2541,2520,'520281','盘州市','2018-11-20 02:55:59','2018-11-20 02:55:59'),(2542,2521,'520302','红花岗区','2018-11-20 02:55:59','2018-11-20 02:55:59'),(2543,2521,'520303','汇川区','2018-11-20 02:55:59','2018-11-20 02:55:59'),(2544,2521,'520304','播州区','2018-11-20 02:55:59','2018-11-20 02:55:59'),(2545,2521,'520322','桐梓县','2018-11-20 02:55:59','2018-11-20 02:55:59'),(2546,2521,'520323','绥阳县','2018-11-20 02:55:59','2018-11-20 02:55:59'),(2547,2521,'520324','正安县','2018-11-20 02:55:59','2018-11-20 02:55:59'),(2548,2521,'520325','道真仡佬族苗族自治县','2018-11-20 02:55:59','2018-11-20 02:55:59'),(2549,2521,'520326','务川仡佬族苗族自治县','2018-11-20 02:55:59','2018-11-20 02:55:59'),(2550,2521,'520327','凤冈县','2018-11-20 02:55:59','2018-11-20 02:55:59'),(2551,2521,'520328','湄潭县','2018-11-20 02:55:59','2018-11-20 02:55:59'),(2552,2521,'520329','余庆县','2018-11-20 02:55:59','2018-11-20 02:55:59'),(2553,2521,'520330','习水县','2018-11-20 02:55:59','2018-11-20 02:55:59'),(2554,2521,'520381','赤水市','2018-11-20 02:55:59','2018-11-20 02:55:59'),(2555,2521,'520382','仁怀市','2018-11-20 02:55:59','2018-11-20 02:55:59'),(2556,2522,'520402','西秀区','2018-11-20 02:55:59','2018-11-20 02:55:59'),(2557,2522,'520403','平坝区','2018-11-20 02:55:59','2018-11-20 02:55:59'),(2558,2522,'520422','普定县','2018-11-20 02:55:59','2018-11-20 02:55:59'),(2559,2522,'520423','镇宁布依族苗族自治县','2018-11-20 02:55:59','2018-11-20 02:55:59'),(2560,2522,'520424','关岭布依族苗族自治县','2018-11-20 02:55:59','2018-11-20 02:55:59'),(2561,2522,'520425','紫云苗族布依族自治县','2018-11-20 02:55:59','2018-11-20 02:55:59'),(2562,2523,'520502','七星关区','2018-11-20 02:55:59','2018-11-20 02:55:59'),(2563,2523,'520521','大方县','2018-11-20 02:55:59','2018-11-20 02:55:59'),(2564,2523,'520522','黔西县','2018-11-20 02:55:59','2018-11-20 02:55:59'),(2565,2523,'520523','金沙县','2018-11-20 02:55:59','2018-11-20 02:55:59'),(2566,2523,'520524','织金县','2018-11-20 02:55:59','2018-11-20 02:55:59'),(2567,2523,'520525','纳雍县','2018-11-20 02:55:59','2018-11-20 02:55:59'),(2568,2523,'520526','威宁彝族回族苗族自治县','2018-11-20 02:55:59','2018-11-20 02:55:59'),(2569,2523,'520527','赫章县','2018-11-20 02:55:59','2018-11-20 02:55:59'),(2570,2524,'520602','碧江区','2018-11-20 02:55:59','2018-11-20 02:55:59'),(2571,2524,'520603','万山区','2018-11-20 02:55:59','2018-11-20 02:55:59'),(2572,2524,'520621','江口县','2018-11-20 02:55:59','2018-11-20 02:55:59'),(2573,2524,'520622','玉屏侗族自治县','2018-11-20 02:55:59','2018-11-20 02:55:59'),(2574,2524,'520623','石阡县','2018-11-20 02:55:59','2018-11-20 02:55:59'),(2575,2524,'520624','思南县','2018-11-20 02:55:59','2018-11-20 02:55:59'),(2576,2524,'520625','印江土家族苗族自治县','2018-11-20 02:55:59','2018-11-20 02:55:59'),(2577,2524,'520626','德江县','2018-11-20 02:55:59','2018-11-20 02:55:59'),(2578,2524,'520627','沿河土家族自治县','2018-11-20 02:55:59','2018-11-20 02:55:59'),(2579,2524,'520628','松桃苗族自治县','2018-11-20 02:55:59','2018-11-20 02:55:59'),(2580,2525,'522301','兴义市','2018-11-20 02:55:59','2018-11-20 02:55:59'),(2581,2525,'522322','兴仁县','2018-11-20 02:55:59','2018-11-20 02:55:59'),(2582,2525,'522323','普安县','2018-11-20 02:55:59','2018-11-20 02:55:59'),(2583,2525,'522324','晴隆县','2018-11-20 02:55:59','2018-11-20 02:55:59'),(2584,2525,'522325','贞丰县','2018-11-20 02:55:59','2018-11-20 02:55:59'),(2585,2525,'522326','望谟县','2018-11-20 02:55:59','2018-11-20 02:55:59'),(2586,2525,'522327','册亨县','2018-11-20 02:55:59','2018-11-20 02:55:59'),(2587,2525,'522328','安龙县','2018-11-20 02:55:59','2018-11-20 02:55:59'),(2588,2526,'522601','凯里市','2018-11-20 02:55:59','2018-11-20 02:55:59'),(2589,2526,'522622','黄平县','2018-11-20 02:55:59','2018-11-20 02:55:59'),(2590,2526,'522623','施秉县','2018-11-20 02:55:59','2018-11-20 02:55:59'),(2591,2526,'522624','三穗县','2018-11-20 02:55:59','2018-11-20 02:55:59'),(2592,2526,'522625','镇远县','2018-11-20 02:55:59','2018-11-20 02:55:59'),(2593,2526,'522626','岑巩县','2018-11-20 02:55:59','2018-11-20 02:55:59'),(2594,2526,'522627','天柱县','2018-11-20 02:55:59','2018-11-20 02:55:59'),(2595,2526,'522628','锦屏县','2018-11-20 02:55:59','2018-11-20 02:55:59'),(2596,2526,'522629','剑河县','2018-11-20 02:55:59','2018-11-20 02:55:59'),(2597,2526,'522630','台江县','2018-11-20 02:55:59','2018-11-20 02:55:59'),(2598,2526,'522631','黎平县','2018-11-20 02:55:59','2018-11-20 02:55:59'),(2599,2526,'522632','榕江县','2018-11-20 02:55:59','2018-11-20 02:55:59'),(2600,2526,'522633','从江县','2018-11-20 02:55:59','2018-11-20 02:55:59'),(2601,2526,'522634','雷山县','2018-11-20 02:55:59','2018-11-20 02:55:59'),(2602,2526,'522635','麻江县','2018-11-20 02:55:59','2018-11-20 02:55:59'),(2603,2526,'522636','丹寨县','2018-11-20 02:55:59','2018-11-20 02:55:59'),(2604,2527,'522701','都匀市','2018-11-20 02:55:59','2018-11-20 02:55:59'),(2605,2527,'522702','福泉市','2018-11-20 02:55:59','2018-11-20 02:55:59'),(2606,2527,'522722','荔波县','2018-11-20 02:55:59','2018-11-20 02:55:59'),(2607,2527,'522723','贵定县','2018-11-20 02:55:59','2018-11-20 02:55:59'),(2608,2527,'522725','瓮安县','2018-11-20 02:55:59','2018-11-20 02:55:59'),(2609,2527,'522726','独山县','2018-11-20 02:55:59','2018-11-20 02:55:59'),(2610,2527,'522727','平塘县','2018-11-20 02:55:59','2018-11-20 02:55:59'),(2611,2527,'522728','罗甸县','2018-11-20 02:55:59','2018-11-20 02:55:59'),(2612,2527,'522729','长顺县','2018-11-20 02:55:59','2018-11-20 02:55:59'),(2613,2527,'522730','龙里县','2018-11-20 02:55:59','2018-11-20 02:55:59'),(2614,2527,'522731','惠水县','2018-11-20 02:55:59','2018-11-20 02:55:59'),(2615,2527,'522732','三都水族自治县','2018-11-20 02:55:59','2018-11-20 02:55:59'),(2616,26,'530100','昆明市','2018-11-20 02:55:59','2018-11-20 02:55:59'),(2617,26,'530300','曲靖市','2018-11-20 02:55:59','2018-11-20 02:55:59'),(2618,26,'530400','玉溪市','2018-11-20 02:55:59','2018-11-20 02:55:59'),(2619,26,'530500','保山市','2018-11-20 02:55:59','2018-11-20 02:55:59'),(2620,26,'530600','昭通市','2018-11-20 02:55:59','2018-11-20 02:55:59'),(2621,26,'530700','丽江市','2018-11-20 02:55:59','2018-11-20 02:55:59'),(2622,26,'530800','普洱市','2018-11-20 02:55:59','2018-11-20 02:55:59'),(2623,26,'530900','临沧市','2018-11-20 02:55:59','2018-11-20 02:55:59'),(2624,26,'532300','楚雄彝族自治州','2018-11-20 02:55:59','2018-11-20 02:55:59'),(2625,26,'532500','红河哈尼族彝族自治州','2018-11-20 02:55:59','2018-11-20 02:55:59'),(2626,26,'532600','文山壮族苗族自治州','2018-11-20 02:55:59','2018-11-20 02:55:59'),(2627,26,'532800','西双版纳傣族自治州','2018-11-20 02:55:59','2018-11-20 02:55:59'),(2628,26,'532900','大理白族自治州','2018-11-20 02:55:59','2018-11-20 02:55:59'),(2629,26,'533100','德宏傣族景颇族自治州','2018-11-20 02:55:59','2018-11-20 02:55:59'),(2630,26,'533300','怒江傈僳族自治州','2018-11-20 02:55:59','2018-11-20 02:55:59'),(2631,26,'533400','迪庆藏族自治州','2018-11-20 02:55:59','2018-11-20 02:55:59'),(2632,2616,'530102','五华区','2018-11-20 02:55:59','2018-11-20 02:55:59'),(2633,2616,'530103','盘龙区','2018-11-20 02:55:59','2018-11-20 02:55:59'),(2634,2616,'530111','官渡区','2018-11-20 02:55:59','2018-11-20 02:55:59'),(2635,2616,'530112','西山区','2018-11-20 02:55:59','2018-11-20 02:55:59'),(2636,2616,'530113','东川区','2018-11-20 02:55:59','2018-11-20 02:55:59'),(2637,2616,'530114','呈贡区','2018-11-20 02:55:59','2018-11-20 02:55:59'),(2638,2616,'530115','晋宁区','2018-11-20 02:55:59','2018-11-20 02:55:59'),(2639,2616,'530124','富民县','2018-11-20 02:55:59','2018-11-20 02:55:59'),(2640,2616,'530125','宜良县','2018-11-20 02:55:59','2018-11-20 02:55:59'),(2641,2616,'530126','石林彝族自治县','2018-11-20 02:55:59','2018-11-20 02:55:59'),(2642,2616,'530127','嵩明县','2018-11-20 02:55:59','2018-11-20 02:55:59'),(2643,2616,'530128','禄劝彝族苗族自治县','2018-11-20 02:55:59','2018-11-20 02:55:59'),(2644,2616,'530129','寻甸回族彝族自治县','2018-11-20 02:55:59','2018-11-20 02:55:59'),(2645,2616,'530181','安宁市','2018-11-20 02:55:59','2018-11-20 02:55:59'),(2646,2617,'530302','麒麟区','2018-11-20 02:55:59','2018-11-20 02:55:59'),(2647,2617,'530303','沾益区','2018-11-20 02:55:59','2018-11-20 02:55:59'),(2648,2617,'530321','马龙县','2018-11-20 02:55:59','2018-11-20 02:55:59'),(2649,2617,'530322','陆良县','2018-11-20 02:55:59','2018-11-20 02:55:59'),(2650,2617,'530323','师宗县','2018-11-20 02:55:59','2018-11-20 02:55:59'),(2651,2617,'530324','罗平县','2018-11-20 02:55:59','2018-11-20 02:55:59'),(2652,2617,'530325','富源县','2018-11-20 02:55:59','2018-11-20 02:55:59'),(2653,2617,'530326','会泽县','2018-11-20 02:55:59','2018-11-20 02:55:59'),(2654,2617,'530381','宣威市','2018-11-20 02:55:59','2018-11-20 02:55:59'),(2655,2618,'530402','红塔区','2018-11-20 02:55:59','2018-11-20 02:55:59'),(2656,2618,'530403','江川区','2018-11-20 02:55:59','2018-11-20 02:55:59'),(2657,2618,'530422','澄江县','2018-11-20 02:55:59','2018-11-20 02:55:59'),(2658,2618,'530423','通海县','2018-11-20 02:55:59','2018-11-20 02:55:59'),(2659,2618,'530424','华宁县','2018-11-20 02:55:59','2018-11-20 02:55:59'),(2660,2618,'530425','易门县','2018-11-20 02:55:59','2018-11-20 02:55:59'),(2661,2618,'530426','峨山彝族自治县','2018-11-20 02:55:59','2018-11-20 02:55:59'),(2662,2618,'530427','新平彝族傣族自治县','2018-11-20 02:55:59','2018-11-20 02:55:59'),(2663,2618,'530428','元江哈尼族彝族傣族自治县','2018-11-20 02:55:59','2018-11-20 02:55:59'),(2664,2619,'530502','隆阳区','2018-11-20 02:55:59','2018-11-20 02:55:59'),(2665,2619,'530521','施甸县','2018-11-20 02:55:59','2018-11-20 02:55:59'),(2666,2619,'530523','龙陵县','2018-11-20 02:55:59','2018-11-20 02:55:59'),(2667,2619,'530524','昌宁县','2018-11-20 02:55:59','2018-11-20 02:55:59'),(2668,2619,'530581','腾冲市','2018-11-20 02:55:59','2018-11-20 02:55:59'),(2669,2620,'530602','昭阳区','2018-11-20 02:55:59','2018-11-20 02:55:59'),(2670,2620,'530621','鲁甸县','2018-11-20 02:55:59','2018-11-20 02:55:59'),(2671,2620,'530622','巧家县','2018-11-20 02:55:59','2018-11-20 02:55:59'),(2672,2620,'530623','盐津县','2018-11-20 02:55:59','2018-11-20 02:55:59'),(2673,2620,'530624','大关县','2018-11-20 02:55:59','2018-11-20 02:55:59'),(2674,2620,'530625','永善县','2018-11-20 02:55:59','2018-11-20 02:55:59'),(2675,2620,'530626','绥江县','2018-11-20 02:55:59','2018-11-20 02:55:59'),(2676,2620,'530627','镇雄县','2018-11-20 02:55:59','2018-11-20 02:55:59'),(2677,2620,'530628','彝良县','2018-11-20 02:55:59','2018-11-20 02:55:59'),(2678,2620,'530629','威信县','2018-11-20 02:55:59','2018-11-20 02:55:59'),(2679,2620,'530630','水富县','2018-11-20 02:55:59','2018-11-20 02:55:59'),(2680,2621,'530702','古城区','2018-11-20 02:55:59','2018-11-20 02:55:59'),(2681,2621,'530721','玉龙纳西族自治县','2018-11-20 02:55:59','2018-11-20 02:55:59'),(2682,2621,'530722','永胜县','2018-11-20 02:55:59','2018-11-20 02:55:59'),(2683,2621,'530723','华坪县','2018-11-20 02:55:59','2018-11-20 02:55:59'),(2684,2621,'530724','宁蒗彝族自治县','2018-11-20 02:55:59','2018-11-20 02:55:59'),(2685,2622,'530802','思茅区','2018-11-20 02:55:59','2018-11-20 02:55:59'),(2686,2622,'530821','宁洱哈尼族彝族自治县','2018-11-20 02:55:59','2018-11-20 02:55:59'),(2687,2622,'530822','墨江哈尼族自治县','2018-11-20 02:55:59','2018-11-20 02:55:59'),(2688,2622,'530823','景东彝族自治县','2018-11-20 02:55:59','2018-11-20 02:55:59'),(2689,2622,'530824','景谷傣族彝族自治县','2018-11-20 02:55:59','2018-11-20 02:55:59'),(2690,2622,'530825','镇沅彝族哈尼族拉祜族自治县','2018-11-20 02:55:59','2018-11-20 02:55:59'),(2691,2622,'530826','江城哈尼族彝族自治县','2018-11-20 02:55:59','2018-11-20 02:55:59'),(2692,2622,'530827','孟连傣族拉祜族佤族自治县','2018-11-20 02:55:59','2018-11-20 02:55:59'),(2693,2622,'530828','澜沧拉祜族自治县','2018-11-20 02:55:59','2018-11-20 02:55:59'),(2694,2622,'530829','西盟佤族自治县','2018-11-20 02:55:59','2018-11-20 02:55:59'),(2695,2623,'530902','临翔区','2018-11-20 02:55:59','2018-11-20 02:55:59'),(2696,2623,'530921','凤庆县','2018-11-20 02:55:59','2018-11-20 02:55:59'),(2697,2623,'530922','云县','2018-11-20 02:55:59','2018-11-20 02:55:59'),(2698,2623,'530923','永德县','2018-11-20 02:55:59','2018-11-20 02:55:59'),(2699,2623,'530924','镇康县','2018-11-20 02:55:59','2018-11-20 02:55:59'),(2700,2623,'530925','双江拉祜族佤族布朗族傣族自治县','2018-11-20 02:55:59','2018-11-20 02:55:59'),(2701,2623,'530926','耿马傣族佤族自治县','2018-11-20 02:55:59','2018-11-20 02:55:59'),(2702,2623,'530927','沧源佤族自治县','2018-11-20 02:55:59','2018-11-20 02:55:59'),(2703,2624,'532301','楚雄市','2018-11-20 02:55:59','2018-11-20 02:55:59'),(2704,2624,'532322','双柏县','2018-11-20 02:55:59','2018-11-20 02:55:59'),(2705,2624,'532323','牟定县','2018-11-20 02:55:59','2018-11-20 02:55:59'),(2706,2624,'532324','南华县','2018-11-20 02:55:59','2018-11-20 02:55:59'),(2707,2624,'532325','姚安县','2018-11-20 02:55:59','2018-11-20 02:55:59'),(2708,2624,'532326','大姚县','2018-11-20 02:55:59','2018-11-20 02:55:59'),(2709,2624,'532327','永仁县','2018-11-20 02:55:59','2018-11-20 02:55:59'),(2710,2624,'532328','元谋县','2018-11-20 02:55:59','2018-11-20 02:55:59'),(2711,2624,'532329','武定县','2018-11-20 02:55:59','2018-11-20 02:55:59'),(2712,2624,'532331','禄丰县','2018-11-20 02:55:59','2018-11-20 02:55:59'),(2713,2625,'532501','个旧市','2018-11-20 02:55:59','2018-11-20 02:55:59'),(2714,2625,'532502','开远市','2018-11-20 02:55:59','2018-11-20 02:55:59'),(2715,2625,'532503','蒙自市','2018-11-20 02:55:59','2018-11-20 02:55:59'),(2716,2625,'532504','弥勒市','2018-11-20 02:55:59','2018-11-20 02:55:59'),(2717,2625,'532523','屏边苗族自治县','2018-11-20 02:55:59','2018-11-20 02:55:59'),(2718,2625,'532524','建水县','2018-11-20 02:55:59','2018-11-20 02:55:59'),(2719,2625,'532525','石屏县','2018-11-20 02:55:59','2018-11-20 02:55:59'),(2720,2625,'532527','泸西县','2018-11-20 02:55:59','2018-11-20 02:55:59'),(2721,2625,'532528','元阳县','2018-11-20 02:55:59','2018-11-20 02:55:59'),(2722,2625,'532529','红河县','2018-11-20 02:55:59','2018-11-20 02:55:59'),(2723,2625,'532530','金平苗族瑶族傣族自治县','2018-11-20 02:55:59','2018-11-20 02:55:59'),(2724,2625,'532531','绿春县','2018-11-20 02:55:59','2018-11-20 02:55:59'),(2725,2625,'532532','河口瑶族自治县','2018-11-20 02:55:59','2018-11-20 02:55:59'),(2726,2626,'532601','文山市','2018-11-20 02:55:59','2018-11-20 02:55:59'),(2727,2626,'532622','砚山县','2018-11-20 02:55:59','2018-11-20 02:55:59'),(2728,2626,'532623','西畴县','2018-11-20 02:55:59','2018-11-20 02:55:59'),(2729,2626,'532624','麻栗坡县','2018-11-20 02:55:59','2018-11-20 02:55:59'),(2730,2626,'532625','马关县','2018-11-20 02:55:59','2018-11-20 02:55:59'),(2731,2626,'532626','丘北县','2018-11-20 02:55:59','2018-11-20 02:55:59'),(2732,2626,'532627','广南县','2018-11-20 02:55:59','2018-11-20 02:55:59'),(2733,2626,'532628','富宁县','2018-11-20 02:55:59','2018-11-20 02:55:59'),(2734,2627,'532801','景洪市','2018-11-20 02:55:59','2018-11-20 02:55:59'),(2735,2627,'532822','勐海县','2018-11-20 02:55:59','2018-11-20 02:55:59'),(2736,2627,'532823','勐腊县','2018-11-20 02:55:59','2018-11-20 02:55:59'),(2737,2628,'532901','大理市','2018-11-20 02:55:59','2018-11-20 02:55:59'),(2738,2628,'532922','漾濞彝族自治县','2018-11-20 02:55:59','2018-11-20 02:55:59'),(2739,2628,'532923','祥云县','2018-11-20 02:55:59','2018-11-20 02:55:59'),(2740,2628,'532924','宾川县','2018-11-20 02:55:59','2018-11-20 02:55:59'),(2741,2628,'532925','弥渡县','2018-11-20 02:55:59','2018-11-20 02:55:59'),(2742,2628,'532926','南涧彝族自治县','2018-11-20 02:55:59','2018-11-20 02:55:59'),(2743,2628,'532927','巍山彝族回族自治县','2018-11-20 02:55:59','2018-11-20 02:55:59'),(2744,2628,'532928','永平县','2018-11-20 02:55:59','2018-11-20 02:55:59'),(2745,2628,'532929','云龙县','2018-11-20 02:55:59','2018-11-20 02:55:59'),(2746,2628,'532930','洱源县','2018-11-20 02:55:59','2018-11-20 02:55:59'),(2747,2628,'532931','剑川县','2018-11-20 02:55:59','2018-11-20 02:55:59'),(2748,2628,'532932','鹤庆县','2018-11-20 02:55:59','2018-11-20 02:55:59'),(2749,2629,'533102','瑞丽市','2018-11-20 02:55:59','2018-11-20 02:55:59'),(2750,2629,'533103','芒市','2018-11-20 02:55:59','2018-11-20 02:55:59'),(2751,2629,'533122','梁河县','2018-11-20 02:55:59','2018-11-20 02:55:59'),(2752,2629,'533123','盈江县','2018-11-20 02:55:59','2018-11-20 02:55:59'),(2753,2629,'533124','陇川县','2018-11-20 02:55:59','2018-11-20 02:55:59'),(2754,2630,'533301','泸水市','2018-11-20 02:55:59','2018-11-20 02:55:59'),(2755,2630,'533323','福贡县','2018-11-20 02:55:59','2018-11-20 02:55:59'),(2756,2630,'533324','贡山独龙族怒族自治县','2018-11-20 02:55:59','2018-11-20 02:55:59'),(2757,2630,'533325','兰坪白族普米族自治县','2018-11-20 02:55:59','2018-11-20 02:55:59'),(2758,2631,'533401','香格里拉市','2018-11-20 02:55:59','2018-11-20 02:55:59'),(2759,2631,'533422','德钦县','2018-11-20 02:55:59','2018-11-20 02:55:59'),(2760,2631,'533423','维西傈僳族自治县','2018-11-20 02:55:59','2018-11-20 02:55:59'),(2761,27,'540100','拉萨市','2018-11-20 02:55:59','2018-11-20 02:55:59'),(2762,27,'540200','日喀则市','2018-11-20 02:55:59','2018-11-20 02:55:59'),(2763,27,'540300','昌都市','2018-11-20 02:55:59','2018-11-20 02:55:59'),(2764,27,'540400','林芝市','2018-11-20 02:55:59','2018-11-20 02:55:59'),(2765,27,'540500','山南市','2018-11-20 02:55:59','2018-11-20 02:55:59'),(2766,27,'540600','那曲市','2018-11-20 02:55:59','2018-11-20 02:55:59'),(2767,27,'542500','阿里地区','2018-11-20 02:55:59','2018-11-20 02:55:59'),(2768,2761,'540102','城关区','2018-11-20 02:55:59','2018-11-20 02:55:59'),(2769,2761,'540103','堆龙德庆区','2018-11-20 02:55:59','2018-11-20 02:55:59'),(2770,2761,'540104','达孜区','2018-11-20 02:55:59','2018-11-20 02:55:59'),(2771,2761,'540121','林周县','2018-11-20 02:55:59','2018-11-20 02:55:59'),(2772,2761,'540122','当雄县','2018-11-20 02:55:59','2018-11-20 02:55:59'),(2773,2761,'540123','尼木县','2018-11-20 02:55:59','2018-11-20 02:55:59'),(2774,2761,'540124','曲水县','2018-11-20 02:55:59','2018-11-20 02:55:59'),(2775,2761,'540127','墨竹工卡县','2018-11-20 02:55:59','2018-11-20 02:55:59'),(2776,2762,'540202','桑珠孜区','2018-11-20 02:55:59','2018-11-20 02:55:59'),(2777,2762,'540221','南木林县','2018-11-20 02:55:59','2018-11-20 02:55:59'),(2778,2762,'540222','江孜县','2018-11-20 02:55:59','2018-11-20 02:55:59'),(2779,2762,'540223','定日县','2018-11-20 02:55:59','2018-11-20 02:55:59'),(2780,2762,'540224','萨迦县','2018-11-20 02:55:59','2018-11-20 02:55:59'),(2781,2762,'540225','拉孜县','2018-11-20 02:55:59','2018-11-20 02:55:59'),(2782,2762,'540226','昂仁县','2018-11-20 02:55:59','2018-11-20 02:55:59'),(2783,2762,'540227','谢通门县','2018-11-20 02:55:59','2018-11-20 02:55:59'),(2784,2762,'540228','白朗县','2018-11-20 02:55:59','2018-11-20 02:55:59'),(2785,2762,'540229','仁布县','2018-11-20 02:55:59','2018-11-20 02:55:59'),(2786,2762,'540230','康马县','2018-11-20 02:55:59','2018-11-20 02:55:59'),(2787,2762,'540231','定结县','2018-11-20 02:55:59','2018-11-20 02:55:59'),(2788,2762,'540232','仲巴县','2018-11-20 02:55:59','2018-11-20 02:55:59'),(2789,2762,'540233','亚东县','2018-11-20 02:55:59','2018-11-20 02:55:59'),(2790,2762,'540234','吉隆县','2018-11-20 02:55:59','2018-11-20 02:55:59'),(2791,2762,'540235','聂拉木县','2018-11-20 02:55:59','2018-11-20 02:55:59'),(2792,2762,'540236','萨嘎县','2018-11-20 02:55:59','2018-11-20 02:55:59'),(2793,2762,'540237','岗巴县','2018-11-20 02:55:59','2018-11-20 02:55:59'),(2794,2763,'540302','卡若区','2018-11-20 02:55:59','2018-11-20 02:55:59'),(2795,2763,'540321','江达县','2018-11-20 02:55:59','2018-11-20 02:55:59'),(2796,2763,'540322','贡觉县','2018-11-20 02:55:59','2018-11-20 02:55:59'),(2797,2763,'540323','类乌齐县','2018-11-20 02:55:59','2018-11-20 02:55:59'),(2798,2763,'540324','丁青县','2018-11-20 02:55:59','2018-11-20 02:55:59'),(2799,2763,'540325','察雅县','2018-11-20 02:55:59','2018-11-20 02:55:59'),(2800,2763,'540326','八宿县','2018-11-20 02:55:59','2018-11-20 02:55:59'),(2801,2763,'540327','左贡县','2018-11-20 02:55:59','2018-11-20 02:55:59'),(2802,2763,'540328','芒康县','2018-11-20 02:56:00','2018-11-20 02:56:00'),(2803,2763,'540329','洛隆县','2018-11-20 02:56:00','2018-11-20 02:56:00'),(2804,2763,'540330','边坝县','2018-11-20 02:56:00','2018-11-20 02:56:00'),(2805,2764,'540402','巴宜区','2018-11-20 02:56:00','2018-11-20 02:56:00'),(2806,2764,'540421','工布江达县','2018-11-20 02:56:00','2018-11-20 02:56:00'),(2807,2764,'540422','米林县','2018-11-20 02:56:00','2018-11-20 02:56:00'),(2808,2764,'540423','墨脱县','2018-11-20 02:56:00','2018-11-20 02:56:00'),(2809,2764,'540424','波密县','2018-11-20 02:56:00','2018-11-20 02:56:00'),(2810,2764,'540425','察隅县','2018-11-20 02:56:00','2018-11-20 02:56:00'),(2811,2764,'540426','朗县','2018-11-20 02:56:00','2018-11-20 02:56:00'),(2812,2765,'540502','乃东区','2018-11-20 02:56:00','2018-11-20 02:56:00'),(2813,2765,'540521','扎囊县','2018-11-20 02:56:00','2018-11-20 02:56:00'),(2814,2765,'540522','贡嘎县','2018-11-20 02:56:00','2018-11-20 02:56:00'),(2815,2765,'540523','桑日县','2018-11-20 02:56:00','2018-11-20 02:56:00'),(2816,2765,'540524','琼结县','2018-11-20 02:56:00','2018-11-20 02:56:00'),(2817,2765,'540525','曲松县','2018-11-20 02:56:00','2018-11-20 02:56:00'),(2818,2765,'540526','措美县','2018-11-20 02:56:00','2018-11-20 02:56:00'),(2819,2765,'540527','洛扎县','2018-11-20 02:56:00','2018-11-20 02:56:00'),(2820,2765,'540528','加查县','2018-11-20 02:56:00','2018-11-20 02:56:00'),(2821,2765,'540529','隆子县','2018-11-20 02:56:00','2018-11-20 02:56:00'),(2822,2765,'540530','错那县','2018-11-20 02:56:00','2018-11-20 02:56:00'),(2823,2765,'540531','浪卡子县','2018-11-20 02:56:00','2018-11-20 02:56:00'),(2824,2766,'540602','色尼区','2018-11-20 02:56:00','2018-11-20 02:56:00'),(2825,2766,'540621','嘉黎县','2018-11-20 02:56:00','2018-11-20 02:56:00'),(2826,2766,'540622','比如县','2018-11-20 02:56:00','2018-11-20 02:56:00'),(2827,2766,'540623','聂荣县','2018-11-20 02:56:00','2018-11-20 02:56:00'),(2828,2766,'540624','安多县','2018-11-20 02:56:00','2018-11-20 02:56:00'),(2829,2766,'540625','申扎县','2018-11-20 02:56:00','2018-11-20 02:56:00'),(2830,2766,'540626','索县','2018-11-20 02:56:00','2018-11-20 02:56:00'),(2831,2766,'540627','班戈县','2018-11-20 02:56:00','2018-11-20 02:56:00'),(2832,2766,'540628','巴青县','2018-11-20 02:56:00','2018-11-20 02:56:00'),(2833,2766,'540629','尼玛县','2018-11-20 02:56:00','2018-11-20 02:56:00'),(2834,2766,'540630','双湖县','2018-11-20 02:56:00','2018-11-20 02:56:00'),(2835,2767,'542521','普兰县','2018-11-20 02:56:00','2018-11-20 02:56:00'),(2836,2767,'542522','札达县','2018-11-20 02:56:00','2018-11-20 02:56:00'),(2837,2767,'542523','噶尔县','2018-11-20 02:56:00','2018-11-20 02:56:00'),(2838,2767,'542524','日土县','2018-11-20 02:56:00','2018-11-20 02:56:00'),(2839,2767,'542525','革吉县','2018-11-20 02:56:00','2018-11-20 02:56:00'),(2840,2767,'542526','改则县','2018-11-20 02:56:00','2018-11-20 02:56:00'),(2841,2767,'542527','措勤县','2018-11-20 02:56:00','2018-11-20 02:56:00'),(2842,28,'610100','西安市','2018-11-20 02:56:00','2018-11-20 02:56:00'),(2843,28,'610200','铜川市','2018-11-20 02:56:00','2018-11-20 02:56:00'),(2844,28,'610300','宝鸡市','2018-11-20 02:56:00','2018-11-20 02:56:00'),(2845,28,'610400','咸阳市','2018-11-20 02:56:00','2018-11-20 02:56:00'),(2846,28,'610500','渭南市','2018-11-20 02:56:00','2018-11-20 02:56:00'),(2847,28,'610600','延安市','2018-11-20 02:56:00','2018-11-20 02:56:00'),(2848,28,'610700','汉中市','2018-11-20 02:56:00','2018-11-20 02:56:00'),(2849,28,'610800','榆林市','2018-11-20 02:56:00','2018-11-20 02:56:00'),(2850,28,'610900','安康市','2018-11-20 02:56:00','2018-11-20 02:56:00'),(2851,28,'611000','商洛市','2018-11-20 02:56:00','2018-11-20 02:56:00'),(2852,2842,'610102','新城区','2018-11-20 02:56:00','2018-11-20 02:56:00'),(2853,2842,'610103','碑林区','2018-11-20 02:56:00','2018-11-20 02:56:00'),(2854,2842,'610104','莲湖区','2018-11-20 02:56:00','2018-11-20 02:56:00'),(2855,2842,'610111','灞桥区','2018-11-20 02:56:00','2018-11-20 02:56:00'),(2856,2842,'610112','未央区','2018-11-20 02:56:00','2018-11-20 02:56:00'),(2857,2842,'610113','雁塔区','2018-11-20 02:56:00','2018-11-20 02:56:00'),(2858,2842,'610114','阎良区','2018-11-20 02:56:00','2018-11-20 02:56:00'),(2859,2842,'610115','临潼区','2018-11-20 02:56:00','2018-11-20 02:56:00'),(2860,2842,'610116','长安区','2018-11-20 02:56:00','2018-11-20 02:56:00'),(2861,2842,'610117','高陵区','2018-11-20 02:56:00','2018-11-20 02:56:00'),(2862,2842,'610118','鄠邑区','2018-11-20 02:56:00','2018-11-20 02:56:00'),(2863,2842,'610122','蓝田县','2018-11-20 02:56:00','2018-11-20 02:56:00'),(2864,2842,'610124','周至县','2018-11-20 02:56:00','2018-11-20 02:56:00'),(2865,2843,'610202','王益区','2018-11-20 02:56:00','2018-11-20 02:56:00'),(2866,2843,'610203','印台区','2018-11-20 02:56:00','2018-11-20 02:56:00'),(2867,2843,'610204','耀州区','2018-11-20 02:56:00','2018-11-20 02:56:00'),(2868,2843,'610222','宜君县','2018-11-20 02:56:00','2018-11-20 02:56:00'),(2869,2844,'610302','渭滨区','2018-11-20 02:56:00','2018-11-20 02:56:00'),(2870,2844,'610303','金台区','2018-11-20 02:56:00','2018-11-20 02:56:00'),(2871,2844,'610304','陈仓区','2018-11-20 02:56:00','2018-11-20 02:56:00'),(2872,2844,'610322','凤翔县','2018-11-20 02:56:00','2018-11-20 02:56:00'),(2873,2844,'610323','岐山县','2018-11-20 02:56:00','2018-11-20 02:56:00'),(2874,2844,'610324','扶风县','2018-11-20 02:56:00','2018-11-20 02:56:00'),(2875,2844,'610326','眉县','2018-11-20 02:56:00','2018-11-20 02:56:00'),(2876,2844,'610327','陇县','2018-11-20 02:56:00','2018-11-20 02:56:00'),(2877,2844,'610328','千阳县','2018-11-20 02:56:00','2018-11-20 02:56:00'),(2878,2844,'610329','麟游县','2018-11-20 02:56:00','2018-11-20 02:56:00'),(2879,2844,'610330','凤县','2018-11-20 02:56:00','2018-11-20 02:56:00'),(2880,2844,'610331','太白县','2018-11-20 02:56:00','2018-11-20 02:56:00'),(2881,2845,'610402','秦都区','2018-11-20 02:56:00','2018-11-20 02:56:00'),(2882,2845,'610403','杨陵区','2018-11-20 02:56:00','2018-11-20 02:56:00'),(2883,2845,'610404','渭城区','2018-11-20 02:56:00','2018-11-20 02:56:00'),(2884,2845,'610422','三原县','2018-11-20 02:56:00','2018-11-20 02:56:00'),(2885,2845,'610423','泾阳县','2018-11-20 02:56:00','2018-11-20 02:56:00'),(2886,2845,'610424','乾县','2018-11-20 02:56:00','2018-11-20 02:56:00'),(2887,2845,'610425','礼泉县','2018-11-20 02:56:00','2018-11-20 02:56:00'),(2888,2845,'610426','永寿县','2018-11-20 02:56:00','2018-11-20 02:56:00'),(2889,2845,'610427','彬县','2018-11-20 02:56:00','2018-11-20 02:56:00'),(2890,2845,'610428','长武县','2018-11-20 02:56:00','2018-11-20 02:56:00'),(2891,2845,'610429','旬邑县','2018-11-20 02:56:00','2018-11-20 02:56:00'),(2892,2845,'610430','淳化县','2018-11-20 02:56:00','2018-11-20 02:56:00'),(2893,2845,'610431','武功县','2018-11-20 02:56:00','2018-11-20 02:56:00'),(2894,2845,'610481','兴平市','2018-11-20 02:56:00','2018-11-20 02:56:00'),(2895,2846,'610502','临渭区','2018-11-20 02:56:00','2018-11-20 02:56:00'),(2896,2846,'610503','华州区','2018-11-20 02:56:00','2018-11-20 02:56:00'),(2897,2846,'610522','潼关县','2018-11-20 02:56:00','2018-11-20 02:56:00'),(2898,2846,'610523','大荔县','2018-11-20 02:56:00','2018-11-20 02:56:00'),(2899,2846,'610524','合阳县','2018-11-20 02:56:00','2018-11-20 02:56:00'),(2900,2846,'610525','澄城县','2018-11-20 02:56:00','2018-11-20 02:56:00'),(2901,2846,'610526','蒲城县','2018-11-20 02:56:00','2018-11-20 02:56:00'),(2902,2846,'610527','白水县','2018-11-20 02:56:00','2018-11-20 02:56:00'),(2903,2846,'610528','富平县','2018-11-20 02:56:00','2018-11-20 02:56:00'),(2904,2846,'610581','韩城市','2018-11-20 02:56:00','2018-11-20 02:56:00'),(2905,2846,'610582','华阴市','2018-11-20 02:56:00','2018-11-20 02:56:00'),(2906,2847,'610602','宝塔区','2018-11-20 02:56:00','2018-11-20 02:56:00'),(2907,2847,'610603','安塞区','2018-11-20 02:56:00','2018-11-20 02:56:00'),(2908,2847,'610621','延长县','2018-11-20 02:56:00','2018-11-20 02:56:00'),(2909,2847,'610622','延川县','2018-11-20 02:56:00','2018-11-20 02:56:00'),(2910,2847,'610623','子长县','2018-11-20 02:56:00','2018-11-20 02:56:00'),(2911,2847,'610625','志丹县','2018-11-20 02:56:00','2018-11-20 02:56:00'),(2912,2847,'610626','吴起县','2018-11-20 02:56:00','2018-11-20 02:56:00'),(2913,2847,'610627','甘泉县','2018-11-20 02:56:00','2018-11-20 02:56:00'),(2914,2847,'610628','富县','2018-11-20 02:56:00','2018-11-20 02:56:00'),(2915,2847,'610629','洛川县','2018-11-20 02:56:00','2018-11-20 02:56:00'),(2916,2847,'610630','宜川县','2018-11-20 02:56:00','2018-11-20 02:56:00'),(2917,2847,'610631','黄龙县','2018-11-20 02:56:00','2018-11-20 02:56:00'),(2918,2847,'610632','黄陵县','2018-11-20 02:56:00','2018-11-20 02:56:00'),(2919,2848,'610702','汉台区','2018-11-20 02:56:00','2018-11-20 02:56:00'),(2920,2848,'610703','南郑区','2018-11-20 02:56:00','2018-11-20 02:56:00'),(2921,2848,'610722','城固县','2018-11-20 02:56:00','2018-11-20 02:56:00'),(2922,2848,'610723','洋县','2018-11-20 02:56:00','2018-11-20 02:56:00'),(2923,2848,'610724','西乡县','2018-11-20 02:56:00','2018-11-20 02:56:00'),(2924,2848,'610725','勉县','2018-11-20 02:56:00','2018-11-20 02:56:00'),(2925,2848,'610726','宁强县','2018-11-20 02:56:00','2018-11-20 02:56:00'),(2926,2848,'610727','略阳县','2018-11-20 02:56:00','2018-11-20 02:56:00'),(2927,2848,'610728','镇巴县','2018-11-20 02:56:00','2018-11-20 02:56:00'),(2928,2848,'610729','留坝县','2018-11-20 02:56:00','2018-11-20 02:56:00'),(2929,2848,'610730','佛坪县','2018-11-20 02:56:00','2018-11-20 02:56:00'),(2930,2849,'610802','榆阳区','2018-11-20 02:56:00','2018-11-20 02:56:00'),(2931,2849,'610803','横山区','2018-11-20 02:56:00','2018-11-20 02:56:00'),(2932,2849,'610822','府谷县','2018-11-20 02:56:00','2018-11-20 02:56:00'),(2933,2849,'610824','靖边县','2018-11-20 02:56:00','2018-11-20 02:56:00'),(2934,2849,'610825','定边县','2018-11-20 02:56:00','2018-11-20 02:56:00'),(2935,2849,'610826','绥德县','2018-11-20 02:56:00','2018-11-20 02:56:00'),(2936,2849,'610827','米脂县','2018-11-20 02:56:00','2018-11-20 02:56:00'),(2937,2849,'610828','佳县','2018-11-20 02:56:00','2018-11-20 02:56:00'),(2938,2849,'610829','吴堡县','2018-11-20 02:56:00','2018-11-20 02:56:00'),(2939,2849,'610830','清涧县','2018-11-20 02:56:00','2018-11-20 02:56:00'),(2940,2849,'610831','子洲县','2018-11-20 02:56:00','2018-11-20 02:56:00'),(2941,2849,'610881','神木市','2018-11-20 02:56:00','2018-11-20 02:56:00'),(2942,2850,'610902','汉滨区','2018-11-20 02:56:00','2018-11-20 02:56:00'),(2943,2850,'610921','汉阴县','2018-11-20 02:56:00','2018-11-20 02:56:00'),(2944,2850,'610922','石泉县','2018-11-20 02:56:00','2018-11-20 02:56:00'),(2945,2850,'610923','宁陕县','2018-11-20 02:56:00','2018-11-20 02:56:00'),(2946,2850,'610924','紫阳县','2018-11-20 02:56:00','2018-11-20 02:56:00'),(2947,2850,'610925','岚皋县','2018-11-20 02:56:00','2018-11-20 02:56:00'),(2948,2850,'610926','平利县','2018-11-20 02:56:00','2018-11-20 02:56:00'),(2949,2850,'610927','镇坪县','2018-11-20 02:56:00','2018-11-20 02:56:00'),(2950,2850,'610928','旬阳县','2018-11-20 02:56:00','2018-11-20 02:56:00'),(2951,2850,'610929','白河县','2018-11-20 02:56:00','2018-11-20 02:56:00'),(2952,2851,'611002','商州区','2018-11-20 02:56:00','2018-11-20 02:56:00'),(2953,2851,'611021','洛南县','2018-11-20 02:56:00','2018-11-20 02:56:00'),(2954,2851,'611022','丹凤县','2018-11-20 02:56:00','2018-11-20 02:56:00'),(2955,2851,'611023','商南县','2018-11-20 02:56:00','2018-11-20 02:56:00'),(2956,2851,'611024','山阳县','2018-11-20 02:56:00','2018-11-20 02:56:00'),(2957,2851,'611025','镇安县','2018-11-20 02:56:00','2018-11-20 02:56:00'),(2958,2851,'611026','柞水县','2018-11-20 02:56:00','2018-11-20 02:56:00'),(2959,29,'620100','兰州市','2018-11-20 02:56:00','2018-11-20 02:56:00'),(2960,29,'620200','嘉峪关市','2018-11-20 02:56:00','2018-11-20 02:56:00'),(2961,29,'620300','金昌市','2018-11-20 02:56:00','2018-11-20 02:56:00'),(2962,29,'620400','白银市','2018-11-20 02:56:00','2018-11-20 02:56:00'),(2963,29,'620500','天水市','2018-11-20 02:56:00','2018-11-20 02:56:00'),(2964,29,'620600','武威市','2018-11-20 02:56:00','2018-11-20 02:56:00'),(2965,29,'620700','张掖市','2018-11-20 02:56:00','2018-11-20 02:56:00'),(2966,29,'620800','平凉市','2018-11-20 02:56:00','2018-11-20 02:56:00'),(2967,29,'620900','酒泉市','2018-11-20 02:56:00','2018-11-20 02:56:00'),(2968,29,'621000','庆阳市','2018-11-20 02:56:00','2018-11-20 02:56:00'),(2969,29,'621100','定西市','2018-11-20 02:56:00','2018-11-20 02:56:00'),(2970,29,'621200','陇南市','2018-11-20 02:56:00','2018-11-20 02:56:00'),(2971,29,'622900','临夏回族自治州','2018-11-20 02:56:00','2018-11-20 02:56:00'),(2972,29,'623000','甘南藏族自治州','2018-11-20 02:56:00','2018-11-20 02:56:00'),(2973,2959,'620102','城关区','2018-11-20 02:56:00','2018-11-20 02:56:00'),(2974,2959,'620103','七里河区','2018-11-20 02:56:00','2018-11-20 02:56:00'),(2975,2959,'620104','西固区','2018-11-20 02:56:00','2018-11-20 02:56:00'),(2976,2959,'620105','安宁区','2018-11-20 02:56:00','2018-11-20 02:56:00'),(2977,2959,'620111','红古区','2018-11-20 02:56:00','2018-11-20 02:56:00'),(2978,2959,'620121','永登县','2018-11-20 02:56:00','2018-11-20 02:56:00'),(2979,2959,'620122','皋兰县','2018-11-20 02:56:00','2018-11-20 02:56:00'),(2980,2959,'620123','榆中县','2018-11-20 02:56:00','2018-11-20 02:56:00'),(2981,2960,'620200','嘉峪关市','2018-11-20 02:56:00','2018-11-20 02:56:00'),(2982,2961,'620302','金川区','2018-11-20 02:56:00','2018-11-20 02:56:00'),(2983,2961,'620321','永昌县','2018-11-20 02:56:00','2018-11-20 02:56:00'),(2984,2962,'620402','白银区','2018-11-20 02:56:00','2018-11-20 02:56:00'),(2985,2962,'620403','平川区','2018-11-20 02:56:00','2018-11-20 02:56:00'),(2986,2962,'620421','靖远县','2018-11-20 02:56:00','2018-11-20 02:56:00'),(2987,2962,'620422','会宁县','2018-11-20 02:56:00','2018-11-20 02:56:00'),(2988,2962,'620423','景泰县','2018-11-20 02:56:00','2018-11-20 02:56:00'),(2989,2963,'620502','秦州区','2018-11-20 02:56:00','2018-11-20 02:56:00'),(2990,2963,'620503','麦积区','2018-11-20 02:56:00','2018-11-20 02:56:00'),(2991,2963,'620521','清水县','2018-11-20 02:56:00','2018-11-20 02:56:00'),(2992,2963,'620522','秦安县','2018-11-20 02:56:00','2018-11-20 02:56:00'),(2993,2963,'620523','甘谷县','2018-11-20 02:56:00','2018-11-20 02:56:00'),(2994,2963,'620524','武山县','2018-11-20 02:56:00','2018-11-20 02:56:00'),(2995,2963,'620525','张家川回族自治县','2018-11-20 02:56:00','2018-11-20 02:56:00'),(2996,2964,'620602','凉州区','2018-11-20 02:56:00','2018-11-20 02:56:00'),(2997,2964,'620621','民勤县','2018-11-20 02:56:00','2018-11-20 02:56:00'),(2998,2964,'620622','古浪县','2018-11-20 02:56:00','2018-11-20 02:56:00'),(2999,2964,'620623','天祝藏族自治县','2018-11-20 02:56:00','2018-11-20 02:56:00'),(3000,2965,'620702','甘州区','2018-11-20 02:56:00','2018-11-20 02:56:00'),(3001,2965,'620721','肃南裕固族自治县','2018-11-20 02:56:00','2018-11-20 02:56:00'),(3002,2965,'620722','民乐县','2018-11-20 02:56:00','2018-11-20 02:56:00'),(3003,2965,'620723','临泽县','2018-11-20 02:56:00','2018-11-20 02:56:00'),(3004,2965,'620724','高台县','2018-11-20 02:56:00','2018-11-20 02:56:00'),(3005,2965,'620725','山丹县','2018-11-20 02:56:00','2018-11-20 02:56:00'),(3006,2966,'620802','崆峒区','2018-11-20 02:56:00','2018-11-20 02:56:00'),(3007,2966,'620821','泾川县','2018-11-20 02:56:00','2018-11-20 02:56:00'),(3008,2966,'620822','灵台县','2018-11-20 02:56:00','2018-11-20 02:56:00'),(3009,2966,'620823','崇信县','2018-11-20 02:56:00','2018-11-20 02:56:00'),(3010,2966,'620824','华亭县','2018-11-20 02:56:00','2018-11-20 02:56:00'),(3011,2966,'620825','庄浪县','2018-11-20 02:56:00','2018-11-20 02:56:00'),(3012,2966,'620826','静宁县','2018-11-20 02:56:00','2018-11-20 02:56:00'),(3013,2967,'620902','肃州区','2018-11-20 02:56:00','2018-11-20 02:56:00'),(3014,2967,'620921','金塔县','2018-11-20 02:56:00','2018-11-20 02:56:00'),(3015,2967,'620922','瓜州县','2018-11-20 02:56:00','2018-11-20 02:56:00'),(3016,2967,'620923','肃北蒙古族自治县','2018-11-20 02:56:00','2018-11-20 02:56:00'),(3017,2967,'620924','阿克塞哈萨克族自治县','2018-11-20 02:56:00','2018-11-20 02:56:00'),(3018,2967,'620981','玉门市','2018-11-20 02:56:00','2018-11-20 02:56:00'),(3019,2967,'620982','敦煌市','2018-11-20 02:56:00','2018-11-20 02:56:00'),(3020,2968,'621002','西峰区','2018-11-20 02:56:00','2018-11-20 02:56:00'),(3021,2968,'621021','庆城县','2018-11-20 02:56:00','2018-11-20 02:56:00'),(3022,2968,'621022','环县','2018-11-20 02:56:00','2018-11-20 02:56:00'),(3023,2968,'621023','华池县','2018-11-20 02:56:00','2018-11-20 02:56:00'),(3024,2968,'621024','合水县','2018-11-20 02:56:00','2018-11-20 02:56:00'),(3025,2968,'621025','正宁县','2018-11-20 02:56:00','2018-11-20 02:56:00'),(3026,2968,'621026','宁县','2018-11-20 02:56:00','2018-11-20 02:56:00'),(3027,2968,'621027','镇原县','2018-11-20 02:56:00','2018-11-20 02:56:00'),(3028,2969,'621102','安定区','2018-11-20 02:56:00','2018-11-20 02:56:00'),(3029,2969,'621121','通渭县','2018-11-20 02:56:00','2018-11-20 02:56:00'),(3030,2969,'621122','陇西县','2018-11-20 02:56:00','2018-11-20 02:56:00'),(3031,2969,'621123','渭源县','2018-11-20 02:56:00','2018-11-20 02:56:00'),(3032,2969,'621124','临洮县','2018-11-20 02:56:00','2018-11-20 02:56:00'),(3033,2969,'621125','漳县','2018-11-20 02:56:00','2018-11-20 02:56:00'),(3034,2969,'621126','岷县','2018-11-20 02:56:00','2018-11-20 02:56:00'),(3035,2970,'621202','武都区','2018-11-20 02:56:00','2018-11-20 02:56:00'),(3036,2970,'621221','成县','2018-11-20 02:56:00','2018-11-20 02:56:00'),(3037,2970,'621222','文县','2018-11-20 02:56:00','2018-11-20 02:56:00'),(3038,2970,'621223','宕昌县','2018-11-20 02:56:00','2018-11-20 02:56:00'),(3039,2970,'621224','康县','2018-11-20 02:56:00','2018-11-20 02:56:00'),(3040,2970,'621225','西和县','2018-11-20 02:56:00','2018-11-20 02:56:00'),(3041,2970,'621226','礼县','2018-11-20 02:56:00','2018-11-20 02:56:00'),(3042,2970,'621227','徽县','2018-11-20 02:56:00','2018-11-20 02:56:00'),(3043,2970,'621228','两当县','2018-11-20 02:56:00','2018-11-20 02:56:00'),(3044,2971,'622901','临夏市','2018-11-20 02:56:00','2018-11-20 02:56:00'),(3045,2971,'622921','临夏县','2018-11-20 02:56:00','2018-11-20 02:56:00'),(3046,2971,'622922','康乐县','2018-11-20 02:56:00','2018-11-20 02:56:00'),(3047,2971,'622923','永靖县','2018-11-20 02:56:00','2018-11-20 02:56:00'),(3048,2971,'622924','广河县','2018-11-20 02:56:00','2018-11-20 02:56:00'),(3049,2971,'622925','和政县','2018-11-20 02:56:00','2018-11-20 02:56:00'),(3050,2971,'622926','东乡族自治县','2018-11-20 02:56:00','2018-11-20 02:56:00'),(3051,2971,'622927','积石山保安族东乡族撒拉族自治县','2018-11-20 02:56:00','2018-11-20 02:56:00'),(3052,2972,'623001','合作市','2018-11-20 02:56:00','2018-11-20 02:56:00'),(3053,2972,'623021','临潭县','2018-11-20 02:56:00','2018-11-20 02:56:00'),(3054,2972,'623022','卓尼县','2018-11-20 02:56:00','2018-11-20 02:56:00'),(3055,2972,'623023','舟曲县','2018-11-20 02:56:00','2018-11-20 02:56:00'),(3056,2972,'623024','迭部县','2018-11-20 02:56:00','2018-11-20 02:56:00'),(3057,2972,'623025','玛曲县','2018-11-20 02:56:00','2018-11-20 02:56:00'),(3058,2972,'623026','碌曲县','2018-11-20 02:56:00','2018-11-20 02:56:00'),(3059,2972,'623027','夏河县','2018-11-20 02:56:00','2018-11-20 02:56:00'),(3060,30,'630100','西宁市','2018-11-20 02:56:00','2018-11-20 02:56:00'),(3061,30,'630200','海东市','2018-11-20 02:56:00','2018-11-20 02:56:00'),(3062,30,'632200','海北藏族自治州','2018-11-20 02:56:00','2018-11-20 02:56:00'),(3063,30,'632300','黄南藏族自治州','2018-11-20 02:56:00','2018-11-20 02:56:00'),(3064,30,'632500','海南藏族自治州','2018-11-20 02:56:00','2018-11-20 02:56:00'),(3065,30,'632600','果洛藏族自治州','2018-11-20 02:56:00','2018-11-20 02:56:00'),(3066,30,'632700','玉树藏族自治州','2018-11-20 02:56:00','2018-11-20 02:56:00'),(3067,30,'632800','海西蒙古族藏族自治州','2018-11-20 02:56:00','2018-11-20 02:56:00'),(3068,3060,'630102','城东区','2018-11-20 02:56:00','2018-11-20 02:56:00'),(3069,3060,'630103','城中区','2018-11-20 02:56:00','2018-11-20 02:56:00'),(3070,3060,'630104','城西区','2018-11-20 02:56:00','2018-11-20 02:56:00'),(3071,3060,'630105','城北区','2018-11-20 02:56:00','2018-11-20 02:56:00'),(3072,3060,'630121','大通回族土族自治县','2018-11-20 02:56:00','2018-11-20 02:56:00'),(3073,3060,'630122','湟中县','2018-11-20 02:56:00','2018-11-20 02:56:00'),(3074,3060,'630123','湟源县','2018-11-20 02:56:00','2018-11-20 02:56:00'),(3075,3061,'630202','乐都区','2018-11-20 02:56:00','2018-11-20 02:56:00'),(3076,3061,'630203','平安区','2018-11-20 02:56:00','2018-11-20 02:56:00'),(3077,3061,'630222','民和回族土族自治县','2018-11-20 02:56:00','2018-11-20 02:56:00'),(3078,3061,'630223','互助土族自治县','2018-11-20 02:56:00','2018-11-20 02:56:00'),(3079,3061,'630224','化隆回族自治县','2018-11-20 02:56:00','2018-11-20 02:56:00'),(3080,3061,'630225','循化撒拉族自治县','2018-11-20 02:56:00','2018-11-20 02:56:00'),(3081,3062,'632221','门源回族自治县','2018-11-20 02:56:00','2018-11-20 02:56:00'),(3082,3062,'632222','祁连县','2018-11-20 02:56:00','2018-11-20 02:56:00'),(3083,3062,'632223','海晏县','2018-11-20 02:56:00','2018-11-20 02:56:00'),(3084,3062,'632224','刚察县','2018-11-20 02:56:00','2018-11-20 02:56:00'),(3085,3063,'632321','同仁县','2018-11-20 02:56:00','2018-11-20 02:56:00'),(3086,3063,'632322','尖扎县','2018-11-20 02:56:00','2018-11-20 02:56:00'),(3087,3063,'632323','泽库县','2018-11-20 02:56:00','2018-11-20 02:56:00'),(3088,3063,'632324','河南蒙古族自治县','2018-11-20 02:56:00','2018-11-20 02:56:00'),(3089,3064,'632521','共和县','2018-11-20 02:56:00','2018-11-20 02:56:00'),(3090,3064,'632522','同德县','2018-11-20 02:56:00','2018-11-20 02:56:00'),(3091,3064,'632523','贵德县','2018-11-20 02:56:00','2018-11-20 02:56:00'),(3092,3064,'632524','兴海县','2018-11-20 02:56:00','2018-11-20 02:56:00'),(3093,3064,'632525','贵南县','2018-11-20 02:56:00','2018-11-20 02:56:00'),(3094,3065,'632621','玛沁县','2018-11-20 02:56:00','2018-11-20 02:56:00'),(3095,3065,'632622','班玛县','2018-11-20 02:56:00','2018-11-20 02:56:00'),(3096,3065,'632623','甘德县','2018-11-20 02:56:00','2018-11-20 02:56:00'),(3097,3065,'632624','达日县','2018-11-20 02:56:00','2018-11-20 02:56:00'),(3098,3065,'632625','久治县','2018-11-20 02:56:00','2018-11-20 02:56:00'),(3099,3065,'632626','玛多县','2018-11-20 02:56:00','2018-11-20 02:56:00'),(3100,3066,'632701','玉树市','2018-11-20 02:56:00','2018-11-20 02:56:00'),(3101,3066,'632722','杂多县','2018-11-20 02:56:00','2018-11-20 02:56:00'),(3102,3066,'632723','称多县','2018-11-20 02:56:00','2018-11-20 02:56:00'),(3103,3066,'632724','治多县','2018-11-20 02:56:00','2018-11-20 02:56:00'),(3104,3066,'632725','囊谦县','2018-11-20 02:56:00','2018-11-20 02:56:00'),(3105,3066,'632726','曲麻莱县','2018-11-20 02:56:00','2018-11-20 02:56:00'),(3106,3067,'632801','格尔木市','2018-11-20 02:56:00','2018-11-20 02:56:00'),(3107,3067,'632802','德令哈市','2018-11-20 02:56:00','2018-11-20 02:56:00'),(3108,3067,'632821','乌兰县','2018-11-20 02:56:00','2018-11-20 02:56:00'),(3109,3067,'632822','都兰县','2018-11-20 02:56:00','2018-11-20 02:56:00'),(3110,3067,'632823','天峻县','2018-11-20 02:56:00','2018-11-20 02:56:00'),(3111,3067,'632825','海西蒙古族藏族自治州直辖','2018-11-20 02:56:00','2018-11-20 02:56:00'),(3112,31,'640100','银川市','2018-11-20 02:56:00','2018-11-20 02:56:00'),(3113,31,'640200','石嘴山市','2018-11-20 02:56:00','2018-11-20 02:56:00'),(3114,31,'640300','吴忠市','2018-11-20 02:56:00','2018-11-20 02:56:00'),(3115,31,'640400','固原市','2018-11-20 02:56:00','2018-11-20 02:56:00'),(3116,31,'640500','中卫市','2018-11-20 02:56:00','2018-11-20 02:56:00'),(3117,3112,'640104','兴庆区','2018-11-20 02:56:00','2018-11-20 02:56:00'),(3118,3112,'640105','西夏区','2018-11-20 02:56:00','2018-11-20 02:56:00'),(3119,3112,'640106','金凤区','2018-11-20 02:56:00','2018-11-20 02:56:00'),(3120,3112,'640121','永宁县','2018-11-20 02:56:00','2018-11-20 02:56:00'),(3121,3112,'640122','贺兰县','2018-11-20 02:56:00','2018-11-20 02:56:00'),(3122,3112,'640181','灵武市','2018-11-20 02:56:00','2018-11-20 02:56:00'),(3123,3113,'640202','大武口区','2018-11-20 02:56:00','2018-11-20 02:56:00'),(3124,3113,'640205','惠农区','2018-11-20 02:56:00','2018-11-20 02:56:00'),(3125,3113,'640221','平罗县','2018-11-20 02:56:00','2018-11-20 02:56:00'),(3126,3114,'640302','利通区','2018-11-20 02:56:00','2018-11-20 02:56:00'),(3127,3114,'640303','红寺堡区','2018-11-20 02:56:00','2018-11-20 02:56:00'),(3128,3114,'640323','盐池县','2018-11-20 02:56:00','2018-11-20 02:56:00'),(3129,3114,'640324','同心县','2018-11-20 02:56:00','2018-11-20 02:56:00'),(3130,3114,'640381','青铜峡市','2018-11-20 02:56:00','2018-11-20 02:56:00'),(3131,3115,'640402','原州区','2018-11-20 02:56:00','2018-11-20 02:56:00'),(3132,3115,'640422','西吉县','2018-11-20 02:56:00','2018-11-20 02:56:00'),(3133,3115,'640423','隆德县','2018-11-20 02:56:00','2018-11-20 02:56:00'),(3134,3115,'640424','泾源县','2018-11-20 02:56:00','2018-11-20 02:56:00'),(3135,3115,'640425','彭阳县','2018-11-20 02:56:00','2018-11-20 02:56:00'),(3136,3116,'640502','沙坡头区','2018-11-20 02:56:00','2018-11-20 02:56:00'),(3137,3116,'640521','中宁县','2018-11-20 02:56:00','2018-11-20 02:56:00'),(3138,3116,'640522','海原县','2018-11-20 02:56:00','2018-11-20 02:56:00'),(3139,32,'650100','乌鲁木齐市','2018-11-20 02:56:00','2018-11-20 02:56:00'),(3140,32,'650200','克拉玛依市','2018-11-20 02:56:00','2018-11-20 02:56:00'),(3141,32,'650400','吐鲁番市','2018-11-20 02:56:00','2018-11-20 02:56:00'),(3142,32,'650500','哈密市','2018-11-20 02:56:00','2018-11-20 02:56:00'),(3143,32,'652300','昌吉回族自治州','2018-11-20 02:56:00','2018-11-20 02:56:00'),(3144,32,'652700','博尔塔拉蒙古自治州','2018-11-20 02:56:00','2018-11-20 02:56:00'),(3145,32,'652800','巴音郭楞蒙古自治州','2018-11-20 02:56:00','2018-11-20 02:56:00'),(3146,32,'652900','阿克苏地区','2018-11-20 02:56:00','2018-11-20 02:56:00'),(3147,32,'653000','克孜勒苏柯尔克孜自治州','2018-11-20 02:56:00','2018-11-20 02:56:00'),(3148,32,'653100','喀什地区','2018-11-20 02:56:00','2018-11-20 02:56:00'),(3149,32,'653200','和田地区','2018-11-20 02:56:00','2018-11-20 02:56:00'),(3150,32,'654000','伊犁哈萨克自治州','2018-11-20 02:56:00','2018-11-20 02:56:00'),(3151,32,'654200','塔城地区','2018-11-20 02:56:00','2018-11-20 02:56:00'),(3152,32,'654300','阿勒泰地区','2018-11-20 02:56:00','2018-11-20 02:56:00'),(3153,32,'659001','石河子市','2018-11-20 02:56:00','2018-11-20 02:56:00'),(3154,32,'659002','阿拉尔市','2018-11-20 02:56:00','2018-11-20 02:56:00'),(3155,32,'659003','图木舒克市','2018-11-20 02:56:00','2018-11-20 02:56:00'),(3156,32,'659004','五家渠市','2018-11-20 02:56:00','2018-11-20 02:56:00'),(3157,32,'659005','北屯市','2018-11-20 02:56:00','2018-11-20 02:56:00'),(3158,32,'659006','铁门关市','2018-11-20 02:56:00','2018-11-20 02:56:00'),(3159,32,'659007','双河市','2018-11-20 02:56:00','2018-11-20 02:56:00'),(3160,32,'659008','可克达拉市','2018-11-20 02:56:00','2018-11-20 02:56:00'),(3161,32,'659009','昆玉市','2018-11-20 02:56:00','2018-11-20 02:56:00'),(3162,3139,'650102','天山区','2018-11-20 02:56:00','2018-11-20 02:56:00'),(3163,3139,'650103','沙依巴克区','2018-11-20 02:56:00','2018-11-20 02:56:00'),(3164,3139,'650104','新市区','2018-11-20 02:56:00','2018-11-20 02:56:00'),(3165,3139,'650105','水磨沟区','2018-11-20 02:56:00','2018-11-20 02:56:00'),(3166,3139,'650106','头屯河区','2018-11-20 02:56:00','2018-11-20 02:56:00'),(3167,3139,'650107','达坂城区','2018-11-20 02:56:00','2018-11-20 02:56:00'),(3168,3139,'650109','米东区','2018-11-20 02:56:00','2018-11-20 02:56:00'),(3169,3139,'650121','乌鲁木齐县','2018-11-20 02:56:00','2018-11-20 02:56:00'),(3170,3140,'650202','独山子区','2018-11-20 02:56:00','2018-11-20 02:56:00'),(3171,3140,'650203','克拉玛依区','2018-11-20 02:56:00','2018-11-20 02:56:00'),(3172,3140,'650204','白碱滩区','2018-11-20 02:56:00','2018-11-20 02:56:00'),(3173,3140,'650205','乌尔禾区','2018-11-20 02:56:00','2018-11-20 02:56:00'),(3174,3141,'650402','高昌区','2018-11-20 02:56:00','2018-11-20 02:56:00'),(3175,3141,'650421','鄯善县','2018-11-20 02:56:00','2018-11-20 02:56:00'),(3176,3141,'650422','托克逊县','2018-11-20 02:56:00','2018-11-20 02:56:00'),(3177,3142,'650502','伊州区','2018-11-20 02:56:00','2018-11-20 02:56:00'),(3178,3142,'650521','巴里坤哈萨克自治县','2018-11-20 02:56:00','2018-11-20 02:56:00'),(3179,3142,'650522','伊吾县','2018-11-20 02:56:00','2018-11-20 02:56:00'),(3180,3143,'652301','昌吉市','2018-11-20 02:56:00','2018-11-20 02:56:00'),(3181,3143,'652302','阜康市','2018-11-20 02:56:00','2018-11-20 02:56:00'),(3182,3143,'652323','呼图壁县','2018-11-20 02:56:00','2018-11-20 02:56:00'),(3183,3143,'652324','玛纳斯县','2018-11-20 02:56:00','2018-11-20 02:56:00'),(3184,3143,'652325','奇台县','2018-11-20 02:56:00','2018-11-20 02:56:00'),(3185,3143,'652327','吉木萨尔县','2018-11-20 02:56:00','2018-11-20 02:56:00'),(3186,3143,'652328','木垒哈萨克自治县','2018-11-20 02:56:00','2018-11-20 02:56:00'),(3187,3144,'652701','博乐市','2018-11-20 02:56:00','2018-11-20 02:56:00'),(3188,3144,'652702','阿拉山口市','2018-11-20 02:56:00','2018-11-20 02:56:00'),(3189,3144,'652722','精河县','2018-11-20 02:56:00','2018-11-20 02:56:00'),(3190,3144,'652723','温泉县','2018-11-20 02:56:00','2018-11-20 02:56:00'),(3191,3145,'652801','库尔勒市','2018-11-20 02:56:00','2018-11-20 02:56:00'),(3192,3145,'652822','轮台县','2018-11-20 02:56:00','2018-11-20 02:56:00'),(3193,3145,'652823','尉犁县','2018-11-20 02:56:00','2018-11-20 02:56:00'),(3194,3145,'652824','若羌县','2018-11-20 02:56:00','2018-11-20 02:56:00'),(3195,3145,'652825','且末县','2018-11-20 02:56:00','2018-11-20 02:56:00'),(3196,3145,'652826','焉耆回族自治县','2018-11-20 02:56:00','2018-11-20 02:56:00'),(3197,3145,'652827','和静县','2018-11-20 02:56:00','2018-11-20 02:56:00'),(3198,3145,'652828','和硕县','2018-11-20 02:56:00','2018-11-20 02:56:00'),(3199,3145,'652829','博湖县','2018-11-20 02:56:00','2018-11-20 02:56:00'),(3200,3146,'652901','阿克苏市','2018-11-20 02:56:00','2018-11-20 02:56:00'),(3201,3146,'652922','温宿县','2018-11-20 02:56:00','2018-11-20 02:56:00'),(3202,3146,'652923','库车县','2018-11-20 02:56:00','2018-11-20 02:56:00'),(3203,3146,'652924','沙雅县','2018-11-20 02:56:00','2018-11-20 02:56:00'),(3204,3146,'652925','新和县','2018-11-20 02:56:00','2018-11-20 02:56:00'),(3205,3146,'652926','拜城县','2018-11-20 02:56:00','2018-11-20 02:56:00'),(3206,3146,'652927','乌什县','2018-11-20 02:56:00','2018-11-20 02:56:00'),(3207,3146,'652928','阿瓦提县','2018-11-20 02:56:00','2018-11-20 02:56:00'),(3208,3146,'652929','柯坪县','2018-11-20 02:56:00','2018-11-20 02:56:00'),(3209,3147,'653001','阿图什市','2018-11-20 02:56:00','2018-11-20 02:56:00'),(3210,3147,'653022','阿克陶县','2018-11-20 02:56:00','2018-11-20 02:56:00'),(3211,3147,'653023','阿合奇县','2018-11-20 02:56:00','2018-11-20 02:56:00'),(3212,3147,'653024','乌恰县','2018-11-20 02:56:00','2018-11-20 02:56:00'),(3213,3148,'653101','喀什市','2018-11-20 02:56:00','2018-11-20 02:56:00'),(3214,3148,'653121','疏附县','2018-11-20 02:56:00','2018-11-20 02:56:00'),(3215,3148,'653122','疏勒县','2018-11-20 02:56:00','2018-11-20 02:56:00'),(3216,3148,'653123','英吉沙县','2018-11-20 02:56:00','2018-11-20 02:56:00'),(3217,3148,'653124','泽普县','2018-11-20 02:56:00','2018-11-20 02:56:00'),(3218,3148,'653125','莎车县','2018-11-20 02:56:00','2018-11-20 02:56:00'),(3219,3148,'653126','叶城县','2018-11-20 02:56:00','2018-11-20 02:56:00'),(3220,3148,'653127','麦盖提县','2018-11-20 02:56:00','2018-11-20 02:56:00'),(3221,3148,'653128','岳普湖县','2018-11-20 02:56:00','2018-11-20 02:56:00'),(3222,3148,'653129','伽师县','2018-11-20 02:56:00','2018-11-20 02:56:00'),(3223,3148,'653130','巴楚县','2018-11-20 02:56:00','2018-11-20 02:56:00'),(3224,3148,'653131','塔什库尔干塔吉克自治县','2018-11-20 02:56:00','2018-11-20 02:56:00'),(3225,3149,'653201','和田市','2018-11-20 02:56:00','2018-11-20 02:56:00'),(3226,3149,'653221','和田县','2018-11-20 02:56:00','2018-11-20 02:56:00'),(3227,3149,'653222','墨玉县','2018-11-20 02:56:00','2018-11-20 02:56:00'),(3228,3149,'653223','皮山县','2018-11-20 02:56:00','2018-11-20 02:56:00'),(3229,3149,'653224','洛浦县','2018-11-20 02:56:00','2018-11-20 02:56:00'),(3230,3149,'653225','策勒县','2018-11-20 02:56:00','2018-11-20 02:56:00'),(3231,3149,'653226','于田县','2018-11-20 02:56:00','2018-11-20 02:56:00'),(3232,3149,'653227','民丰县','2018-11-20 02:56:00','2018-11-20 02:56:00'),(3233,3150,'654002','伊宁市','2018-11-20 02:56:00','2018-11-20 02:56:00'),(3234,3150,'654003','奎屯市','2018-11-20 02:56:00','2018-11-20 02:56:00'),(3235,3150,'654004','霍尔果斯市','2018-11-20 02:56:00','2018-11-20 02:56:00'),(3236,3150,'654021','伊宁县','2018-11-20 02:56:00','2018-11-20 02:56:00'),(3237,3150,'654022','察布查尔锡伯自治县','2018-11-20 02:56:00','2018-11-20 02:56:00'),(3238,3150,'654023','霍城县','2018-11-20 02:56:00','2018-11-20 02:56:00'),(3239,3150,'654024','巩留县','2018-11-20 02:56:00','2018-11-20 02:56:00'),(3240,3150,'654025','新源县','2018-11-20 02:56:00','2018-11-20 02:56:00'),(3241,3150,'654026','昭苏县','2018-11-20 02:56:00','2018-11-20 02:56:00'),(3242,3150,'654027','特克斯县','2018-11-20 02:56:00','2018-11-20 02:56:00'),(3243,3150,'654028','尼勒克县','2018-11-20 02:56:00','2018-11-20 02:56:00'),(3244,3151,'654201','塔城市','2018-11-20 02:56:00','2018-11-20 02:56:00'),(3245,3151,'654202','乌苏市','2018-11-20 02:56:00','2018-11-20 02:56:00'),(3246,3151,'654221','额敏县','2018-11-20 02:56:00','2018-11-20 02:56:00'),(3247,3151,'654223','沙湾县','2018-11-20 02:56:00','2018-11-20 02:56:00'),(3248,3151,'654224','托里县','2018-11-20 02:56:00','2018-11-20 02:56:00'),(3249,3151,'654225','裕民县','2018-11-20 02:56:00','2018-11-20 02:56:00'),(3250,3151,'654226','和布克赛尔蒙古自治县','2018-11-20 02:56:00','2018-11-20 02:56:00'),(3251,3152,'654301','阿勒泰市','2018-11-20 02:56:00','2018-11-20 02:56:00'),(3252,3152,'654321','布尔津县','2018-11-20 02:56:00','2018-11-20 02:56:00'),(3253,3152,'654322','富蕴县','2018-11-20 02:56:00','2018-11-20 02:56:00'),(3254,3152,'654323','福海县','2018-11-20 02:56:00','2018-11-20 02:56:00'),(3255,3152,'654324','哈巴河县','2018-11-20 02:56:00','2018-11-20 02:56:00'),(3256,3152,'654325','青河县','2018-11-20 02:56:00','2018-11-20 02:56:00'),(3257,3152,'654326','吉木乃县','2018-11-20 02:56:00','2018-11-20 02:56:00'),(3258,3153,'659001','石河子市','2018-11-20 02:56:00','2018-11-20 02:56:00'),(3259,3154,'659002','阿拉尔市','2018-11-20 02:56:00','2018-11-20 02:56:00'),(3260,3155,'659003','图木舒克市','2018-11-20 02:56:00','2018-11-20 02:56:00'),(3261,3156,'659004','五家渠市','2018-11-20 02:56:00','2018-11-20 02:56:00'),(3262,3157,'659005','北屯市','2018-11-20 02:56:00','2018-11-20 02:56:00'),(3263,3158,'659006','铁门关市','2018-11-20 02:56:00','2018-11-20 02:56:00'),(3264,3159,'659007','双河市','2018-11-20 02:56:00','2018-11-20 02:56:00'),(3265,3160,'659008','可克达拉市','2018-11-20 02:56:00','2018-11-20 02:56:00'),(3266,3161,'659009','昆玉市','2018-11-20 02:56:00','2018-11-20 02:56:00'),(3267,34,'810100','香港城区','2018-11-20 02:56:00','2018-11-20 02:56:00'),(3268,3267,'810101','中西区','2018-11-20 02:56:00','2018-11-20 02:56:00'),(3269,3267,'810102','湾仔区','2018-11-20 02:56:00','2018-11-20 02:56:00'),(3270,3267,'810103','东区','2018-11-20 02:56:00','2018-11-20 02:56:00'),(3271,3267,'810104','南区','2018-11-20 02:56:00','2018-11-20 02:56:00'),(3272,3267,'810105','油尖旺区','2018-11-20 02:56:00','2018-11-20 02:56:00'),(3273,3267,'810106','深水埗区','2018-11-20 02:56:00','2018-11-20 02:56:00'),(3274,3267,'810107','九龙城区','2018-11-20 02:56:00','2018-11-20 02:56:00'),(3275,3267,'810108','黄大仙区','2018-11-20 02:56:00','2018-11-20 02:56:00'),(3276,3267,'810109','观塘区','2018-11-20 02:56:00','2018-11-20 02:56:00'),(3277,3267,'810110','荃湾区','2018-11-20 02:56:00','2018-11-20 02:56:00'),(3278,3267,'810111','屯门区','2018-11-20 02:56:00','2018-11-20 02:56:00'),(3279,3267,'810112','元朗区','2018-11-20 02:56:00','2018-11-20 02:56:00'),(3280,3267,'810113','北区','2018-11-20 02:56:00','2018-11-20 02:56:00'),(3281,3267,'810114','大埔区','2018-11-20 02:56:00','2018-11-20 02:56:00'),(3282,3267,'810115','西贡区','2018-11-20 02:56:00','2018-11-20 02:56:00'),(3283,3267,'810116','沙田区','2018-11-20 02:56:00','2018-11-20 02:56:00'),(3284,3267,'810117','葵青区','2018-11-20 02:56:00','2018-11-20 02:56:00'),(3285,3267,'810118','离岛区','2018-11-20 02:56:00','2018-11-20 02:56:00'),(3286,35,'820100','澳门城区','2018-11-20 02:56:00','2018-11-20 02:56:00'),(3287,3286,'820101','花地玛堂区','2018-11-20 02:56:00','2018-11-20 02:56:00'),(3288,3286,'820102','花王堂区','2018-11-20 02:56:00','2018-11-20 02:56:00'),(3289,3286,'820103','望德堂区','2018-11-20 02:56:00','2018-11-20 02:56:00'),(3290,3286,'820104','大堂区','2018-11-20 02:56:00','2018-11-20 02:56:00'),(3291,3286,'820105','风顺堂区','2018-11-20 02:56:00','2018-11-20 02:56:00'),(3292,3286,'820106','嘉模堂区','2018-11-20 02:56:00','2018-11-20 02:56:00'),(3293,3286,'820107','路凼填海区','2018-11-20 02:56:00','2018-11-20 02:56:00'),(3294,3286,'820108','圣方济各堂区','2018-11-20 02:56:00','2018-11-20 02:25:45'),(110101,36,'11000','东城区',NULL,NULL),(110102,36,'110100','西城区',NULL,NULL),(110105,36,'110100','朝阳区',NULL,NULL),(110106,36,'110100','丰台区',NULL,NULL),(110107,36,'110100','石景山区',NULL,NULL),(110108,36,'110100','海淀区',NULL,NULL),(110109,36,'110100','门头沟区',NULL,NULL),(110111,36,'110100','房山区',NULL,NULL),(110112,36,'110100','通州区',NULL,NULL),(110113,36,'110100','顺义区',NULL,NULL),(110114,36,'110100','昌平区',NULL,NULL),(110115,36,'110100','大兴区',NULL,NULL),(110116,36,'110100','怀柔区',NULL,NULL),(110117,36,'110100','平谷区',NULL,NULL),(110118,36,'110100','密云区',NULL,NULL),(110119,36,'110100','延庆区',NULL,NULL);
/*!40000 ALTER TABLE `wy_sys_area` ENABLE KEYS */;
UNLOCK TABLES;

--
-- Table structure for table `wy_sys_company`
--

DROP TABLE IF EXISTS `wy_sys_company`;
/*!40101 SET @saved_cs_client     = @@character_set_client */;
/*!40101 SET character_set_client = utf8 */;
CREATE TABLE `wy_sys_company` (
  `id` bigint(20) unsigned NOT NULL AUTO_INCREMENT,
  `name` varchar(100) COLLATE utf8_unicode_ci NOT NULL DEFAULT '' COMMENT '公司名称',
  `alias_name` varchar(16) COLLATE utf8_unicode_ci DEFAULT NULL,
  `credit_code` varchar(30) COLLATE utf8_unicode_ci DEFAULT NULL COMMENT '营业执照号',
  `contact_per` varchar(20) COLLATE utf8_unicode_ci DEFAULT NULL COMMENT '联系人',
  `tel` varchar(20) COLLATE utf8_unicode_ci DEFAULT NULL COMMENT '联系电话',
  `province_id` int(6) DEFAULT NULL COMMENT '省份id',
  `city_id` int(11) DEFAULT NULL COMMENT '城市id',
  `district_id` int(11) DEFAULT NULL COMMENT '区id',
  `address` varchar(255) COLLATE utf8_unicode_ci DEFAULT NULL COMMENT '地址',
  `logo` varchar(100) COLLATE utf8_unicode_ci DEFAULT NULL COMMENT '企业logo',
  `config` json DEFAULT NULL COMMENT '配置',
  `product_id` int(1) DEFAULT NULL COMMENT '关联产品',
  `proj_count` tinyint(4) NOT NULL DEFAULT '1' COMMENT '项目数量',
  `remark` varchar(500) COLLATE utf8_unicode_ci DEFAULT '' COMMENT '备注',
  `expire_date` date DEFAULT NULL,
  `created_at` datetime DEFAULT NULL,
  `updated_at` datetime DEFAULT NULL,
  PRIMARY KEY (`id`)
) ENGINE=InnoDB AUTO_INCREMENT=5 DEFAULT CHARSET=utf8 COLLATE=utf8_unicode_ci;
/*!40101 SET character_set_client = @saved_cs_client */;

--
-- Dumping data for table `wy_sys_company`
--

LOCK TABLES `wy_sys_company` WRITE;
/*!40000 ALTER TABLE `wy_sys_company` DISABLE KEYS */;
INSERT INTO `wy_sys_company` VALUES (1,'北京中软星图信息技术有限公司',NULL,NULL,'张三丰','15827068282',120000,120100,120102,'北京市朝阳区绿地中心c座','public/upload/logo/08e527fb20f43da6a0ae16e5f93e3045.jpg','{\"private_num\": 20, \"private_hold_day\": 20}',1,4,'123133','2021-09-30','2020-04-30 00:00:00','2021-05-17 19:04:17'),(2,'北京东方产业园',NULL,NULL,'李振华','18500387771',110000,110100,110101,'一单元1号楼1101','public/upload/logo/6d0c16f28fc8d23446f1bd90dce2af29.jpg','{\"private_num\": 20, \"private_hold_day\": 20}',3,1,'北京东方产业园','2021-09-30','2020-05-06 00:00:00','2020-07-10 17:57:35'),(4,'测试公司',NULL,NULL,'张三','15827068282',NULL,NULL,NULL,NULL,NULL,NULL,NULL,2,NULL,NULL,'2020-07-16 15:45:18','2020-07-16 15:45:18');
/*!40000 ALTER TABLE `wy_sys_company` ENABLE KEYS */;
UNLOCK TABLES;

--
-- Table structure for table `wy_sys_company_module`
--

DROP TABLE IF EXISTS `wy_sys_company_module`;
/*!40101 SET @saved_cs_client     = @@character_set_client */;
/*!40101 SET character_set_client = utf8 */;
CREATE TABLE `wy_sys_company_module` (
  `id` int(10) unsigned NOT NULL AUTO_INCREMENT,
  `company_id` int(60) NOT NULL,
  `module_id` int(255) NOT NULL,
  `created_at` timestamp NULL DEFAULT NULL,
  `updated_at` timestamp NULL DEFAULT NULL,
  PRIMARY KEY (`id`)
) ENGINE=InnoDB AUTO_INCREMENT=2 DEFAULT CHARSET=utf8 COLLATE=utf8_unicode_ci;
/*!40101 SET character_set_client = @saved_cs_client */;

--
-- Dumping data for table `wy_sys_company_module`
--

LOCK TABLES `wy_sys_company_module` WRITE;
/*!40000 ALTER TABLE `wy_sys_company_module` DISABLE KEYS */;
INSERT INTO `wy_sys_company_module` VALUES (1,1,1,'2020-05-04 23:59:46','2020-05-04 23:59:46');
/*!40000 ALTER TABLE `wy_sys_company_module` ENABLE KEYS */;
UNLOCK TABLES;

--
-- Table structure for table `wy_sys_module`
--

DROP TABLE IF EXISTS `wy_sys_module`;
/*!40101 SET @saved_cs_client     = @@character_set_client */;
/*!40101 SET character_set_client = utf8 */;
CREATE TABLE `wy_sys_module` (
  `id` int(10) unsigned NOT NULL AUTO_INCREMENT,
  `title` varchar(190) COLLATE utf8_unicode_ci NOT NULL,
  `name` varchar(60) COLLATE utf8_unicode_ci NOT NULL,
  `price` decimal(10,2) DEFAULT '0.00',
  `created_at` timestamp NULL DEFAULT NULL,
  `updated_at` timestamp NULL DEFAULT NULL,
  PRIMARY KEY (`id`)
) ENGINE=InnoDB AUTO_INCREMENT=5 DEFAULT CHARSET=utf8 COLLATE=utf8_unicode_ci;
/*!40101 SET character_set_client = @saved_cs_client */;

--
-- Dumping data for table `wy_sys_module`
--

LOCK TABLES `wy_sys_module` WRITE;
/*!40000 ALTER TABLE `wy_sys_module` DISABLE KEYS */;
INSERT INTO `wy_sys_module` VALUES (1,'招商模块','business',1000.00,'2020-05-04 23:59:46','2020-05-04 23:59:46'),(2,'统计分析','BI',1000.00,'2020-05-06 15:18:57','2020-05-06 15:18:57'),(3,'运营管理','property',2000.00,'2020-05-06 15:19:41','2020-05-24 05:11:29'),(4,'系统设置','sysconfig',0.00,'2020-05-22 02:21:25','2020-05-22 02:21:25');
/*!40000 ALTER TABLE `wy_sys_module` ENABLE KEYS */;
UNLOCK TABLES;

--
-- Table structure for table `wy_sys_order`
--

DROP TABLE IF EXISTS `wy_sys_order`;
/*!40101 SET @saved_cs_client     = @@character_set_client */;
/*!40101 SET character_set_client = utf8 */;
CREATE TABLE `wy_sys_order` (
  `id` int(11) NOT NULL AUTO_INCREMENT,
  `order_no` varchar(20) DEFAULT NULL COMMENT '订单号',
  `product_id` int(1) DEFAULT NULL,
  `status` int(1) NOT NULL DEFAULT '1' COMMENT '订单状态',
  `paytime` timestamp NULL DEFAULT NULL COMMENT '支付时间',
  `company_id` int(1) NOT NULL DEFAULT '0' COMMENT '客户ID',
  `month` int(1) NOT NULL DEFAULT '0' COMMENT '购买时长',
  `price` decimal(8,2) NOT NULL DEFAULT '0.00' COMMENT '单价',
  `amount` decimal(10,2) NOT NULL DEFAULT '0.00' COMMENT '购买价格',
  `content` varchar(512) DEFAULT '' COMMENT '备注',
  `c_uid` int(11) NOT NULL DEFAULT '0' COMMENT '创建用户ID',
  `c_username` varchar(20) NOT NULL DEFAULT '' COMMENT '创建用户',
  `created_at` datetime DEFAULT NULL COMMENT '创建时间',
  `updated_at` datetime DEFAULT NULL COMMENT '更新时间',
  `deleted_at` datetime DEFAULT NULL COMMENT '删除时间',
  PRIMARY KEY (`id`)
) ENGINE=InnoDB AUTO_INCREMENT=2 DEFAULT CHARSET=utf8;
/*!40101 SET character_set_client = @saved_cs_client */;

--
-- Dumping data for table `wy_sys_order`
--

LOCK TABLES `wy_sys_order` WRITE;
/*!40000 ALTER TABLE `wy_sys_order` DISABLE KEYS */;
INSERT INTO `wy_sys_order` VALUES (1,'WY20200502346653',1,1,NULL,1,6,600.00,3600.00,'',2,'薛伟','2020-06-30 15:22:45','2020-06-30 15:22:45',NULL);
/*!40000 ALTER TABLE `wy_sys_order` ENABLE KEYS */;
UNLOCK TABLES;

--
-- Table structure for table `wy_sys_product`
--

DROP TABLE IF EXISTS `wy_sys_product`;
/*!40101 SET @saved_cs_client     = @@character_set_client */;
/*!40101 SET character_set_client = utf8 */;
CREATE TABLE `wy_sys_product` (
  `id` int(11) NOT NULL AUTO_INCREMENT,
  `name` varchar(50) NOT NULL DEFAULT '' COMMENT '产品名称',
  `en_name` varchar(20) DEFAULT NULL,
  `price` decimal(10,2) DEFAULT NULL COMMENT '价格',
  `created_at` datetime DEFAULT NULL COMMENT '创建时间',
  `updated_at` datetime DEFAULT NULL COMMENT '更新时间',
  `deleted_at` datetime DEFAULT NULL COMMENT '删除时间',
  PRIMARY KEY (`id`)
) ENGINE=InnoDB AUTO_INCREMENT=4 DEFAULT CHARSET=utf8;
/*!40101 SET character_set_client = @saved_cs_client */;

--
-- Dumping data for table `wy_sys_product`
--

LOCK TABLES `wy_sys_product` WRITE;
/*!40000 ALTER TABLE `wy_sys_product` DISABLE KEYS */;
INSERT INTO `wy_sys_product` VALUES (1,'试用版','trial',0.00,'2020-05-11 09:00:19','2020-05-11 09:00:19',NULL),(2,'普通版','common',600.00,'2020-06-30 15:22:45','2020-07-16 12:12:23',NULL),(3,'高级版','vip',1000.00,'2020-06-30 15:22:45','2020-06-30 15:22:45',NULL);
/*!40000 ALTER TABLE `wy_sys_product` ENABLE KEYS */;
UNLOCK TABLES;

--
-- Table structure for table `wy_sys_role`
--

DROP TABLE IF EXISTS `wy_sys_role`;
/*!40101 SET @saved_cs_client     = @@character_set_client */;
/*!40101 SET character_set_client = utf8 */;
CREATE TABLE `wy_sys_role` (
  `id` int(10) unsigned NOT NULL AUTO_INCREMENT,
  `company_id` int(11) DEFAULT '0' COMMENT '公司id',
  `name` varchar(60) COLLATE utf8_unicode_ci NOT NULL,
  `menu_list` varchar(256) COLLATE utf8_unicode_ci NOT NULL COMMENT '页面列表',
  `permission` varchar(255) COLLATE utf8_unicode_ci DEFAULT NULL,
  `remark` varchar(256) COLLATE utf8_unicode_ci DEFAULT NULL COMMENT '备注',
  `created_at` timestamp NULL DEFAULT NULL,
  `updated_at` timestamp NULL DEFAULT NULL,
  `deleted_at` timestamp NULL DEFAULT NULL COMMENT '删除时间',
  PRIMARY KEY (`id`),
  KEY `idx_name` (`name`)
) ENGINE=InnoDB AUTO_INCREMENT=6 DEFAULT CHARSET=utf8 COLLATE=utf8_unicode_ci;
/*!40101 SET character_set_client = @saved_cs_client */;

--
-- Dumping data for table `wy_sys_role`
--

LOCK TABLES `wy_sys_role` WRITE;
/*!40000 ALTER TABLE `wy_sys_role` DISABLE KEYS */;
INSERT INTO `wy_sys_role` VALUES (2,0,'管理员','1-2,1-2-1,1-2-3,1-2-5,1-3,1-3-1,1-3-3,1-4,1-4-1,1-4-3,1-5,1-5-1,2-2,2-2-1,2-2-3,2-2-5,2-3-1,2-3,2-4,2-4-1,1-6,1-6-1,1-6-3,1-6-5,1-7,1-7-1,1-7-3,1-5-3,2-5,2-5-3,2-5-5,2-5-7','*','test','2020-05-04 23:59:46','2020-07-13 15:17:54',NULL),(5,1,'运营管理','1-1,1-2,2-1,1-3-1,1-3-3,1-2-5,1-2-3,1-2-1,1-4,1-4-1,1-4-3,1-3,1-5,1-5-1,1-6,1-6-1,1-6-3,1-6-5,1-7,1-7-1,1-7-3','*','运营管理','2020-07-05 15:33:30','2020-11-27 06:36:01',NULL);
/*!40000 ALTER TABLE `wy_sys_role` ENABLE KEYS */;
UNLOCK TABLES;

--
-- Table structure for table `wy_sys_user_group`
--

DROP TABLE IF EXISTS `wy_sys_user_group`;
/*!40101 SET @saved_cs_client     = @@character_set_client */;
/*!40101 SET character_set_client = utf8 */;
CREATE TABLE `wy_sys_user_group` (
  `id` int(10) unsigned NOT NULL AUTO_INCREMENT,
  `name` varchar(60) COLLATE utf8_unicode_ci NOT NULL,
  `project_limit` varchar(255) COLLATE utf8_unicode_ci NOT NULL,
  `remark` varchar(200) COLLATE utf8_unicode_ci DEFAULT '',
  `company_id` int(1) NOT NULL,
  `c_uid` int(10) NOT NULL,
  `created_at` timestamp NULL DEFAULT NULL,
  `updated_at` timestamp NULL DEFAULT NULL,
  `deleted_at` timestamp NULL DEFAULT NULL,
  PRIMARY KEY (`id`)
) ENGINE=InnoDB AUTO_INCREMENT=4 DEFAULT CHARSET=utf8 COLLATE=utf8_unicode_ci;
/*!40101 SET character_set_client = @saved_cs_client */;

--
-- Dumping data for table `wy_sys_user_group`
--

LOCK TABLES `wy_sys_user_group` WRITE;
/*!40000 ALTER TABLE `wy_sys_user_group` DISABLE KEYS */;
INSERT INTO `wy_sys_user_group` VALUES (1,'湖北项目组','1,2','泛海、江汉路项目',1,2,'2020-06-01 03:58:12','2021-05-15 04:00:24',NULL),(2,'北京项目组','1,2,3','test',2,2,'2020-06-01 13:39:09','2020-07-04 04:49:12',NULL),(3,'郎园','1',NULL,1,1,'2020-11-25 06:55:30','2020-11-25 07:49:46',NULL);
/*!40000 ALTER TABLE `wy_sys_user_group` ENABLE KEYS */;
UNLOCK TABLES;

--
-- Table structure for table `wy_users`
--

DROP TABLE IF EXISTS `wy_users`;
/*!40101 SET @saved_cs_client     = @@character_set_client */;
/*!40101 SET character_set_client = utf8 */;
CREATE TABLE `wy_users` (
  `id` bigint(20) unsigned NOT NULL AUTO_INCREMENT,
  `name` varchar(16) COLLATE utf8_unicode_ci NOT NULL DEFAULT '',
  `realname` varchar(16) COLLATE utf8_unicode_ci DEFAULT NULL,
  `email` varchar(255) COLLATE utf8_unicode_ci DEFAULT '',
  `phone` varchar(11) COLLATE utf8_unicode_ci DEFAULT NULL,
  `password` varchar(255) COLLATE utf8_unicode_ci NOT NULL,
  `remember_token` varchar(100) COLLATE utf8_unicode_ci DEFAULT NULL,
  `company_id` int(11) NOT NULL DEFAULT '0',
  `role_id` int(12) NOT NULL,
  `group_id` int(1) DEFAULT NULL COMMENT '用户组',
  `wechat_openid` varchar(128) COLLATE utf8_unicode_ci DEFAULT NULL COMMENT '微信OpenID',
  `avatar` varchar(256) COLLATE utf8_unicode_ci DEFAULT NULL COMMENT '头像',
  `is_vaild` tinyint(4) DEFAULT '1' COMMENT '1启用2禁用',
  `is_admin` tinyint(4) DEFAULT '0' COMMENT '是否主账号',
  `c_uid` int(11) DEFAULT NULL,
  `u_uid` int(11) DEFAULT NULL,
  `remark` varchar(500) COLLATE utf8_unicode_ci DEFAULT NULL,
  `created_at` timestamp NULL DEFAULT NULL,
  `updated_at` timestamp NULL DEFAULT NULL,
  `deleted_at` timestamp NULL DEFAULT NULL,
  PRIMARY KEY (`id`),
  KEY `idx_company_id` (`company_id`),
  KEY `idx_name_passwd` (`name`,`password`)
) ENGINE=InnoDB AUTO_INCREMENT=15 DEFAULT CHARSET=utf8 COLLATE=utf8_unicode_ci;
/*!40101 SET character_set_client = @saved_cs_client */;

--
-- Dumping data for table `wy_users`
--

LOCK TABLES `wy_users` WRITE;
/*!40000 ALTER TABLE `wy_users` DISABLE KEYS */;
INSERT INTO `wy_users` VALUES (1,'xuewei','薛伟','xuewei@qq.com','15827068283','$2y$10$qk6twdZP0ljWEld4lCi5RO/AsdRXZo1FLkJ82B7ZLK2AD0M2OHzIK',NULL,1,2,3,'','business/1/20200701/iWDGFTmYqU4LtRnT1XOZhHigdyAAs44jgh3DinoT.png',1,1,1,1,'15827068283','2020-06-30 07:22:45','2020-11-25 07:16:22',NULL),(2,'test','李振华','892100089@qq.com','18500387771','$2y$10$q1W6xv/exJIlBzfvOmsPsuIXiqephpfULeMsy/vUEKGM2ubQojE.y',NULL,1,2,1,'','business/1/20200702/tH38mLSgt9Te1lNDvaNfmrn4G1ISN3BIbTkEAuqp.jpeg',1,1,1,2,NULL,'2020-05-07 12:57:26','2021-05-15 15:44:54',NULL),(8,'test2','test2','','15801120112','$2y$10$MyDf/XqKUyDE4v59AfLMoOARf0iVd5k1XAvIe2cn6T/tTFumKe9OC',NULL,1,2,1,'',NULL,1,0,2,NULL,NULL,'2020-05-07 12:57:26','2020-07-20 08:11:39',NULL),(9,'xuewei3','xuewei3','','15827068888','$2y$10$bjXEtciQQU2IuQ5.KwQTBO1X1j3iXTBkeUr7sGS2itySc2qGFfn/K',NULL,1,2,1,'',NULL,0,0,1,1,NULL,'2020-05-24 12:04:59','2020-07-11 15:56:41',NULL),(10,'xuewei4','xuewei4','','15827068280','$2y$10$0FU6Wk3S3AEqAB.xjiE.fexP46u667o/3t/RPAtJvi.hKqijMzAvS',NULL,1,2,1,'',NULL,0,0,1,1,NULL,'2020-05-24 12:07:36','2020-07-11 16:19:12',NULL),(11,'xuewei6','薛伟6','','15827008285','$2y$10$tZ1JPfaoo8WKOBgo4omX2uUhz1irhyNzTeWtrW.J65s9idB1pkfq6',NULL,1,2,1,'',NULL,0,0,1,NULL,NULL,'2020-05-24 13:56:20','2020-07-11 16:19:12',NULL),(12,'test2','李振华','892100089@qq.com','18500387771','$2y$10$q1W6xv/exJIlBzfvOmsPsuIXiqephpfULeMsy/vUEKGM2ubQojE.y',NULL,2,2,1,'','business/1/20200702/tH38mLSgt9Te1lNDvaNfmrn4G1ISN3BIbTkEAuqp.jpeg',0,1,1,2,NULL,'2020-05-07 12:57:26','2020-07-13 06:08:45',NULL),(13,'首创郎园测试','首创测试','','13552000000','$2y$10$By7oG52xRFc01t8OZmEUk.ALe8RXNLtIAIzsKl/ELoijtXpUulDyG',NULL,1,5,3,NULL,NULL,0,0,1,NULL,NULL,'2020-11-25 07:10:39','2021-05-15 15:29:32',NULL),(14,'首创郎园测试2','首创测试2','','13552001111','$2y$10$1ryAAh//q/Z6DOgYPj1DKuOVhc/FUgr7pOCxrhN950phjBTX86W7W',NULL,1,5,3,NULL,NULL,1,0,13,NULL,NULL,'2020-11-25 07:18:18','2021-05-15 15:45:08',NULL);
/*!40000 ALTER TABLE `wy_users` ENABLE KEYS */;
UNLOCK TABLES;
/*!40103 SET TIME_ZONE=@OLD_TIME_ZONE */;

/*!40101 SET SQL_MODE=@OLD_SQL_MODE */;
/*!40014 SET FOREIGN_KEY_CHECKS=@OLD_FOREIGN_KEY_CHECKS */;
/*!40014 SET UNIQUE_CHECKS=@OLD_UNIQUE_CHECKS */;
/*!40101 SET CHARACTER_SET_CLIENT=@OLD_CHARACTER_SET_CLIENT */;
/*!40101 SET CHARACTER_SET_RESULTS=@OLD_CHARACTER_SET_RESULTS */;
/*!40101 SET COLLATION_CONNECTION=@OLD_COLLATION_CONNECTION */;
/*!40111 SET SQL_NOTES=@OLD_SQL_NOTES */;

-- Dump completed on 2021-05-20 10:08:38
